fecha_scoring,codigo_punto,fecha_corte,nombre_punto,estado_actual,estado_actual_norm,segmento_operativo,departamento,municipio,red_cb,probabilidad_riesgo_90d,probabilidad_riesgo_90d_raw,nivel_modelo,nivel_riesgo_reglas,nivel_alerta_final,ranking_global,ranking_segmento,flag_top500_preventivo,flag_nuevo_top500_preventivo,perdida_esperada_modelo,saldo_expuesto,dias_sin_compensar,dias_sin_transacciones,consumo_cupo_punto,consumo_cupo_visual,score_riesgo_reglas,motivo_alerta,accion_recomendada,accion_final_produccion
2026-05-11,49202,2026-04-30,BARRIO JUAN XXIII MONTERIA 2,ACTIVO,ACTIVO,PREVENTIVO,CÓRDOBA,MONTERÍA,WOMPI,0.626047988173018,0.9931158736656877,Crítico,Crítico,Crítico,191,1,1,0,16606921.84602211,26526595.66,33.0,33.0,0.9824665059259259,0.9824665059259259,85.0,"33 días sin compensar | 33 días sin transacciones | consumo cupo 98% | saldo expuesto $26,526,596",Bloqueo/validación inmediata + gestión prioritaria,"Gestión preventiva inmediata: validar saldo, contactar CB y evaluar bloqueo preventivo."
2026-05-11,35409,2026-04-30,BARRIO CENTRO ITAGUI 2,ACTIVO,ACTIVO,PREVENTIVO,ANTIOQUIA,ITAGÜÍ,WOMPI,0.39898797760187354,0.9815373390122659,Crítico,Crítico,Crítico,282,2,1,0,14704053.598952245,36853375.1,25.0,41.0,0.9960371648648649,0.9960371648648649,80.0,"41 días sin transacciones | consumo cupo 100% | saldo expuesto $36,853,375 | mora operativa 31-60",Bloqueo/validación inmediata + gestión prioritaria,"Gestión preventiva inmediata: validar saldo, contactar CB y evaluar bloqueo preventivo."
2026-05-11,59154,2026-04-30,BARRIO MI RANCHITO BATEAS PUERTO GAITAN,ACTIVO,ACTIVO,PREVENTIVO,META,PUERTO GAITÁN,WOMPI,0.610367991021557,0.9926079124327494,Crítico,Crítico,Crítico,666,3,1,0,9114583.704901522,14932932.0,221.0,30.0,0.9955288,0.9955288,100.0,"221 días sin compensar | 30 días sin transacciones | consumo cupo 100% | saldo expuesto $14,932,932",Bloqueo/validación inmediata + gestión prioritaria,"Gestión preventiva inmediata: validar saldo, contactar CB y evaluar bloqueo preventivo."
2026-05-11,62398,2026-04-30,BARRIO CATATUMBO VILLAVICENCIO,ACTIVO,ACTIVO,PREVENTIVO,META,VILLAVICENCIO,WOMPI,0.46391388844250786,0.986066907900229,Crítico,Crítico,Crítico,930,4,1,0,7299188.646782228,15733930.0,26.0,50.0,3.596326857142857,3.596326857142857,80.0,"50 días sin transacciones | consumo cupo 360% | saldo expuesto $15,733,930 | mora operativa 31-60",Bloqueo/validación inmediata + gestión prioritaria,"Gestión preventiva inmediata: validar saldo, contactar CB y evaluar bloqueo preventivo."
2026-05-11,70960,2026-04-30,BARRIO CARVAJAL BOGOTA 15,ACTIVO,ACTIVO,PREVENTIVO,CUNDINAMARCA,BOGOTÁ,WOMPI,0.6322246071818758,0.9933084721170629,Crítico,Medio,Crítico,1267,5,1,0,6200134.417840008,9806854.0,13.0,30.0,0.9806854,0.9806854,55.0,"30 días sin transacciones | consumo cupo 98% | saldo expuesto $9,806,854",Monitoreo y recordatorio preventivo,"Gestión preventiva inmediata: validar saldo, contactar CB y evaluar bloqueo preventivo."
2026-05-11,64265,2026-04-30,BARRIO CENTRO BECERRIL 6,ACTIVO,ACTIVO,PREVENTIVO,CESAR,BECERRIL,WOMPI,0.19207441882146115,0.9460948109395818,Crítico,Bajo,Crítico,1484,6,1,0,5773233.434907415,30057274.0,2.0,0.0,0.75143185,0.75143185,25.0,"consumo cupo 75% | saldo expuesto $30,057,274",Seguimiento normal,"Gestión preventiva inmediata: validar saldo, contactar CB y evaluar bloqueo preventivo."
2026-05-11,79133,2026-04-30,BARRIO HERNANDEZ SAN VICENTE DEL CAGUAN 2,ACTIVO,ACTIVO,PREVENTIVO,CAQUETÁ,SAN VICENTE DEL CAGUÁN,WOMPI,0.04922639989504262,0.7720823713056781,Medio,Bajo,Crítico,1529,7,1,0,5690404.846995844,115596607.9,27.0,25.0,11.55966079,11.55966079,35.0,"consumo cupo 1156% | saldo expuesto $115,596,608",Seguimiento normal,"Gestión preventiva inmediata: validar saldo, contactar CB y evaluar bloqueo preventivo."
2026-05-11,14926,2026-04-30,BARRIO PORTAL DE JAMUNDÍ,ACTIVO,ACTIVO,PREVENTIVO,VALLE DEL CAUCA,JAMUNDÍ,WOMPI,0.24067551863044806,0.9599021064623068,Crítico,Bajo,Crítico,1685,8,1,0,5415149.084609654,22499791.9,27.0,25.0,0.999990751111111,0.999990751111111,35.0,"consumo cupo 100% | saldo expuesto $22,499,792",Seguimiento normal,"Gestión preventiva inmediata: validar saldo, contactar CB y evaluar bloqueo preventivo."
2026-05-11,76952,2026-04-30,BARRIO YALI YALI,ACTIVO,ACTIVO,PREVENTIVO,ANTIOQUIA,YALÍ,WOMPI,0.526980383780132,0.9893563622816774,Crítico,Crítico,Crítico,1754,9,1,0,5267868.238851695,9996327.0,79.0,23.0,0.9996327,0.9996327,80.0,"79 días sin compensar | consumo cupo 100% | saldo expuesto $9,996,327",Bloqueo/validación inmediata + gestión prioritaria,"Gestión preventiva inmediata: validar saldo, contactar CB y evaluar bloqueo preventivo."
2026-05-11,62513,2026-04-30,BARRIO MANRIQUE GUADALUPE MEDELLIN 1,ACTIVO,ACTIVO,PREVENTIVO,ANTIOQUIA,MEDELLÍN,WOMPI,0.574775796374704,0.9913434539978606,Crítico,Crítico,Crítico,2381,10,1,0,4573557.6857459,7957116.0,26.0,39.0,1.243299375,1.243299375,80.0,"39 días sin transacciones | consumo cupo 124% | saldo expuesto $7,957,116 | mora operativa 31-60",Bloqueo/validación inmediata + gestión prioritaria,"Gestión preventiva inmediata: validar saldo, contactar CB y evaluar bloqueo preventivo."
2026-05-11,76353,2026-04-30,BARRIO EL PRADO SAN JUAN DEL CESAR,ACTIVO,ACTIVO,PREVENTIVO,LA GUAJIRA,SAN JUAN DEL CESAR,WOMPI,0.44367885163685805,0.9848029530896807,Crítico,Crítico,Crítico,2528,11,1,0,4426486.293433573,9976780.0,72.0,40.0,1.2470975,1.2470975,100.0,"72 días sin compensar | 40 días sin transacciones | consumo cupo 125% | saldo expuesto $9,976,780 | mora operativa 31-60",Bloqueo/validación inmediata + gestión prioritaria,"Gestión preventiva inmediata: validar saldo, contactar CB y evaluar bloqueo preventivo."
2026-05-11,73793,2026-04-30,BARRIO ZAMORA BELLO 3,ACTIVO,ACTIVO,PREVENTIVO,ANTIOQUIA,BELLO,WOMPI,0.5654744658807657,0.9909847861284184,Crítico,Bajo,Crítico,2597,12,1,0,4368898.699454202,7726076.0,29.0,16.0,1.931519,1.931519,35.0,"consumo cupo 193% | saldo expuesto $7,726,076",Seguimiento normal,"Gestión preventiva inmediata: validar saldo, contactar CB y evaluar bloqueo preventivo."
2026-05-11,73055,2026-04-30,BARRIO CENTRO HATO NUEVO,ACTIVO,ACTIVO,PREVENTIVO,LA GUAJIRA,HATONUEVO,WOMPI,0.2576465796378033,0.9635062863641056,Crítico,Crítico,Crítico,3063,13,1,0,3864698.1792738903,14999998.0,51.0,41.0,0.9999998666666666,0.9999998666666666,100.0,"51 días sin compensar | 41 días sin transacciones | consumo cupo 100% | saldo expuesto $14,999,998 | mora operativa 31-60",Bloqueo/validación inmediata + gestión prioritaria,"Gestión preventiva inmediata: validar saldo, contactar CB y evaluar bloqueo preventivo."
2026-05-11,24529,2026-04-30,KENNEDY PUERTO ASIS - PUTUMAYO,ACTIVO,ACTIVO,PREVENTIVO,PUTUMAYO,PUERTO ASÍS,WOMPI,0.21648088506263574,0.953793028824327,Crítico,Bajo,Crítico,3095,14,1,0,3846307.798362029,17767424.58,23.0,4.0,0.8883712289999999,0.8883712289999999,25.0,"consumo cupo 89% | saldo expuesto $17,767,425",Seguimiento normal,"Gestión preventiva inmediata: validar saldo, contactar CB y evaluar bloqueo preventivo."
2026-05-11,62918,2026-04-30,BARRIO CAMELLON DEL QUINDIO CARTAGO 1,ACTIVO,ACTIVO,PREVENTIVO,VALLE DEL CAUCA,CARTAGO,WOMPI,0.2552348144061544,0.9630232644055623,Crítico,Alto,Crítico,3344,15,1,0,3589300.315815331,14062737.97,26.0,39.0,0.878921123125,0.878921123125,70.0,"39 días sin transacciones | consumo cupo 88% | saldo expuesto $14,062,738 | mora operativa 31-60",Contacto el mismo día + seguimiento de compensación,"Gestión preventiva inmediata: validar saldo, contactar CB y evaluar bloqueo preventivo."
2026-05-11,61109,2026-04-30,BARRIO EL CHAGUALO MEDELLIN,ACTIVO,ACTIVO,PREVENTIVO,ANTIOQUIA,MEDELLÍN,WOMPI,0.4416443867046233,0.9846691848205633,Crítico,Bajo,Crítico,3449,16,1,0,3492455.7968246085,7907846.0,5.0,1.0,0.7907846,0.7907846,25.0,"consumo cupo 79% | saldo expuesto $7,907,846",Seguimiento normal,"Gestión preventiva inmediata: validar saldo, contactar CB y evaluar bloqueo preventivo."
2026-05-11,51719,2026-04-30,BARRIO SAN LUIS CUCUTA 11,ACTIVO,ACTIVO,PREVENTIVO,NORTE DE SANTANDER,CÚCUTA,WOMPI,0.17559041653240093,0.9397143290868976,Crítico,Medio,Crítico,3453,17,1,0,3489535.564262966,19873155.0,27.0,35.0,0.99365775,0.99365775,55.0,"35 días sin transacciones | consumo cupo 99% | saldo expuesto $19,873,155",Monitoreo y recordatorio preventivo,"Gestión preventiva inmediata: validar saldo, contactar CB y evaluar bloqueo preventivo."
2026-05-11,81585,2026-04-30,BARRIO EL CENTRO OPORAPA 1,ACTIVO,ACTIVO,PREVENTIVO,HUILA,OPORAPA,WOMPI,0.34746971624175566,0.9766927080576634,Crítico,Crítico,Crítico,3490,18,1,0,3442864.766773217,9908388.0,66.0,44.0,0.9908388,0.9908388,100.0,"66 días sin compensar | 44 días sin transacciones | consumo cupo 99% | saldo expuesto $9,908,388 | mora operativa 31-60",Bloqueo/validación inmediata + gestión prioritaria,"Gestión preventiva inmediata: validar saldo, contactar CB y evaluar bloqueo preventivo."
2026-05-11,66444,2026-04-30,BARRIO JARDIN I ETAPA IBAGUE,ACTIVO,ACTIVO,PREVENTIVO,TOLIMA,IBAGUÉ,WOMPI,0.6419036626321899,0.9936021781939077,Crítico,Bajo,Crítico,3769,19,1,0,3144064.038586008,4898031.0,25.0,36.0,0.4898031,0.4898031,30.0,"36 días sin transacciones | saldo expuesto $4,898,031",Seguimiento normal,"Gestión preventiva inmediata: validar saldo, contactar CB y evaluar bloqueo preventivo."
2026-05-11,77243,2026-04-30,BARRIO BRR DIEGO LUIS ISTMINA,ACTIVO,ACTIVO,PREVENTIVO,CHOCÓ,ISTMINA,WOMPI,0.34028116884360815,0.9758969903270435,Crítico,Crítico,Crítico,3788,20,1,0,3124196.9535726495,9181222.0,96.0,39.0,1.8362444,1.8362444,100.0,"96 días sin compensar | 39 días sin transacciones | consumo cupo 184% | saldo expuesto $9,181,222 | mora operativa 31-60",Bloqueo/validación inmediata + gestión prioritaria,"Gestión preventiva inmediata: validar saldo, contactar CB y evaluar bloqueo preventivo."
2026-05-11,79991,2026-04-30,BARRIO LOS GUADUALES CALI,ACTIVO,ACTIVO,PREVENTIVO,VALLE DEL CAUCA,CALI,WOMPI,0.5547087282997951,0.9905535804958631,Crítico,Bajo,Crítico,3807,21,1,0,3102036.6033108314,5592190.0,18.0,18.0,0.9986053571428571,0.9986053571428571,35.0,"consumo cupo 100% | saldo expuesto $5,592,190",Seguimiento normal,"Gestión preventiva inmediata: validar saldo, contactar CB y evaluar bloqueo preventivo."
2026-05-11,74943,2026-04-30,BARRIO BUCARAMANGA BUCARAMANGA 17,ACTIVO,ACTIVO,PREVENTIVO,SANTANDER,BUCARAMANGA,WOMPI,0.440321396199925,0.9845815059484903,Crítico,Crítico,Crítico,3818,22,1,0,3080407.9089991706,6995817.0,68.0,43.0,0.9994024285714286,0.9994024285714286,100.0,"68 días sin compensar | 43 días sin transacciones | consumo cupo 100% | saldo expuesto $6,995,817 | mora operativa 31-60",Bloqueo/validación inmediata + gestión prioritaria,"Gestión preventiva inmediata: validar saldo, contactar CB y evaluar bloqueo preventivo."
2026-05-11,74536,2026-04-30,BARRIO OCTAVA ETAPA ESPERANZA VILLAVICENCIO,ACTIVO,ACTIVO,PREVENTIVO,META,VILLAVICENCIO,WOMPI,0.4661945614578371,0.986202185802192,Crítico,Alto,Crítico,3825,23,1,0,3073017.0217344323,6591705.0,31.0,23.0,1.8833442857142857,1.8833442857142857,65.0,"31 días sin compensar | consumo cupo 188% | saldo expuesto $6,591,705",Contacto el mismo día + seguimiento de compensación,"Gestión preventiva inmediata: validar saldo, contactar CB y evaluar bloqueo preventivo."
2026-05-11,72493,2026-04-30,KILOMETRO 8 LOS PATIOS,ACTIVO,ACTIVO,PREVENTIVO,NORTE DE SANTANDER,LOS PATIOS,WOMPI,0.3130144438804441,0.9725397901429064,Crítico,Crítico,Crítico,4144,24,1,0,2676845.998595654,8551829.0,45.0,42.0,0.8551829,0.8551829,100.0,"45 días sin compensar | 42 días sin transacciones | consumo cupo 86% | saldo expuesto $8,551,829 | mora operativa 31-60",Bloqueo/validación inmediata + gestión prioritaria,"Gestión preventiva inmediata: validar saldo, contactar CB y evaluar bloqueo preventivo."
2026-05-11,82771,2026-04-30,BARRIO 	OBAPO SECTOR VILLA CONTRY QUIBDÓ,ACTIVO,ACTIVO,PREVENTIVO,CHOCÓ,QUIBDÓ,WOMPI,0.3718780350506406,0.9791598920263549,Crítico,Crítico,Crítico,4214,25,1,0,2601029.515578976,6994308.0,60.0,44.0,0.9991868571428572,0.9991868571428572,100.0,"60 días sin compensar | 44 días sin transacciones | consumo cupo 100% | saldo expuesto $6,994,308 | mora operativa 31-60",Bloqueo/validación inmediata + gestión prioritaria,"Gestión preventiva inmediata: validar saldo, contactar CB y evaluar bloqueo preventivo."
2026-05-11,60303,2026-04-30,BARRIO LA CUMBRE BARRANQUILLA 2,ACTIVO,ACTIVO,PREVENTIVO,ATLÁNTICO,BARRANQUILLA,WOMPI,0.4819048723443201,0.9870976500940971,Crítico,Bajo,Crítico,4543,26,1,0,2136763.312545481,4433994.0,24.0,24.0,1.0,1.0,35.0,"consumo cupo 100% | saldo expuesto $4,433,994",Seguimiento normal,"Gestión preventiva inmediata: validar saldo, contactar CB y evaluar bloqueo preventivo."
2026-05-11,82492,2026-04-30,BARRIO NUEVA MARSELA BOGOTA,ACTIVO,ACTIVO,PREVENTIVO,CUNDINAMARCA,BOGOTÁ,WOMPI,0.2880898267556215,0.9689062453326691,Crítico,Bajo,Crítico,4619,27,1,0,2016492.520801295,6999527.0,26.0,17.0,0.9999324285714286,0.9999324285714286,35.0,"consumo cupo 100% | saldo expuesto $6,999,527",Seguimiento normal,"Gestión preventiva inmediata: validar saldo, contactar CB y evaluar bloqueo preventivo."
2026-05-11,63268,2026-04-30,BARRIO SAN MARTIN VALLEDUPAR 5,ACTIVO,ACTIVO,PREVENTIVO,CESAR,VALLEDUPAR,WOMPI,0.06339831122783232,0.8189670300985398,Alto,Crítico,Crítico,4664,28,1,0,1962921.9018786026,30961738.0,61.0,2.0,0.9987657419354838,0.9987657419354838,80.0,"61 días sin compensar | consumo cupo 100% | saldo expuesto $30,961,738",Bloqueo/validación inmediata + gestión prioritaria,"Gestión preventiva inmediata: validar saldo, contactar CB y evaluar bloqueo preventivo."
2026-05-11,76065,2026-04-30,BARRIO BRISAS BAJAS LA MONTAÑITA,ACTIVO,ACTIVO,PREVENTIVO,CAQUETÁ,LA MONTAÑITA,WOMPI,0.38598578304667813,0.9804400170854658,Crítico,Crítico,Crítico,4698,29,1,0,1910024.7863590226,4948433.0,47.0,40.0,0.9896866,0.9896866,100.0,"47 días sin compensar | 40 días sin transacciones | consumo cupo 99% | saldo expuesto $4,948,433 | mora operativa 31-60",Bloqueo/validación inmediata + gestión prioritaria,"Gestión preventiva inmediata: validar saldo, contactar CB y evaluar bloqueo preventivo."
2026-05-11,70441,2026-04-30,CALLE VIEJA BELLO 3,ACTIVO,ACTIVO,PREVENTIVO,ANTIOQUIA,BELLO,WOMPI,0.0822706790397536,0.8596701513839505,Alto,Bajo,Crítico,4722,30,1,0,1878151.408309644,22828928.0,10.0,0.0,0.9925620869565217,0.9925620869565217,35.0,"consumo cupo 99% | saldo expuesto $22,828,928",Seguimiento normal,"Gestión preventiva inmediata: validar saldo, contactar CB y evaluar bloqueo preventivo."
2026-05-11,71986,2026-04-30,BOGOTA SAN FERNANDO,ACTIVO,ACTIVO,PREVENTIVO,CUNDINAMARCA,BOGOTÁ,WOMPI,0.18212850751971743,0.9423794661158058,Crítico,Alto,Crítico,4766,31,1,0,1819099.5331069378,9988000.0,55.0,1.0,0.9988,0.9988,65.0,"55 días sin compensar | consumo cupo 100% | saldo expuesto $9,988,000",Contacto el mismo día + seguimiento de compensación,"Gestión preventiva inmediata: validar saldo, contactar CB y evaluar bloqueo preventivo."
2026-05-11,69889,2026-04-30,BARRIO CENTRO MEDELLIN  97,ACTIVO,ACTIVO,PREVENTIVO,ANTIOQUIA,MEDELLÍN,WOMPI,0.20109184104525957,0.9491526896360611,Crítico,Bajo,Crítico,4801,32,1,0,1765691.7365020867,8780524.0,6.0,5.0,0.8780524,0.8780524,25.0,"consumo cupo 88% | saldo expuesto $8,780,524",Seguimiento normal,"Gestión preventiva inmediata: validar saldo, contactar CB y evaluar bloqueo preventivo."
2026-05-11,81556,2026-04-30,BARRIO PUEBLO NUEVO CURRULAO TURBO,ACTIVO,ACTIVO,PREVENTIVO,ANTIOQUIA,TURBO,WOMPI,0.2100639285916361,0.951939425943412,Crítico,Crítico,Crítico,5010,33,1,0,1467351.9980897265,6985264.0,51.0,46.0,0.9978948571428572,0.9978948571428572,100.0,"51 días sin compensar | 46 días sin transacciones | consumo cupo 100% | saldo expuesto $6,985,264 | mora operativa 31-60",Bloqueo/validación inmediata + gestión prioritaria,"Gestión preventiva inmediata: validar saldo, contactar CB y evaluar bloqueo preventivo."
2026-05-11,35640,2026-04-30,BARRIO CENTRO RIVERA 3,ACTIVO,ACTIVO,PREVENTIVO,HUILA,RIVERA,WOMPI,0.034602248925107035,0.6949144547190821,Medio,Bajo,Crítico,5043,34,1,0,1425943.4878163827,41209561.0,29.0,13.0,1.8315360444444444,1.8315360444444444,35.0,"consumo cupo 183% | saldo expuesto $41,209,561",Seguimiento normal,"Gestión preventiva inmediata: validar saldo, contactar CB y evaluar bloqueo preventivo."
2026-05-11,28130,2026-04-30,BARRIO LA ESTANCIA POPAYAN,ACTIVO,ACTIVO,PREVENTIVO,CAUCA,POPAYÁN,WOMPI,0.06577290973601868,0.8251718366546543,Alto,Bajo,Crítico,5114,35,1,0,1307248.491161866,19875181.08,18.0,0.0,0.5371670562162162,0.5371670562162162,10.0,"saldo expuesto $19,875,181",Seguimiento normal,"Gestión preventiva inmediata: validar saldo, contactar CB y evaluar bloqueo preventivo."
2026-05-11,77804,2026-04-30,BARRIO SUCRE PLANETA RICA,ACTIVO,ACTIVO,PREVENTIVO,CÓRDOBA,PLANETA RICA,WOMPI,0.12180167335769525,0.907504146509615,Crítico,Crítico,Crítico,5167,36,1,0,1217635.1289343229,9996867.0,67.0,10.0,0.9996867,0.9996867,80.0,"67 días sin compensar | consumo cupo 100% | saldo expuesto $9,996,867",Bloqueo/validación inmediata + gestión prioritaria,"Gestión preventiva inmediata: validar saldo, contactar CB y evaluar bloqueo preventivo."
2026-05-11,67268,2026-04-30,BARRO CENTRO BOSCONIA,ACTIVO,ACTIVO,PREVENTIVO,CESAR,BOSCONIA,WOMPI,0.02924946095383411,0.6538166244320543,Bajo,Alto,Crítico,5259,37,1,0,1082256.8185486349,37000915.0,33.0,1.0,0.9737082894736843,0.9737082894736843,65.0,"33 días sin compensar | consumo cupo 97% | saldo expuesto $37,000,915",Contacto el mismo día + seguimiento de compensación,"Gestión preventiva inmediata: validar saldo, contactar CB y evaluar bloqueo preventivo."
2026-05-11,46297,2026-04-30,BARRIO TORREON DE SANTA ANA IBAGUE,ACTIVO,ACTIVO,PREVENTIVO,TOLIMA,IBAGUÉ,WOMPI,0.03402456834731032,0.6909109261084027,Medio,Bajo,Crítico,5267,38,1,0,1076717.3334961927,31645290.03,1.0,1.0,0.9889153134375,0.9889153134375,35.0,"consumo cupo 99% | saldo expuesto $31,645,290",Seguimiento normal,"Gestión preventiva inmediata: validar saldo, contactar CB y evaluar bloqueo preventivo."
2026-05-11,61581,2026-04-30,BARRIO LA CASTELLANA CHIGORODO,ACTIVO,ACTIVO,PREVENTIVO,ANTIOQUIA,CHIGORODÓ,WOMPI,0.07351047703376905,0.8430096890178473,Alto,Bajo,Crítico,5275,39,1,0,1064296.5951921877,14478162.0,9.0,0.0,0.9652108,0.9652108,35.0,"consumo cupo 97% | saldo expuesto $14,478,162",Seguimiento normal,"Gestión preventiva inmediata: validar saldo, contactar CB y evaluar bloqueo preventivo."
2026-05-11,72472,2026-04-30,BARRIO ALFONSO LOPEZ TIERRALTA 2,ACTIVO,ACTIVO,PREVENTIVO,CÓRDOBA,TIERRALTA,WOMPI,0.0691377339306095,0.8333457337836329,Alto,Alto,Crítico,5287,40,1,0,1037045.2676389633,14999700.0,44.0,12.0,0.99998,0.99998,65.0,"44 días sin compensar | consumo cupo 100% | saldo expuesto $14,999,700",Contacto el mismo día + seguimiento de compensación,"Gestión preventiva inmediata: validar saldo, contactar CB y evaluar bloqueo preventivo."
2026-05-11,68331,2026-04-30,JUAN 23 3,ACTIVO,ACTIVO,PREVENTIVO,ANTIOQUIA,MEDELLÍN,WOMPI,0.030688697171091215,0.6658107356722248,Medio,Alto,Crítico,5356,41,1,0,889954.0631421728,28999408.42,33.0,0.0,0.9999796006896552,0.9999796006896552,65.0,"33 días sin compensar | consumo cupo 100% | saldo expuesto $28,999,408",Contacto el mismo día + seguimiento de compensación,"Gestión preventiva inmediata: validar saldo, contactar CB y evaluar bloqueo preventivo."
2026-05-11,67356,2026-04-30,BARRIO NAZARENO CARTAGENA DE INDIAS,ACTIVO,ACTIVO,PREVENTIVO,BOLÍVAR,CARTAGENA DE INDIAS,WOMPI,0.03001112649074469,0.6602590721237479,Medio,Bajo,Crítico,5358,42,1,0,886743.4661688925,29547157.0,2.0,0.0,0.7985718108108109,0.7985718108108109,25.0,"consumo cupo 80% | saldo expuesto $29,547,157",Seguimiento normal,"Gestión preventiva inmediata: validar saldo, contactar CB y evaluar bloqueo preventivo."
2026-05-11,82023,2026-04-30,BARRIO SANTIAGO DE TUNJA TUNJA 1,ACTIVO,ACTIVO,PREVENTIVO,BOYACÁ,TUNJA,WOMPI,0.14679600973371582,0.9252649897339379,Crítico,Alto,Crítico,5361,43,1,0,882511.921217396,6011825.0,31.0,13.0,1.7176642857142856,1.7176642857142856,65.0,"31 días sin compensar | consumo cupo 172% | saldo expuesto $6,011,825",Contacto el mismo día + seguimiento de compensación,"Gestión preventiva inmediata: validar saldo, contactar CB y evaluar bloqueo preventivo."
2026-05-11,47737,2026-04-30,BARRIO EL CRISTO CRR TIQUISIO NUEVO TIQUISIO,ACTIVO,ACTIVO,PREVENTIVO,BOLÍVAR,TIQUISIO,WOMPI,0.019877520442160106,0.5519660218709613,Bajo,Bajo,Crítico,5372,44,1,0,863947.9614092158,43463568.0,25.0,1.0,0.9658570666666667,0.9658570666666667,35.0,"consumo cupo 97% | saldo expuesto $43,463,568",Seguimiento normal,"Gestión preventiva inmediata: validar saldo, contactar CB y evaluar bloqueo preventivo."
2026-05-11,54474,2026-04-30,BARRIO VALLE GRANDE CALI,ACTIVO,ACTIVO,PREVENTIVO,VALLE DEL CAUCA,CALI,WOMPI,0.08556825488095843,0.865162936041506,Alto,Bajo,Crítico,5382,45,1,0,840391.8439353765,9821304.0,7.0,0.0,0.9821304,0.9821304,35.0,"consumo cupo 98% | saldo expuesto $9,821,304",Seguimiento normal,"Gestión preventiva inmediata: validar saldo, contactar CB y evaluar bloqueo preventivo."
2026-05-11,49567,2026-04-30,BARRIO BOSA SANTA FE BOGOTA 3,ACTIVO,ACTIVO,PREVENTIVO,CUNDINAMARCA,BOGOTÁ,WOMPI,0.03140303494357063,0.6714888319776994,Medio,Bajo,Crítico,5395,46,1,0,823657.8621421811,26228607.0,11.0,0.0,0.8460840967741935,0.8460840967741935,25.0,"consumo cupo 85% | saldo expuesto $26,228,607",Seguimiento normal,"Gestión preventiva inmediata: validar saldo, contactar CB y evaluar bloqueo preventivo."
2026-05-11,77601,2026-04-30,BARRIO LA FUENTE TUNJA 3,ACTIVO,ACTIVO,PREVENTIVO,BOYACÁ,TUNJA,WOMPI,0.5407323218744323,0.9899664341312542,Crítico,Bajo,Crítico,5397,47,1,0,810788.1024588925,1499426.0,17.0,17.0,0.42840742857142855,0.42840742857142855,10.0,"saldo expuesto $1,499,426",Seguimiento normal,"Gestión preventiva inmediata: validar saldo, contactar CB y evaluar bloqueo preventivo."
2026-05-11,25708,2026-04-30,CANDELARIA LA NUEVA BOGOTÁ - CUNDINAMARCA,ACTIVO,ACTIVO,PREVENTIVO,CUNDINAMARCA,BOGOTÁ,WOMPI,0.1324846671118992,0.9158672988547036,Crítico,Medio,Crítico,5399,48,1,0,803723.1349670197,6066537.0,51.0,1.0,0.26962386666666666,0.26962386666666666,40.0,"51 días sin compensar | saldo expuesto $6,066,537",Monitoreo y recordatorio preventivo,"Gestión preventiva inmediata: validar saldo, contactar CB y evaluar bloqueo preventivo."
2026-05-11,47214,2026-04-30,BARRIO MARCO ANTONIO PINILLA VILLAVICENCIO,ACTIVO,ACTIVO,PREVENTIVO,META,VILLAVICENCIO,WOMPI,0.01735842454125832,0.5148957368028987,Bajo,Bajo,Crítico,5411,49,1,0,775209.1376059795,44658957.14,4.0,1.0,0.9924212697777778,0.9924212697777778,35.0,"consumo cupo 99% | saldo expuesto $44,658,957",Seguimiento normal,"Gestión preventiva inmediata: validar saldo, contactar CB y evaluar bloqueo preventivo."
2026-05-11,14471,2026-04-30,BARRIO NIQUIA TERRANOVA BELLO,ACTIVO,ACTIVO,PREVENTIVO,ANTIOQUIA,BELLO,WOMPI,0.01708428925739072,0.5105283981050792,Bajo,Alto,Crítico,5415,50,1,0,768782.5280248786,44999386.07,39.0,1.0,0.9999863571111112,0.9999863571111112,65.0,"39 días sin compensar | consumo cupo 100% | saldo expuesto $44,999,386",Contacto el mismo día + seguimiento de compensación,"Gestión preventiva inmediata: validar saldo, contactar CB y evaluar bloqueo preventivo."
2026-05-11,35443,2026-04-30,BARRIO PANAMERICANO TULUA,ACTIVO,ACTIVO,PREVENTIVO,VALLE DEL CAUCA,TULUÁ,WOMPI,0.075863522207084,0.8478120684903265,Alto,Bajo,Crítico,5420,51,1,0,752433.758448022,9918255.0,3.0,1.0,0.9918255,0.9918255,35.0,"consumo cupo 99% | saldo expuesto $9,918,255",Seguimiento normal,"Gestión preventiva inmediata: validar saldo, contactar CB y evaluar bloqueo preventivo."
2026-05-11,74804,2026-04-30,BARRIO PAMPAS DEL MIRADOR CALI,ACTIVO,ACTIVO,PREVENTIVO,VALLE DEL CAUCA,CALI,WOMPI,0.07624195322754408,0.8485604734106134,Alto,Bajo,Crítico,5424,52,1,0,746055.7683618044,9785370.61,26.0,1.0,0.9785370609999999,0.9785370609999999,35.0,"consumo cupo 98% | saldo expuesto $9,785,371",Seguimiento normal,"Gestión preventiva inmediata: validar saldo, contactar CB y evaluar bloqueo preventivo."
2026-05-11,41309,2026-04-30,BARRIO CNADELARIA CENTRO BOGOTA,ACTIVO,ACTIVO,PREVENTIVO,CUNDINAMARCA,BOGOTÁ,WOMPI,0.016552301146879403,0.5018489141478418,Bajo,Bajo,Crítico,5425,53,1,0,744846.0318991621,44999545.7,13.0,2.0,0.9999899044444445,0.9999899044444445,35.0,"consumo cupo 100% | saldo expuesto $44,999,546",Seguimiento normal,"Gestión preventiva inmediata: validar saldo, contactar CB y evaluar bloqueo preventivo."
2026-05-11,23387,2026-04-30,CORREGIMIENTO COCONUCO - PURACÉ,ACTIVO,ACTIVO,PREVENTIVO,CAUCA,PURACÉ,WOMPI,0.02509356199333348,0.6144028799062097,Bajo,Bajo,Crítico,5432,54,1,0,734133.5860169132,29255854.0,12.0,2.0,0.9751951333333333,0.9751951333333333,35.0,"consumo cupo 98% | saldo expuesto $29,255,854",Seguimiento normal,"Gestión preventiva inmediata: validar saldo, contactar CB y evaluar bloqueo preventivo."
2026-05-11,76287,2026-04-30,BARRIO QUINTAS DE AGUAS CLARAS VILLAVICENCIO,ACTIVO,ACTIVO,PREVENTIVO,META,VILLAVICENCIO,WOMPI,0.10800314652628944,0.8944430488297362,Crítico,Bajo,Crítico,5433,55,1,0,730965.295689927,6768000.0,6.0,1.0,0.9668571428571429,0.9668571428571429,35.0,"consumo cupo 97% | saldo expuesto $6,768,000",Seguimiento normal,"Gestión preventiva inmediata: validar saldo, contactar CB y evaluar bloqueo preventivo."
2026-05-11,32971,2026-04-30,BARRIO EDMUNDO LOPEZ MONTERIA,ACTIVO,ACTIVO,PREVENTIVO,CÓRDOBA,MONTERÍA,WOMPI,0.028704568939205886,0.6490709929149177,Bajo,Bajo,Crítico,5441,56,1,0,710314.2574851755,24745686.27,4.0,1.0,0.9898274508,0.9898274508,35.0,"consumo cupo 99% | saldo expuesto $24,745,686",Seguimiento normal,"Gestión preventiva inmediata: validar saldo, contactar CB y evaluar bloqueo preventivo."
2026-05-11,72503,2026-04-30,BARRIO 	INDEPENDIEDIA SINCELEJO,ACTIVO,ACTIVO,PREVENTIVO,SUCRE,SINCELEJO,WOMPI,0.07058525271668349,0.8366579373852668,Alto,Alto,Crítico,5444,57,1,0,705643.4663536336,9997038.18,39.0,1.0,0.999703818,0.999703818,65.0,"39 días sin compensar | consumo cupo 100% | saldo expuesto $9,997,038",Contacto el mismo día + seguimiento de compensación,"Gestión preventiva inmediata: validar saldo, contactar CB y evaluar bloqueo preventivo."
2026-05-11,82719,2026-04-30,BARRIO CENTRO VALLEDUPAR 34,ACTIVO,ACTIVO,PREVENTIVO,CESAR,VALLEDUPAR,WOMPI,0.15509241527951742,0.9299557275634871,Crítico,Bajo,Crítico,5449,58,1,0,683915.521338131,4409729.0,11.0,2.0,0.6299612857142857,0.6299612857142857,10.0,"saldo expuesto $4,409,729",Seguimiento normal,"Gestión preventiva inmediata: validar saldo, contactar CB y evaluar bloqueo preventivo."
2026-05-11,71771,2026-04-30,BARRIO EL PROGRESO HATO COROZAL 4,ACTIVO,ACTIVO,PREVENTIVO,CASANARE,HATO COROZAL,WOMPI,0.05163970429404077,0.781512447003334,Medio,Bajo,Crítico,5452,59,1,0,676583.4056605222,13102000.0,4.0,0.0,0.8734666666666666,0.8734666666666666,25.0,"consumo cupo 87% | saldo expuesto $13,102,000",Seguimiento normal,"Gestión preventiva inmediata: validar saldo, contactar CB y evaluar bloqueo preventivo."
2026-05-11,79562,2026-04-30,BARRIO CENTRO LA VICTORIA 2,ACTIVO,ACTIVO,PREVENTIVO,VALLE DEL CAUCA,LA VICTORIA,WOMPI,0.07039555343813152,0.8362304785235443,Alto,Bajo,Crítico,5453,60,1,0,676392.1554326147,9608450.0,6.0,1.0,0.960845,0.960845,35.0,"consumo cupo 96% | saldo expuesto $9,608,450",Seguimiento normal,"Gestión preventiva inmediata: validar saldo, contactar CB y evaluar bloqueo preventivo."
2026-05-11,75060,2026-04-30,BARRIO BELLA VISTA VALLEDUPAR 2,ACTIVO,ACTIVO,PREVENTIVO,CESAR,VALLEDUPAR,WOMPI,0.07297985686787051,0.8418899607571034,Alto,Bajo,Crítico,5454,61,1,0,673523.8010478901,9228900.0,6.0,0.0,0.92289,0.92289,35.0,"consumo cupo 92% | saldo expuesto $9,228,900",Seguimiento normal,"Gestión preventiva inmediata: validar saldo, contactar CB y evaluar bloqueo preventivo."
2026-05-11,68959,2026-04-30,LA CEIBA BARRANQUILLA,ACTIVO,ACTIVO,PREVENTIVO,ATLÁNTICO,BARRANQUILLA,WOMPI,0.04792736317819326,0.7667001727079175,Medio,Crítico,Crítico,5456,62,1,0,667034.1094056384,13917605.0,66.0,1.0,0.9941146428571429,0.9941146428571429,80.0,"66 días sin compensar | consumo cupo 99% | saldo expuesto $13,917,605",Bloqueo/validación inmediata + gestión prioritaria,"Gestión preventiva inmediata: validar saldo, contactar CB y evaluar bloqueo preventivo."
2026-05-11,71673,2026-04-30,ROBERTO PAYAN CALLE TUNES,ACTIVO,ACTIVO,PREVENTIVO,NARIÑO,ROBERTO PAYÁN,WOMPI,0.09253496552957186,0.875618522625403,Crítico,Bajo,Crítico,5459,63,1,0,659228.2553942574,7124099.0,5.0,1.0,0.9498798666666667,0.9498798666666667,35.0,"consumo cupo 95% | saldo expuesto $7,124,099",Seguimiento normal,"Gestión preventiva inmediata: validar saldo, contactar CB y evaluar bloqueo preventivo."
2026-05-11,67273,2026-04-30,BARRIO SAN CARLOS MADRID 2,ACTIVO,ACTIVO,PREVENTIVO,CUNDINAMARCA,MADRID,WOMPI,0.06864777239964322,0.8321977540364598,Alto,Crítico,Crítico,5462,64,1,0,649922.579250305,9467497.0,67.0,6.0,0.9467497,0.9467497,80.0,"67 días sin compensar | consumo cupo 95% | saldo expuesto $9,467,497",Bloqueo/validación inmediata + gestión prioritaria,"Gestión preventiva inmediata: validar saldo, contactar CB y evaluar bloqueo preventivo."
2026-05-11,31625,2026-04-30,BARRIO SUBA OASIS BOGOTÁ,ACTIVO,ACTIVO,PREVENTIVO,CUNDINAMARCA,BOGOTÁ,WOMPI,0.0670109644738635,0.828259903673207,Alto,Bajo,Crítico,5463,65,1,0,648767.3226633542,9681510.0,18.0,0.0,0.968151,0.968151,35.0,"consumo cupo 97% | saldo expuesto $9,681,510",Seguimiento normal,"Gestión preventiva inmediata: validar saldo, contactar CB y evaluar bloqueo preventivo."
2026-05-11,68673,2026-04-30,BARRIO RESTREPO BOGOTA  18,ACTIVO,ACTIVO,PREVENTIVO,CUNDINAMARCA,BOGOTÁ,WOMPI,0.03353321425669301,0.6874304794799239,Medio,Bajo,Crítico,5470,66,1,0,638561.6648637863,19042662.0,6.0,1.0,0.76170648,0.76170648,25.0,"consumo cupo 76% | saldo expuesto $19,042,662",Seguimiento normal,"Gestión preventiva inmediata: validar saldo, contactar CB y evaluar bloqueo preventivo."
2026-05-11,66563,2026-04-30,BARRIO LOS EBANOS MONTERIA,ACTIVO,ACTIVO,PREVENTIVO,CÓRDOBA,MONTERÍA,WOMPI,0.023772209235448944,0.6001323632330547,Bajo,Bajo,Crítico,5471,67,1,0,638092.8726932844,26841967.71,6.0,1.0,0.9941469522222223,0.9941469522222223,35.0,"consumo cupo 99% | saldo expuesto $26,841,968",Seguimiento normal,"Gestión preventiva inmediata: validar saldo, contactar CB y evaluar bloqueo preventivo."
2026-05-11,17867,2026-04-30,BARRIO CR MALAGANA SAGRADO CORAZON MAHATES,ACTIVO,ACTIVO,PREVENTIVO,BOLÍVAR,MAHATES,WOMPI,0.031694615551271114,0.6737567585964899,Medio,Alto,Crítico,5473,68,1,0,633221.4108134946,19978832.36,51.0,20.0,0.9989416179999999,0.9989416179999999,65.0,"51 días sin compensar | consumo cupo 100% | saldo expuesto $19,978,832",Contacto el mismo día + seguimiento de compensación,"Gestión preventiva inmediata: validar saldo, contactar CB y evaluar bloqueo preventivo."
2026-05-11,62165,2026-04-30,BARRIO LOS ABETOS PLANETA RICA 1,ACTIVO,ACTIVO,PREVENTIVO,CÓRDOBA,PLANETA RICA,WOMPI,0.04184829755398228,0.7381783646965073,Medio,Bajo,Crítico,5478,69,1,0,627525.2654133773,14995240.0,12.0,0.0,0.9996826666666667,0.9996826666666667,35.0,"consumo cupo 100% | saldo expuesto $14,995,240",Seguimiento normal,"Gestión preventiva inmediata: validar saldo, contactar CB y evaluar bloqueo preventivo."
2026-05-11,73549,2026-04-30,BARRIO COLOMBINA PALMIRA 4,ACTIVO,ACTIVO,PREVENTIVO,VALLE DEL CAUCA,PALMIRA,WOMPI,0.06267668327970208,0.8170038760043451,Alto,Bajo,Crítico,5481,70,1,0,623099.745411692,9941492.0,10.0,0.0,0.9941492,0.9941492,35.0,"consumo cupo 99% | saldo expuesto $9,941,492",Seguimiento normal,"Gestión preventiva inmediata: validar saldo, contactar CB y evaluar bloqueo preventivo."
2026-05-11,71775,2026-04-30,LETICIA PUERTO CIVIL,ACTIVO,ACTIVO,PREVENTIVO,AMAZONAS,LETICIA,WOMPI,0.02732705550535239,0.6365343758560414,Bajo,Alto,Crítico,5488,71,1,0,612813.8379799078,22425169.0,41.0,5.0,0.9966741777777778,0.9966741777777778,65.0,"41 días sin compensar | consumo cupo 100% | saldo expuesto $22,425,169",Contacto el mismo día + seguimiento de compensación,"Gestión preventiva inmediata: validar saldo, contactar CB y evaluar bloqueo preventivo."
2026-05-11,22966,2026-04-30,BARRIO ULPIANO LLOREDA - CALI,ACTIVO,ACTIVO,PREVENTIVO,VALLE DEL CAUCA,CALI,WOMPI,0.021608926307483525,0.574603537059077,Bajo,Bajo,Crítico,5490,72,1,0,611501.8025498511,28298574.11,1.0,1.0,0.9128572293548387,0.9128572293548387,35.0,"consumo cupo 91% | saldo expuesto $28,298,574",Seguimiento normal,"Gestión preventiva inmediata: validar saldo, contactar CB y evaluar bloqueo preventivo."
2026-05-11,68822,2026-04-30,BARRIO LA MADRID ETAPA 5 NUEVA VILLAVICENCIO,ACTIVO,ACTIVO,PREVENTIVO,META,VILLAVICENCIO,WOMPI,0.120330899691484,0.9062443755914135,Crítico,Bajo,Crítico,5497,73,1,0,601293.5057583456,4997000.0,4.0,1.0,0.9994,0.9994,35.0,"consumo cupo 100% | saldo expuesto $4,997,000",Seguimiento normal,"Gestión preventiva inmediata: validar saldo, contactar CB y evaluar bloqueo preventivo."
2026-05-11,21248,2026-04-30,BARRIO CENTRO LVII - MEDELLÍN,ACTIVO,ACTIVO,PREVENTIVO,ANTIOQUIA,MEDELLÍN,WOMPI,0.042156996548733096,0.739775399841823,Medio,Alto,Crítico,5500,74,1,0,596856.6956598319,14157951.1,32.0,1.0,0.9438634066666667,0.9438634066666667,65.0,"32 días sin compensar | consumo cupo 94% | saldo expuesto $14,157,951",Contacto el mismo día + seguimiento de compensación,"Gestión preventiva inmediata: validar saldo, contactar CB y evaluar bloqueo preventivo."
2026-05-11,54571,2026-04-30,BARRIO LA LIBERTAD CUCUTA 13,ACTIVO,ACTIVO,PREVENTIVO,NORTE DE SANTANDER,CÚCUTA,WOMPI,0.05021938590133392,0.7760489036001352,Medio,Bajo,Crítico,5502,75,1,0,594075.9505298224,11829614.0,17.0,1.0,0.7886409333333333,0.7886409333333333,25.0,"consumo cupo 79% | saldo expuesto $11,829,614",Seguimiento normal,"Gestión preventiva inmediata: validar saldo, contactar CB y evaluar bloqueo preventivo."
2026-05-11,78300,2026-04-30,BARRIO CAMILO TORRES MONTERIA 2,ACTIVO,ACTIVO,PREVENTIVO,CÓRDOBA,MONTERÍA,WOMPI,0.08920889128413717,0.8708081454037924,Crítico,Bajo,Crítico,5505,76,1,0,590055.909366132,6614317.26,13.0,1.0,0.9449024657142857,0.9449024657142857,35.0,"consumo cupo 94% | saldo expuesto $6,614,317",Seguimiento normal,"Gestión preventiva inmediata: validar saldo, contactar CB y evaluar bloqueo preventivo."
2026-05-11,71891,2026-04-30,CAJICA CENTRO 1,ACTIVO,ACTIVO,PREVENTIVO,CUNDINAMARCA,CAJICÁ,WOMPI,0.10011472531951457,0.8855019227185852,Crítico,Bajo,Crítico,5512,77,1,0,578977.0060496775,5783135.34,23.0,19.0,0.9974130198762188,0.9974130198762188,35.0,"consumo cupo 100% | saldo expuesto $5,783,135",Seguimiento normal,"Gestión preventiva inmediata: validar saldo, contactar CB y evaluar bloqueo preventivo."
2026-05-11,68960,2026-04-30,BARRIO LA SIERRA BARRANQUILLA,ACTIVO,ACTIVO,PREVENTIVO,ATLÁNTICO,BARRANQUILLA,WOMPI,0.020768506418072853,0.5638792072770176,Bajo,Bajo,Crítico,5516,78,1,0,570682.8968431222,27478283.0,19.0,2.0,0.947527,0.947527,35.0,"consumo cupo 95% | saldo expuesto $27,478,283",Seguimiento normal,"Gestión preventiva inmediata: validar saldo, contactar CB y evaluar bloqueo preventivo."
2026-05-11,53199,2026-04-30,BARRIO CENTRO VILLAVICENCIO 14,ACTIVO,ACTIVO,PREVENTIVO,META,VILLAVICENCIO,WOMPI,0.05738192489045133,0.8013650228563208,Medio,Bajo,Crítico,5517,79,1,0,569633.3522476046,9927052.0,2.0,0.0,0.9927052,0.9927052,35.0,"consumo cupo 99% | saldo expuesto $9,927,052",Seguimiento normal,"Gestión preventiva inmediata: validar saldo, contactar CB y evaluar bloqueo preventivo."
2026-05-11,70861,2026-04-30,BARRIO VERSALLES CALI 6,ACTIVO,ACTIVO,PREVENTIVO,VALLE DEL CAUCA,CALI,WOMPI,0.03713679877270797,0.7114267042166206,Medio,Bajo,Crítico,5518,80,1,0,569123.7774677605,15325062.91,3.0,2.0,0.7662531455,0.7662531455,25.0,"consumo cupo 77% | saldo expuesto $15,325,063",Seguimiento normal,"Gestión preventiva inmediata: validar saldo, contactar CB y evaluar bloqueo preventivo."
2026-05-11,77967,2026-04-30,BARRIO CENTRO MACARAVITA 1,ACTIVO,ACTIVO,PREVENTIVO,SANTANDER,MACARAVITA,WOMPI,0.08216575916368436,0.8594890273081196,Alto,Bajo,Crítico,5519,81,1,0,562912.6860848517,6850940.0,18.0,0.0,0.685094,0.685094,10.0,"saldo expuesto $6,850,940",Seguimiento normal,"Gestión preventiva inmediata: validar saldo, contactar CB y evaluar bloqueo preventivo."
2026-05-11,82643,2026-04-30,BARRIO JUAN DE AMPUDIA CENTRO JAMUNDI,ACTIVO,ACTIVO,PREVENTIVO,VALLE DEL CAUCA,JAMUNDÍ,WOMPI,0.1608411679230064,0.9329339857544781,Crítico,Bajo,Crítico,5520,82,1,0,561409.8238297049,3490461.0,26.0,19.0,0.9972745714285715,0.9972745714285715,35.0,"consumo cupo 100% | saldo expuesto $3,490,461",Seguimiento normal,"Gestión preventiva inmediata: validar saldo, contactar CB y evaluar bloqueo preventivo."
2026-05-11,66076,2026-04-30,BARRIO CADILLAL POPAYAN 4,ACTIVO,ACTIVO,PREVENTIVO,CAUCA,POPAYÁN,WOMPI,0.012640679195370727,0.4285300120863462,Bajo,Bajo,Crítico,5521,83,1,0,560809.0415878843,44365420.0,10.0,1.0,0.9858982222222222,0.9858982222222222,35.0,"consumo cupo 99% | saldo expuesto $44,365,420",Seguimiento normal,"Gestión preventiva inmediata: validar saldo, contactar CB y evaluar bloqueo preventivo."
2026-05-11,77476,2026-04-30,BARRIO 1 DE DICIEMBRE  SABANALARGA,ACTIVO,ACTIVO,PREVENTIVO,ATLÁNTICO,SABANALARGA,WOMPI,0.08230982584448958,0.859737626972252,Alto,Bajo,Crítico,5522,84,1,0,558263.2660168685,6782462.0,12.0,1.0,0.9689231428571429,0.9689231428571429,35.0,"consumo cupo 97% | saldo expuesto $6,782,462",Seguimiento normal,"Gestión preventiva inmediata: validar saldo, contactar CB y evaluar bloqueo preventivo."
2026-05-11,65471,2026-04-30,BARRIO EL SOCORRO CERETE 1,ACTIVO,ACTIVO,PREVENTIVO,CÓRDOBA,CERETÉ,WOMPI,0.020780925149858184,0.5640412179801159,Bajo,Medio,Crítico,5523,85,1,0,557939.6303756105,26848642.51,55.0,1.0,0.8135952275757576,0.8135952275757576,55.0,"55 días sin compensar | consumo cupo 81% | saldo expuesto $26,848,643",Monitoreo y recordatorio preventivo,"Gestión preventiva inmediata: validar saldo, contactar CB y evaluar bloqueo preventivo."
2026-05-11,77605,2026-04-30,BARRIO VILLAS DEL NUEVO SIGLO LA MESA,ACTIVO,ACTIVO,PREVENTIVO,CUNDINAMARCA,LA MESA,WOMPI,0.058284296499919785,0.8041947238744471,Medio,Bajo,Crítico,5524,86,1,0,555788.909955644,9535826.0,2.0,0.0,0.9535826,0.9535826,35.0,"consumo cupo 95% | saldo expuesto $9,535,826",Seguimiento normal,"Gestión preventiva inmediata: validar saldo, contactar CB y evaluar bloqueo preventivo."
2026-05-11,73048,2026-04-30,BARRIO TOLEMAIDA NILO,ACTIVO,ACTIVO,PREVENTIVO,CUNDINAMARCA,NILO,WOMPI,0.03801368454658842,0.7167694968224667,Medio,Alto,Crítico,5526,87,1,0,555294.2483806888,14607746.0,30.0,4.0,0.9738497333333334,0.9738497333333334,65.0,"30 días sin compensar | consumo cupo 97% | saldo expuesto $14,607,746",Contacto el mismo día + seguimiento de compensación,"Gestión preventiva inmediata: validar saldo, contactar CB y evaluar bloqueo preventivo."
2026-05-11,72940,2026-04-30,BARRIO VERGANZO SECTOR TOLIMA,ACTIVO,ACTIVO,PREVENTIVO,CUNDINAMARCA,TOCANCIPÁ,WOMPI,0.03751814481297022,0.7137723179247925,Medio,Bajo,Crítico,5528,88,1,0,554267.7467190733,14773325.0,13.0,2.0,0.9848883333333334,0.9848883333333334,35.0,"consumo cupo 98% | saldo expuesto $14,773,325",Seguimiento normal,"Gestión preventiva inmediata: validar saldo, contactar CB y evaluar bloqueo preventivo."
2026-05-11,62604,2026-04-30,BARRIO CAMELLON ISTMINA 2,ACTIVO,ACTIVO,PREVENTIVO,CHOCÓ,ISTMINA,WOMPI,0.08313875514723043,0.8611532954284483,Alto,Bajo,Crítico,5534,89,1,0,546468.1277263155,6572965.0,3.0,0.0,0.938995,0.938995,35.0,"consumo cupo 94% | saldo expuesto $6,572,965",Seguimiento normal,"Gestión preventiva inmediata: validar saldo, contactar CB y evaluar bloqueo preventivo."
2026-05-11,70905,2026-04-30,	VILLATINA,ACTIVO,ACTIVO,PREVENTIVO,ANTIOQUIA,MEDELLÍN,WOMPI,0.054138002695661394,0.7905654389025591,Medio,Bajo,Crítico,5538,90,1,0,540604.1752399824,9985669.0,3.0,0.0,0.9985669,0.9985669,35.0,"consumo cupo 100% | saldo expuesto $9,985,669",Seguimiento normal,"Gestión preventiva inmediata: validar saldo, contactar CB y evaluar bloqueo preventivo."
2026-05-11,63572,2026-04-30,BARRIO PROGRESO VILLANUEVA 3,ACTIVO,ACTIVO,PREVENTIVO,CASANARE,VILLANUEVA,WOMPI,0.035867296554372034,0.7033628942649702,Medio,Bajo,Crítico,5539,91,1,0,537413.7642544055,14983392.0,12.0,1.0,0.9988928,0.9988928,35.0,"consumo cupo 100% | saldo expuesto $14,983,392",Seguimiento normal,"Gestión preventiva inmediata: validar saldo, contactar CB y evaluar bloqueo preventivo."
2026-05-11,71325,2026-04-30,BARRIO ESTERO VILLAVICENCIO 14,ACTIVO,ACTIVO,PREVENTIVO,META,VILLAVICENCIO,WOMPI,0.06867666515306053,0.8322658352699616,Alto,Alto,Crítico,5541,92,1,0,535742.956319107,7800946.0,41.0,1.0,0.97511825,0.97511825,65.0,"41 días sin compensar | consumo cupo 98% | saldo expuesto $7,800,946",Contacto el mismo día + seguimiento de compensación,"Gestión preventiva inmediata: validar saldo, contactar CB y evaluar bloqueo preventivo."
2026-05-11,80360,2026-04-30,BARRIO EL DIQUE CHINACOTA 1,ACTIVO,ACTIVO,PREVENTIVO,NORTE DE SANTANDER,CHINÁCOTA,WOMPI,0.05603489769410289,0.7970034552401714,Medio,Bajo,Crítico,5543,93,1,0,533928.1864688733,9528494.0,6.0,0.0,0.9528494,0.9528494,35.0,"consumo cupo 95% | saldo expuesto $9,528,494",Seguimiento normal,"Gestión preventiva inmediata: validar saldo, contactar CB y evaluar bloqueo preventivo."
2026-05-11,78465,2026-04-30,BARRIO EL PRADO TAMINANGO  2,ACTIVO,ACTIVO,PREVENTIVO,NARIÑO,TAMINANGO,WOMPI,0.05741194335650694,0.8014603218398149,Medio,Bajo,Crítico,5545,94,1,0,533347.7104590691,9289839.0,20.0,0.0,0.9289839,0.9289839,35.0,"consumo cupo 93% | saldo expuesto $9,289,839",Seguimiento normal,"Gestión preventiva inmediata: validar saldo, contactar CB y evaluar bloqueo preventivo."
2026-05-11,52895,2026-04-30,BARRIO EL BOSQUE CUCUTA 1,ACTIVO,ACTIVO,PREVENTIVO,NORTE DE SANTANDER,CÚCUTA,WOMPI,0.017254684928493625,0.5132512810061657,Bajo,Bajo,Crítico,5546,95,1,0,531542.2944708425,30805679.54,5.0,1.0,0.962677485625,0.962677485625,35.0,"consumo cupo 96% | saldo expuesto $30,805,680",Seguimiento normal,"Gestión preventiva inmediata: validar saldo, contactar CB y evaluar bloqueo preventivo."
2026-05-11,33563,2026-04-30,BARRIO SUBA LOMBARDIA BOGOTA 1,ACTIVO,ACTIVO,PREVENTIVO,CUNDINAMARCA,BOGOTÁ,WOMPI,0.017438122128069986,0.5161523243334828,Bajo,Bajo,Crítico,5548,96,1,0,530988.9529206634,30449893.0,4.0,0.0,0.9822546129032258,0.9822546129032258,35.0,"consumo cupo 98% | saldo expuesto $30,449,893",Seguimiento normal,"Gestión preventiva inmediata: validar saldo, contactar CB y evaluar bloqueo preventivo."
2026-05-11,80772,2026-04-30,BARRIO LA ISABELLA BOGOTA,ACTIVO,ACTIVO,PREVENTIVO,CUNDINAMARCA,BOGOTÁ,WOMPI,0.07662105203117998,0.8493037759985473,Alto,Bajo,Crítico,5549,97,1,0,526435.6649275065,6870640.0,3.0,0.0,0.98152,0.98152,35.0,"consumo cupo 98% | saldo expuesto $6,870,640",Seguimiento normal,"Gestión preventiva inmediata: validar saldo, contactar CB y evaluar bloqueo preventivo."
2026-05-11,20750,2026-04-30,BARRIO TRIGAL DEL NORTE - CÚCUTA,ACTIVO,ACTIVO,PREVENTIVO,NORTE DE SANTANDER,CÚCUTA,WOMPI,0.012525265943588729,0.4260767475621588,Bajo,Alto,Crítico,5553,98,1,0,523210.6982901437,41772422.29,34.0,1.0,0.9493732338636364,0.9493732338636364,65.0,"34 días sin compensar | consumo cupo 95% | saldo expuesto $41,772,422",Contacto el mismo día + seguimiento de compensación,"Gestión preventiva inmediata: validar saldo, contactar CB y evaluar bloqueo preventivo."
2026-05-11,54891,2026-04-30,BARRIO CALLEJON CUCUTA 9,ACTIVO,ACTIVO,PREVENTIVO,NORTE DE SANTANDER,CÚCUTA,WOMPI,0.011440824683841447,0.402082714496441,Bajo,Bajo,Crítico,5558,99,1,0,514616.3142972917,44980701.0,3.0,1.0,0.9995711333333334,0.9995711333333334,35.0,"consumo cupo 100% | saldo expuesto $44,980,701",Seguimiento normal,"Gestión preventiva inmediata: validar saldo, contactar CB y evaluar bloqueo preventivo."
2026-05-11,72847,2026-04-30,VALLEDUPAR VILLA DARIANA,ACTIVO,ACTIVO,PREVENTIVO,CESAR,VALLEDUPAR,WOMPI,0.33044822483660985,0.9747513173920257,Crítico,Medio,Crítico,5559,100,1,0,514100.443409378,1555767.0,2.0,44.0,0.1555767,0.1555767,55.0,"44 días sin transacciones | saldo expuesto $1,555,767 | mora operativa 31-60",Monitoreo y recordatorio preventivo,"Gestión preventiva inmediata: validar saldo, contactar CB y evaluar bloqueo preventivo."
2026-05-11,61400,2026-04-30,BARRIO PARQUE PRINCIPAL BELLO 1,ACTIVO,ACTIVO,PREVENTIVO,ANTIOQUIA,BELLO,WOMPI,0.01889238905057509,0.5380950735788442,Bajo,Bajo,Crítico,5561,101,1,0,512022.94497786486,27102075.0,12.0,1.0,0.96793125,0.96793125,35.0,"consumo cupo 97% | saldo expuesto $27,102,075",Seguimiento normal,"Gestión preventiva inmediata: validar saldo, contactar CB y evaluar bloqueo preventivo."
2026-05-11,78316,2026-04-30,BARRIO CORNALIZA EL BAGRE  1,ACTIVO,ACTIVO,PREVENTIVO,ANTIOQUIA,EL BAGRE,WOMPI,0.1189531041020726,0.9050379822814347,Crítico,Crítico,Crítico,5562,102,1,0,510704.9304345514,4293330.0,47.0,46.0,0.858666,0.858666,100.0,"47 días sin compensar | 46 días sin transacciones | consumo cupo 86% | saldo expuesto $4,293,330 | mora operativa 31-60",Bloqueo/validación inmediata + gestión prioritaria,"Gestión preventiva inmediata: validar saldo, contactar CB y evaluar bloqueo preventivo."
2026-05-11,73195,2026-04-30,BARRIO SANTA MARIA BARRANQUILLA  3,ACTIVO,ACTIVO,PREVENTIVO,ATLÁNTICO,BARRANQUILLA,WOMPI,0.05054162393988742,0.7773097013931798,Medio,Alto,Crítico,5567,103,1,0,496366.76163243735,9820950.0,33.0,1.0,0.982095,0.982095,65.0,"33 días sin compensar | consumo cupo 98% | saldo expuesto $9,820,950",Contacto el mismo día + seguimiento de compensación,"Gestión preventiva inmediata: validar saldo, contactar CB y evaluar bloqueo preventivo."
2026-05-11,24376,2026-04-30,BARRIO CENTRO III - YOTOCO,ACTIVO,ACTIVO,PREVENTIVO,VALLE DEL CAUCA,YOTOCO,WOMPI,0.015816782981625623,0.48938522491197173,Bajo,Bajo,Crítico,5570,104,1,0,494075.92642574554,31237447.4,10.0,1.0,0.9995983168,0.9995983168,35.0,"consumo cupo 100% | saldo expuesto $31,237,447",Seguimiento normal,"Gestión preventiva inmediata: validar saldo, contactar CB y evaluar bloqueo preventivo."
2026-05-11,42245,2026-04-30,BARRIO LA PRIMAVERA OCAÑA 3,ACTIVO,ACTIVO,PREVENTIVO,NORTE DE SANTANDER,OCAÑA,WOMPI,0.022807777082652875,0.5891020285870479,Bajo,Alto,Crítico,5572,105,1,0,493383.7182584343,21632258.0,34.0,0.0,0.9614336888888889,0.9614336888888889,65.0,"34 días sin compensar | consumo cupo 96% | saldo expuesto $21,632,258",Contacto el mismo día + seguimiento de compensación,"Gestión preventiva inmediata: validar saldo, contactar CB y evaluar bloqueo preventivo."
2026-05-11,73782,2026-04-30,BARRIO SANTO DOMINGO MEDELLIN  5,ACTIVO,ACTIVO,PREVENTIVO,ANTIOQUIA,MEDELLÍN,WOMPI,0.05001776753527733,0.7752535469386839,Medio,Bajo,Crítico,5573,106,1,0,493225.19966323767,9860999.88,5.0,0.0,0.9860999880000001,0.9860999880000001,35.0,"consumo cupo 99% | saldo expuesto $9,861,000",Seguimiento normal,"Gestión preventiva inmediata: validar saldo, contactar CB y evaluar bloqueo preventivo."
2026-05-11,60358,2026-04-30,BARRIO MARALLA PEREIRA,ACTIVO,ACTIVO,PREVENTIVO,RISARALDA,PEREIRA,WOMPI,0.0139047490340051,0.4542265380002759,Bajo,Bajo,Crítico,5574,107,1,0,491142.2939517151,35321910.0,18.0,0.0,0.9546462162162163,0.9546462162162163,35.0,"consumo cupo 95% | saldo expuesto $35,321,910",Seguimiento normal,"Gestión preventiva inmediata: validar saldo, contactar CB y evaluar bloqueo preventivo."
2026-05-11,81578,2026-04-30,BARRIO BOSQUES DEL NORTE MANIZALES 1,ACTIVO,ACTIVO,PREVENTIVO,CALDAS,MANIZALES,WOMPI,0.06978622705799872,0.834844070158728,Alto,Bajo,Crítico,5576,108,1,0,488303.86122415104,6997138.0,10.0,5.0,0.9995911428571429,0.9995911428571429,35.0,"consumo cupo 100% | saldo expuesto $6,997,138",Seguimiento normal,"Gestión preventiva inmediata: validar saldo, contactar CB y evaluar bloqueo preventivo."
2026-05-11,60367,2026-04-30,BARRIO JORDAN 8 ETAPA IBAGUE,ACTIVO,ACTIVO,PREVENTIVO,TOLIMA,IBAGUÉ,WOMPI,0.05038153660510363,0.7766849274733578,Medio,Bajo,Crítico,5579,109,1,0,483740.8579051938,9601550.3,25.0,0.0,0.96015503,0.96015503,35.0,"consumo cupo 96% | saldo expuesto $9,601,550",Seguimiento normal,"Gestión preventiva inmediata: validar saldo, contactar CB y evaluar bloqueo preventivo."
2026-05-11,72275,2026-04-30,BARRIO SUEVA JUNIN,ACTIVO,ACTIVO,PREVENTIVO,CUNDINAMARCA,JUNÍN,WOMPI,0.03239731781993681,0.6791079648866176,Medio,Bajo,Crítico,5580,110,1,0,483192.3560135553,14914579.0,12.0,0.0,0.9943052666666666,0.9943052666666666,35.0,"consumo cupo 99% | saldo expuesto $14,914,579",Seguimiento normal,"Gestión preventiva inmediata: validar saldo, contactar CB y evaluar bloqueo preventivo."
2026-05-11,70573,2026-04-30,BARRIO LA CONSOLATA CARTAGENA DE INDIAS,ACTIVO,ACTIVO,PREVENTIVO,BOLÍVAR,CARTAGENA DE INDIAS,WOMPI,0.012890710832971431,0.4337814315494908,Bajo,Bajo,Crítico,5583,111,1,0,479684.6904088367,37211655.48,28.0,2.0,0.9792540915789473,0.9792540915789473,35.0,"consumo cupo 98% | saldo expuesto $37,211,655",Seguimiento normal,"Gestión preventiva inmediata: validar saldo, contactar CB y evaluar bloqueo preventivo."
2026-05-11,75659,2026-04-30,BARRIO COLINAS MANIZALES,ACTIVO,ACTIVO,PREVENTIVO,CALDAS,MANIZALES,WOMPI,0.04872353424771205,0.7700254639793296,Medio,Bajo,Crítico,5584,112,1,0,478738.1529984565,9825604.0,5.0,1.0,0.9825604,0.9825604,35.0,"consumo cupo 98% | saldo expuesto $9,825,604",Seguimiento normal,"Gestión preventiva inmediata: validar saldo, contactar CB y evaluar bloqueo preventivo."
2026-05-11,76736,2026-04-30,BARRIO LA TOMA NEIVA 3,ACTIVO,ACTIVO,PREVENTIVO,HUILA,NEIVA,WOMPI,0.06798270467994098,0.8306170820733394,Alto,Bajo,Crítico,5587,113,1,0,475827.6058175535,6999245.0,5.0,3.0,0.9998921428571429,0.9998921428571429,35.0,"consumo cupo 100% | saldo expuesto $6,999,245",Seguimiento normal,"Gestión preventiva inmediata: validar saldo, contactar CB y evaluar bloqueo preventivo."
2026-05-11,72604,2026-04-30,GOLDEN CLEAN SUMINISTROS,ACTIVO,ACTIVO,PREVENTIVO,META,VILLAVICENCIO,WOMPI,0.047596766639576904,0.7652940335995023,Medio,Bajo,Crítico,5588,114,1,0,475419.9228052808,9988492.0,13.0,3.0,0.9988492,0.9988492,35.0,"consumo cupo 100% | saldo expuesto $9,988,492",Seguimiento normal,"Gestión preventiva inmediata: validar saldo, contactar CB y evaluar bloqueo preventivo."
2026-05-11,71962,2026-04-30,GUADALAJARA DE BUGA CENTRO CORR EL VINCULO,ACTIVO,ACTIVO,PREVENTIVO,VALLE DEL CAUCA,GUADALAJARA DE BUGA,WOMPI,0.04790147105505122,0.7665905890052649,Medio,Bajo,Crítico,5589,115,1,0,474829.9901376719,9912639.0,2.0,0.0,0.9912639,0.9912639,35.0,"consumo cupo 99% | saldo expuesto $9,912,639",Seguimiento normal,"Gestión preventiva inmediata: validar saldo, contactar CB y evaluar bloqueo preventivo."
2026-05-11,79597,2026-04-30,BARRIO LA VICTORIA BARRANQUILLA  2,ACTIVO,ACTIVO,PREVENTIVO,ATLÁNTICO,BARRANQUILLA,WOMPI,0.14137184291272203,0.921915301498595,Crítico,Bajo,Crítico,5592,116,1,0,472295.7596620363,3340805.0,26.0,12.0,0.9545157142857142,0.9545157142857142,35.0,"consumo cupo 95% | saldo expuesto $3,340,805",Seguimiento normal,"Gestión preventiva inmediata: validar saldo, contactar CB y evaluar bloqueo preventivo."
2026-05-11,56932,2026-04-30,BARRIO DELICIAS BOGOTA,ACTIVO,ACTIVO,PREVENTIVO,CUNDINAMARCA,BOGOTÁ,WOMPI,0.07551456360266907,0.8471162022978094,Alto,Bajo,Crítico,5593,117,1,0,472213.18168335326,6253273.0,15.0,1.0,0.6253273,0.6253273,10.0,"saldo expuesto $6,253,273",Seguimiento normal,"Gestión preventiva inmediata: validar saldo, contactar CB y evaluar bloqueo preventivo."
2026-05-11,50989,2026-04-30,BARRIO RETIRO VILLAVICENCIO 2,ACTIVO,ACTIVO,PREVENTIVO,META,VILLAVICENCIO,WOMPI,0.014155743502963301,0.45908520055227325,Bajo,Bajo,Crítico,5594,118,1,0,470106.0399606252,33209561.89,8.0,1.0,0.9767518202941177,0.9767518202941177,35.0,"consumo cupo 98% | saldo expuesto $33,209,562",Seguimiento normal,"Gestión preventiva inmediata: validar saldo, contactar CB y evaluar bloqueo preventivo."
2026-05-11,27663,2026-04-30,BARRIO ROBLEDO 2  MEDELLIN,ACTIVO,ACTIVO,PREVENTIVO,ANTIOQUIA,MEDELLÍN,WOMPI,0.011118229710205112,0.39460054112756476,Bajo,Alto,Crítico,5595,119,1,0,469575.4854796397,42234735.0,30.0,0.0,0.9385496666666666,0.9385496666666666,65.0,"30 días sin compensar | consumo cupo 94% | saldo expuesto $42,234,735",Contacto el mismo día + seguimiento de compensación,"Gestión preventiva inmediata: validar saldo, contactar CB y evaluar bloqueo preventivo."
2026-05-11,41095,2026-04-30,BARRIO TABLAZO COPACABANA,ACTIVO,ACTIVO,PREVENTIVO,ANTIOQUIA,COPACABANA,WOMPI,0.01591001480538077,0.49099585495662856,Bajo,Alto,Crítico,5597,120,1,0,469157.4443419926,29488184.02,33.0,3.0,0.9829394673333334,0.9829394673333334,65.0,"33 días sin compensar | consumo cupo 98% | saldo expuesto $29,488,184",Contacto el mismo día + seguimiento de compensación,"Gestión preventiva inmediata: validar saldo, contactar CB y evaluar bloqueo preventivo."
2026-05-11,43232,2026-04-30,BARRIO TINTALITO BOGOTA 1,ACTIVO,ACTIVO,PREVENTIVO,CUNDINAMARCA,BOGOTÁ,WOMPI,0.06207410334231608,0.8153355527831435,Alto,Alto,Crítico,5598,121,1,0,466500.2971067914,7515216.04,32.0,0.0,0.939402005,0.939402005,65.0,"32 días sin compensar | consumo cupo 94% | saldo expuesto $7,515,216",Contacto el mismo día + seguimiento de compensación,"Gestión preventiva inmediata: validar saldo, contactar CB y evaluar bloqueo preventivo."
2026-05-11,65750,2026-04-30,BARRIO VEREDA MORINDO SANTO DOMINGO MONTERIA,ACTIVO,ACTIVO,PREVENTIVO,CÓRDOBA,MONTERÍA,WOMPI,0.01226804341734747,0.4205414289014484,Bajo,Bajo,Crítico,5599,122,1,0,464730.96661099186,37881425.0,25.0,0.0,0.9968796052631579,0.9968796052631579,35.0,"consumo cupo 100% | saldo expuesto $37,881,425",Seguimiento normal,"Gestión preventiva inmediata: validar saldo, contactar CB y evaluar bloqueo preventivo."
2026-05-11,64281,2026-04-30,BARRIO CATAQUITA ARACATACA,ACTIVO,ACTIVO,PREVENTIVO,MAGDALENA,ARACATACA,WOMPI,0.019268881415640225,0.5434863174165853,Bajo,Bajo,Crítico,5600,123,1,0,463313.4902616923,24044649.0,10.0,2.0,0.6869899714285714,0.6869899714285714,10.0,"saldo expuesto $24,044,649",Seguimiento normal,"Gestión preventiva inmediata: validar saldo, contactar CB y evaluar bloqueo preventivo."
2026-05-11,66134,2026-04-30,BARRIO CENTRO SANTA ROSA DE VITERBO 8,ACTIVO,ACTIVO,PREVENTIVO,BOYACÁ,SANTA ROSA DE VITERBO,WOMPI,0.03476242696487222,0.696008032878587,Medio,Bajo,Crítico,5601,124,1,0,463064.6580858946,13320838.0,11.0,0.0,0.8880558666666667,0.8880558666666667,25.0,"consumo cupo 89% | saldo expuesto $13,320,838",Seguimiento normal,"Gestión preventiva inmediata: validar saldo, contactar CB y evaluar bloqueo preventivo."
2026-05-11,62758,2026-04-30,BARRIO SAN NICOLAS PEREIRA 1,ACTIVO,ACTIVO,PREVENTIVO,RISARALDA,PEREIRA,WOMPI,0.015464722013768096,0.4832200887230312,Bajo,Bajo,Crítico,5602,125,1,0,462489.8787045564,29906123.0,10.0,1.0,0.9968707666666666,0.9968707666666666,35.0,"consumo cupo 100% | saldo expuesto $29,906,123",Seguimiento normal,"Gestión preventiva inmediata: validar saldo, contactar CB y evaluar bloqueo preventivo."
2026-05-11,80443,2026-04-30,BARRIO MARROQUIN II CALI 1,ACTIVO,ACTIVO,PREVENTIVO,VALLE DEL CAUCA,CALI,WOMPI,0.0656171247346459,0.8247763272385689,Alto,Bajo,Crítico,5603,126,1,0,459060.2124003501,6996042.79,8.0,0.0,0.9994346842857142,0.9994346842857142,35.0,"consumo cupo 100% | saldo expuesto $6,996,043",Seguimiento normal,"Gestión preventiva inmediata: validar saldo, contactar CB y evaluar bloqueo preventivo."
2026-05-11,79202,2026-04-30,BARRIO OLIMPICO VILLAVICENCIO 4,ACTIVO,ACTIVO,PREVENTIVO,META,VILLAVICENCIO,WOMPI,0.07623054929583149,0.8485380144200622,Alto,Bajo,Crítico,5604,127,1,0,458413.8565709193,6013519.0,6.0,1.0,0.8590741428571429,0.8590741428571429,25.0,"consumo cupo 86% | saldo expuesto $6,013,519",Seguimiento normal,"Gestión preventiva inmediata: validar saldo, contactar CB y evaluar bloqueo preventivo."
2026-05-11,60548,2026-04-30,BARRIO CENTRO DUITAMA 19,ACTIVO,ACTIVO,PREVENTIVO,BOYACÁ,DUITAMA,WOMPI,0.026276959721936114,0.6264226613684215,Bajo,Bajo,Crítico,5605,128,1,0,458317.4760780653,17441800.0,10.0,1.0,0.6014413793103448,0.6014413793103448,10.0,"saldo expuesto $17,441,800",Seguimiento normal,"Gestión preventiva inmediata: validar saldo, contactar CB y evaluar bloqueo preventivo."
2026-05-11,74120,2026-04-30,BARRIO CENTRO PAMPLONA 22,ACTIVO,ACTIVO,PREVENTIVO,NORTE DE SANTANDER,PAMPLONA,WOMPI,0.0806873787976079,0.856893031827648,Alto,Bajo,Crítico,5606,129,1,0,454382.66289871273,5631397.0,2.0,0.0,0.8044852857142857,0.8044852857142857,25.0,"consumo cupo 80% | saldo expuesto $5,631,397",Seguimiento normal,"Gestión preventiva inmediata: validar saldo, contactar CB y evaluar bloqueo preventivo."
2026-05-11,83068,2026-04-30,BARRIO PANDIACO PASTO 4,ACTIVO,ACTIVO,PREVENTIVO,NARIÑO,PASTO,WOMPI,0.2271013410897463,0.9566334920227266,Crítico,Bajo,Crítico,5607,130,1,0,454176.3384239262,1999884.0,6.0,27.0,0.2856977142857143,0.2856977142857143,10.0,"saldo expuesto $1,999,884",Seguimiento normal,"Gestión preventiva inmediata: validar saldo, contactar CB y evaluar bloqueo preventivo."
2026-05-11,57370,2026-04-30,BARRIO CALICANTO POPAYAN,ACTIVO,ACTIVO,PREVENTIVO,CAUCA,POPAYÁN,WOMPI,0.04544018203743507,0.7557363384332209,Medio,Bajo,Crítico,5608,131,1,0,454125.0896657427,9993910.0,5.0,0.0,0.999391,0.999391,35.0,"consumo cupo 100% | saldo expuesto $9,993,910",Seguimiento normal,"Gestión preventiva inmediata: validar saldo, contactar CB y evaluar bloqueo preventivo."
2026-05-11,40645,2026-04-30,BARRIO PALMERAS CUCUTA,ACTIVO,ACTIVO,PREVENTIVO,NORTE DE SANTANDER,CÚCUTA,WOMPI,0.01457921028334426,0.4671097870763541,Bajo,Bajo,Crítico,5609,132,1,0,453432.5094190571,31101308.0,29.0,1.0,0.6911401777777778,0.6911401777777778,10.0,"saldo expuesto $31,101,308",Seguimiento normal,"Gestión preventiva inmediata: validar saldo, contactar CB y evaluar bloqueo preventivo."
2026-05-11,56946,2026-04-30,BARRIO CAUCES DE ORIENTE MEDELLIN,ACTIVO,ACTIVO,PREVENTIVO,ANTIOQUIA,MEDELLÍN,WOMPI,0.06862675004344801,0.8321481876025765,Alto,Bajo,Crítico,5610,133,1,0,452934.1174684678,6599964.55,25.0,0.0,0.6599964549999999,0.6599964549999999,10.0,"saldo expuesto $6,599,965",Seguimiento normal,"Gestión preventiva inmediata: validar saldo, contactar CB y evaluar bloqueo preventivo."
2026-05-11,80512,2026-04-30,BARRIO CENTRO ALGECIRAS 16,ACTIVO,ACTIVO,PREVENTIVO,HUILA,ALGECIRAS,WOMPI,0.04564233844523829,0.7566616899080191,Medio,Bajo,Crítico,5611,134,1,0,452437.0738972527,9912662.0,18.0,4.0,0.9912662,0.9912662,35.0,"consumo cupo 99% | saldo expuesto $9,912,662",Seguimiento normal,"Gestión preventiva inmediata: validar saldo, contactar CB y evaluar bloqueo preventivo."
2026-05-11,80810,2026-04-30,BARRIO EL CABRERO SINCELEJO,ACTIVO,ACTIVO,PREVENTIVO,SUCRE,SINCELEJO,WOMPI,0.06639943978622818,0.8267467046510696,Alto,Bajo,Crítico,5613,135,1,0,451565.79092787195,6800747.0,11.0,1.0,0.9715352857142857,0.9715352857142857,35.0,"consumo cupo 97% | saldo expuesto $6,800,747",Seguimiento normal,"Gestión preventiva inmediata: validar saldo, contactar CB y evaluar bloqueo preventivo."
2026-05-11,63466,2026-04-30,BARRIO CORDOBA IBAGUE 1,ACTIVO,ACTIVO,PREVENTIVO,TOLIMA,IBAGUÉ,WOMPI,0.04591333013547309,0.7578923184444293,Medio,Bajo,Crítico,5614,136,1,0,451168.48640947975,9826525.0,2.0,0.0,0.9826525,0.9826525,35.0,"consumo cupo 98% | saldo expuesto $9,826,525",Seguimiento normal,"Gestión preventiva inmediata: validar saldo, contactar CB y evaluar bloqueo preventivo."
2026-05-11,69653,2026-04-30,BARRIO CHICALA BOGOTA,ACTIVO,ACTIVO,PREVENTIVO,CUNDINAMARCA,BOGOTÁ,WOMPI,0.020644475401450948,0.562255169094947,Bajo,Bajo,Crítico,5615,137,1,0,447113.2589327763,21657768.01,16.0,0.0,0.6986376777419355,0.6986376777419355,10.0,"saldo expuesto $21,657,768",Seguimiento normal,"Gestión preventiva inmediata: validar saldo, contactar CB y evaluar bloqueo preventivo."
2026-05-11,47599,2026-04-30,BARRIO ACACIAS PUERTO CARREÑO 1,ACTIVO,ACTIVO,PREVENTIVO,VICHADA,PUERTO CARREÑO,WOMPI,0.009938473325718811,0.36578085262275617,Bajo,Bajo,Crítico,5616,138,1,0,446728.73093821155,44949432.0,4.0,2.0,0.9988762666666666,0.9988762666666666,35.0,"consumo cupo 100% | saldo expuesto $44,949,432",Seguimiento normal,"Gestión preventiva inmediata: validar saldo, contactar CB y evaluar bloqueo preventivo."
2026-05-11,28132,2026-04-30,	BARRIO CENTRO 3 SANTANDER DE QUILICHAO,ACTIVO,ACTIVO,PREVENTIVO,CAUCA,SANTANDER DE QUILICHAO,WOMPI,0.015433116807434024,0.48266011702963096,Bajo,Bajo,Crítico,5618,139,1,0,445798.17086273496,28885815.9,27.0,1.0,0.9628605299999999,0.9628605299999999,35.0,"consumo cupo 96% | saldo expuesto $28,885,816",Seguimiento normal,"Gestión preventiva inmediata: validar saldo, contactar CB y evaluar bloqueo preventivo."
2026-05-11,77715,2026-04-30,BARRIO SANTANA VALLEDUPAR,ACTIVO,ACTIVO,PREVENTIVO,CESAR,VALLEDUPAR,WOMPI,0.2764170456806144,0.9669770136427238,Crítico,Bajo,Crítico,5620,140,1,0,445031.4435457892,1610000.0,19.0,2.0,0.23,0.23,10.0,"saldo expuesto $1,610,000",Seguimiento normal,"Gestión preventiva inmediata: validar saldo, contactar CB y evaluar bloqueo preventivo."
2026-05-11,64956,2026-04-30,BARRIO CORREGIMIENTO MINA GALLO MORALES,ACTIVO,ACTIVO,PREVENTIVO,BOLÍVAR,MORALES,WOMPI,0.029595526492903052,0.6567708678704067,Bajo,Bajo,Crítico,5621,141,1,0,443805.37026988785,14995691.0,3.0,0.0,0.9997127333333333,0.9997127333333333,35.0,"consumo cupo 100% | saldo expuesto $14,995,691",Seguimiento normal,"Gestión preventiva inmediata: validar saldo, contactar CB y evaluar bloqueo preventivo."
2026-05-11,45656,2026-04-30,BARRIO LA MARIA POPAYAN 1,ACTIVO,ACTIVO,PREVENTIVO,CAUCA,POPAYÁN,WOMPI,0.030910179469338196,0.6675900746341884,Medio,Bajo,Crítico,5623,142,1,0,440414.73007143,14248210.06,11.0,0.0,0.9498806706666667,0.9498806706666667,35.0,"consumo cupo 95% | saldo expuesto $14,248,210",Seguimiento normal,"Gestión preventiva inmediata: validar saldo, contactar CB y evaluar bloqueo preventivo."
2026-05-11,80942,2026-04-30,BARRIO CALLEJON CUCUTA 23,ACTIVO,ACTIVO,PREVENTIVO,NORTE DE SANTANDER,CÚCUTA,WOMPI,0.06289504242393974,0.8176018676227733,Alto,Bajo,Crítico,5624,143,1,0,440246.23976972373,6999697.0,12.0,3.0,0.9999567142857143,0.9999567142857143,35.0,"consumo cupo 100% | saldo expuesto $6,999,697",Seguimiento normal,"Gestión preventiva inmediata: validar saldo, contactar CB y evaluar bloqueo preventivo."
2026-05-11,40135,2026-04-30,BARRIO PRADITO MEDELLIN 1,ACTIVO,ACTIVO,PREVENTIVO,ANTIOQUIA,MEDELLÍN,WOMPI,0.03281284677367606,0.6821983556244064,Medio,Bajo,Crítico,5625,144,1,0,438757.2106522653,13371507.01,8.0,0.0,0.3820430574285714,0.3820430574285714,10.0,"saldo expuesto $13,371,507",Seguimiento normal,"Gestión preventiva inmediata: validar saldo, contactar CB y evaluar bloqueo preventivo."
2026-05-11,66220,2026-04-30,BARRIO ESMERALDA UNO CARTAGENA DE INIDAS,ACTIVO,ACTIVO,PREVENTIVO,BOLÍVAR,CARTAGENA DE INDIAS,WOMPI,0.08808655232720158,0.8691120289535255,Alto,Bajo,Crítico,5628,145,1,0,433733.3388987626,4923945.0,8.0,0.0,0.984789,0.984789,35.0,"consumo cupo 98% | saldo expuesto $4,923,945",Seguimiento normal,"Gestión preventiva inmediata: validar saldo, contactar CB y evaluar bloqueo preventivo."
2026-05-11,78518,2026-04-30,BARRIO EL BOSQUE CUCUTA  4,ACTIVO,ACTIVO,PREVENTIVO,NORTE DE SANTANDER,CÚCUTA,WOMPI,0.061432224934249324,0.8135286090425272,Alto,Crítico,Crítico,5631,146,1,0,430025.5745397453,7000000.0,999.0,15.0,1.0,1.0,80.0,"999 días sin compensar | consumo cupo 100% | saldo expuesto $7,000,000",Bloqueo/validación inmediata + gestión prioritaria,"Gestión preventiva inmediata: validar saldo, contactar CB y evaluar bloqueo preventivo."
2026-05-11,77929,2026-04-30,BARRIO 	CUBIS SEC DIVINO NIÑO ISTMINA CHOCO ISTMINA,ACTIVO,ACTIVO,PREVENTIVO,CHOCÓ,ISTMINA,WOMPI,0.043036114981345804,0.744229039618909,Medio,Bajo,Crítico,5633,147,1,0,428316.93435184413,9952500.0,16.0,4.0,0.99525,0.99525,35.0,"consumo cupo 100% | saldo expuesto $9,952,500",Seguimiento normal,"Gestión preventiva inmediata: validar saldo, contactar CB y evaluar bloqueo preventivo."
2026-05-11,79412,2026-04-30,BARRIO CENTRO SAN MARCOS 5,ACTIVO,ACTIVO,PREVENTIVO,SUCRE,SAN MARCOS,WOMPI,0.04271078203921402,0.7425969443505818,Medio,Bajo,Crítico,5634,148,1,0,426704.37434499775,9990554.0,10.0,2.0,0.9990554,0.9990554,35.0,"consumo cupo 100% | saldo expuesto $9,990,554",Seguimiento normal,"Gestión preventiva inmediata: validar saldo, contactar CB y evaluar bloqueo preventivo."
2026-05-11,10566,2026-04-30,TOLEDO - NORTE DE SANTANDER,ACTIVO,ACTIVO,PREVENTIVO,NORTE DE SANTANDER,TOLEDO,WOMPI,0.009603572729745992,0.35715842068009923,Bajo,Alto,Crítico,5635,149,1,0,425216.8801893942,44276946.94,30.0,0.0,0.9839321542222221,0.9839321542222221,65.0,"30 días sin compensar | consumo cupo 98% | saldo expuesto $44,276,947",Contacto el mismo día + seguimiento de compensación,"Gestión preventiva inmediata: validar saldo, contactar CB y evaluar bloqueo preventivo."
2026-05-11,57788,2026-04-30,BARRIO CANTACLARO MONTERIA 3,ACTIVO,ACTIVO,PREVENTIVO,CÓRDOBA,MONTERÍA,WOMPI,0.04250557800849768,0.7415578578133112,Medio,Bajo,Crítico,5636,150,1,0,424665.60693254025,9990820.66,11.0,1.0,0.999082066,0.999082066,35.0,"consumo cupo 100% | saldo expuesto $9,990,821",Seguimiento normal,"Gestión preventiva inmediata: validar saldo, contactar CB y evaluar bloqueo preventivo."
2026-05-11,67484,2026-04-30,BARRIO QUINTA BOSCH CUCUTA 5,ACTIVO,ACTIVO,PREVENTIVO,NORTE DE SANTANDER,CÚCUTA,WOMPI,0.05827261070237959,0.8041585368082433,Medio,Bajo,Crítico,5638,151,1,0,424341.44249778165,7282005.0,1.0,0.0,0.7282005,0.7282005,25.0,"consumo cupo 73% | saldo expuesto $7,282,005",Seguimiento normal,"Gestión preventiva inmediata: validar saldo, contactar CB y evaluar bloqueo preventivo."
2026-05-11,80451,2026-04-30,BARRIO LA IMACULADA GRANADA,ACTIVO,ACTIVO,PREVENTIVO,META,GRANADA,WOMPI,0.06069162425990036,0.8114045253560316,Alto,Bajo,Crítico,5639,152,1,0,422720.8044676616,6965060.0,10.0,1.0,0.696506,0.696506,10.0,"saldo expuesto $6,965,060",Seguimiento normal,"Gestión preventiva inmediata: validar saldo, contactar CB y evaluar bloqueo preventivo."
2026-05-11,82013,2026-04-30,BARRIO LA ESPAÑOLA MONTERIA,ACTIVO,ACTIVO,PREVENTIVO,CÓRDOBA,MONTERÍA,WOMPI,0.08008197846023374,0.8558057771314387,Alto,Bajo,Crítico,5640,153,1,0,422113.14952961204,5271013.0,2.0,1.0,0.7530018571428572,0.7530018571428572,25.0,"consumo cupo 75% | saldo expuesto $5,271,013",Seguimiento normal,"Gestión preventiva inmediata: validar saldo, contactar CB y evaluar bloqueo preventivo."
2026-05-11,12282,2026-04-30,BARRIO LA FORTALEZA,ACTIVO,ACTIVO,PREVENTIVO,VALLE DEL CAUCA,CALI,WOMPI,0.018141202854453815,0.5269893942479669,Bajo,Bajo,Crítico,5641,154,1,0,422009.9897324605,23262514.24,1.0,0.0,0.9305005695999999,0.9305005695999999,35.0,"consumo cupo 93% | saldo expuesto $23,262,514",Seguimiento normal,"Gestión preventiva inmediata: validar saldo, contactar CB y evaluar bloqueo preventivo."
2026-05-11,62167,2026-04-30,BARRIO SAN MARCOS FUNZA,ACTIVO,ACTIVO,PREVENTIVO,CUNDINAMARCA,FUNZA,WOMPI,0.04378589102574037,0.7479205873711003,Medio,Bajo,Crítico,5644,155,1,0,421089.7459264746,9617019.0,13.0,0.0,0.9617019,0.9617019,35.0,"consumo cupo 96% | saldo expuesto $9,617,019",Seguimiento normal,"Gestión preventiva inmediata: validar saldo, contactar CB y evaluar bloqueo preventivo."
2026-05-11,65490,2026-04-30,BARRIO URB TORCOROMA II CUCUTA 1,ACTIVO,ACTIVO,PREVENTIVO,NORTE DE SANTANDER,CÚCUTA,WOMPI,0.012029072830914282,0.4153135562827501,Bajo,Bajo,Crítico,5645,156,1,0,419786.217099809,34897637.0,5.0,0.0,0.9970753428571428,0.9970753428571428,35.0,"consumo cupo 100% | saldo expuesto $34,897,637",Seguimiento normal,"Gestión preventiva inmediata: validar saldo, contactar CB y evaluar bloqueo preventivo."
2026-05-11,55156,2026-04-30,BARRIO GETSEMANI CARTAGENA DE INDIAS 2,ACTIVO,ACTIVO,PREVENTIVO,BOLÍVAR,CARTAGENA DE INDIAS,WOMPI,0.04166406951339263,0.7372168644386955,Medio,Bajo,Crítico,5647,157,1,0,416280.88422960864,9991364.0,2.0,1.0,0.9991364,0.9991364,35.0,"consumo cupo 100% | saldo expuesto $9,991,364",Seguimiento normal,"Gestión preventiva inmediata: validar saldo, contactar CB y evaluar bloqueo preventivo."
2026-05-11,73705,2026-04-30,BARRIO CENTRO PUERTO BERRIO 7,ACTIVO,ACTIVO,PREVENTIVO,ANTIOQUIA,PUERTO BERRÍO,WOMPI,0.19602908319374357,0.9474697713376082,Crítico,Alto,Crítico,5648,158,1,0,415386.019345709,2119002.0,32.0,24.0,1.0,1.0,65.0,"32 días sin compensar | consumo cupo 100% | saldo expuesto $2,119,002",Contacto el mismo día + seguimiento de compensación,"Gestión preventiva inmediata: validar saldo, contactar CB y evaluar bloqueo preventivo."
2026-05-11,65924,2026-04-30,BARRIO SUBA COMPARTIR BOGOTA 2,ACTIVO,ACTIVO,PREVENTIVO,CUNDINAMARCA,BOGOTÁ,WOMPI,0.02269420952061155,0.587766983457378,Bajo,Bajo,Crítico,5650,159,1,0,413443.0332478414,18217996.66,23.0,0.0,0.7287198664,0.7287198664,25.0,"consumo cupo 73% | saldo expuesto $18,217,997",Seguimiento normal,"Gestión preventiva inmediata: validar saldo, contactar CB y evaluar bloqueo preventivo."
2026-05-11,79190,2026-04-30,BARRIO SANTA ISABEL MAICAO,ACTIVO,ACTIVO,PREVENTIVO,LA GUAJIRA,MAICAO,WOMPI,0.07342244123439598,0.8428248762364727,Alto,Bajo,Crítico,5652,160,1,0,410990.11785562604,5597609.0,23.0,1.0,0.9995730357142857,0.9995730357142857,35.0,"consumo cupo 100% | saldo expuesto $5,597,609",Seguimiento normal,"Gestión preventiva inmediata: validar saldo, contactar CB y evaluar bloqueo preventivo."
2026-05-11,77597,2026-04-30,BARRIO EL ROSARIO BARRANQUILLA 5,ACTIVO,ACTIVO,PREVENTIVO,ATLÁNTICO,BARRANQUILLA,WOMPI,0.07349418889176088,0.8429755241662711,Alto,Crítico,Crítico,5653,161,1,0,409356.82608618564,5569921.0,69.0,3.0,0.99462875,0.99462875,80.0,"69 días sin compensar | consumo cupo 99% | saldo expuesto $5,569,921",Bloqueo/validación inmediata + gestión prioritaria,"Gestión preventiva inmediata: validar saldo, contactar CB y evaluar bloqueo preventivo."
2026-05-11,76380,2026-04-30,BARRIO CAÑAVERAL ISNOS,ACTIVO,ACTIVO,PREVENTIVO,HUILA,ISNOS,WOMPI,0.04087448301617727,0.7330231494565946,Medio,Bajo,Crítico,5654,162,1,0,408744.8301617727,10000000.0,3.0,2.0,1.0,1.0,35.0,"consumo cupo 100% | saldo expuesto $10,000,000",Seguimiento normal,"Gestión preventiva inmediata: validar saldo, contactar CB y evaluar bloqueo preventivo."
2026-05-11,80465,2026-04-30,BARRIO CENTRO VISTAHERMOSA   10,ACTIVO,ACTIVO,PREVENTIVO,META,VISTAHERMOSA,WOMPI,0.05248073607776935,0.7846367398917916,Medio,Medio,Crítico,5655,163,1,0,407947.29869639466,7773277.0,58.0,0.0,0.7773277,0.7773277,55.0,"58 días sin compensar | consumo cupo 78% | saldo expuesto $7,773,277",Monitoreo y recordatorio preventivo,"Gestión preventiva inmediata: validar saldo, contactar CB y evaluar bloqueo preventivo."
2026-05-11,80778,2026-04-30,BARRIO FELIDIA CALI,ACTIVO,ACTIVO,PREVENTIVO,VALLE DEL CAUCA,CALI,WOMPI,0.05887180909120933,0.8059988855888627,Medio,Alto,Crítico,5656,164,1,0,407923.13196436013,6929006.23,58.0,0.0,0.9898580328571429,0.9898580328571429,65.0,"58 días sin compensar | consumo cupo 99% | saldo expuesto $6,929,006",Contacto el mismo día + seguimiento de compensación,"Gestión preventiva inmediata: validar saldo, contactar CB y evaluar bloqueo preventivo."
2026-05-11,77995,2026-04-30,BARRIO CENTRO BARRANQUILLA 53,ACTIVO,ACTIVO,PREVENTIVO,ATLÁNTICO,BARRANQUILLA,WOMPI,0.06123181174386201,0.8129580069341735,Alto,Bajo,Crítico,5658,165,1,0,406830.89272551105,6644110.0,18.0,2.0,0.9491585714285714,0.9491585714285714,35.0,"consumo cupo 95% | saldo expuesto $6,644,110",Seguimiento normal,"Gestión preventiva inmediata: validar saldo, contactar CB y evaluar bloqueo preventivo."
2026-05-11,64170,2026-04-30,BARRIO LATINO CUCUTA 16,ACTIVO,ACTIVO,PREVENTIVO,NORTE DE SANTANDER,CÚCUTA,WOMPI,0.09056395660128684,0.8728060022420341,Crítico,Bajo,Crítico,5660,166,1,0,405092.57787755603,4473000.0,5.0,1.0,0.8946,0.8946,25.0,"consumo cupo 89% | saldo expuesto $4,473,000",Seguimiento normal,"Gestión preventiva inmediata: validar saldo, contactar CB y evaluar bloqueo preventivo."
2026-05-11,16242,2026-04-30,BARRIO LAURELES VI MEDELLIN,ACTIVO,ACTIVO,PREVENTIVO,ANTIOQUIA,MEDELLÍN,WOMPI,0.009009330062024467,0.34134621748670735,Bajo,Bajo,Crítico,5661,167,1,0,403740.0448220032,44813547.96,1.0,1.0,0.9958566213333333,0.9958566213333333,35.0,"consumo cupo 100% | saldo expuesto $44,813,548",Seguimiento normal,"Gestión preventiva inmediata: validar saldo, contactar CB y evaluar bloqueo preventivo."
2026-05-11,80352,2026-04-30,BARRIO PRADO VERANIEGO BOGOTA 10,ACTIVO,ACTIVO,PREVENTIVO,CUNDINAMARCA,BOGOTÁ,WOMPI,0.07858975318633128,0.8530635032439453,Alto,Bajo,Crítico,5666,168,1,0,396650.0289477199,5047096.0,3.0,0.0,0.9012671428571428,0.9012671428571428,35.0,"consumo cupo 90% | saldo expuesto $5,047,096",Seguimiento normal,"Gestión preventiva inmediata: validar saldo, contactar CB y evaluar bloqueo preventivo."
2026-05-11,64840,2026-04-30,BARRIO ALTICO ALTAMIRA 1,ACTIVO,ACTIVO,PREVENTIVO,HUILA,ALTAMIRA,WOMPI,0.026900497689384267,0.6324871787856428,Bajo,Bajo,Crítico,5667,169,1,0,395730.0741503023,14710883.0,4.0,1.0,0.9807255333333333,0.9807255333333333,35.0,"consumo cupo 98% | saldo expuesto $14,710,883",Seguimiento normal,"Gestión preventiva inmediata: validar saldo, contactar CB y evaluar bloqueo preventivo."
2026-05-11,65862,2026-04-30,BARRIO SOLEDAD 2000 SOLEDAD 12,ACTIVO,ACTIVO,PREVENTIVO,ATLÁNTICO,SOLEDAD,WOMPI,0.01202655849764502,0.41525810754431347,Bajo,Bajo,Crítico,5668,170,1,0,395446.9055730216,32881136.0,3.0,1.0,0.9394610285714285,0.9394610285714285,35.0,"consumo cupo 94% | saldo expuesto $32,881,136",Seguimiento normal,"Gestión preventiva inmediata: validar saldo, contactar CB y evaluar bloqueo preventivo."
2026-05-11,80529,2026-04-30,BARRIO EL PARAISO GRANDA,ACTIVO,ACTIVO,PREVENTIVO,META,GRANADA,WOMPI,0.04078206646326472,0.7325244360973368,Medio,Bajo,Crítico,5670,171,1,0,393424.55438904825,9646999.0,2.0,0.0,0.9646999,0.9646999,35.0,"consumo cupo 96% | saldo expuesto $9,646,999",Seguimiento normal,"Gestión preventiva inmediata: validar saldo, contactar CB y evaluar bloqueo preventivo."
2026-05-11,69885,2026-04-30,BARRIO CIUDADELA METROPOLITANA,ACTIVO,ACTIVO,PREVENTIVO,ATLÁNTICO,SOLEDAD,WOMPI,0.03926032408291212,0.7240652713886618,Medio,Bajo,Crítico,5672,172,1,0,392100.1590363228,9987186.0,26.0,1.0,0.9987186,0.9987186,35.0,"consumo cupo 100% | saldo expuesto $9,987,186",Seguimiento normal,"Gestión preventiva inmediata: validar saldo, contactar CB y evaluar bloqueo preventivo."
2026-05-11,65460,2026-04-30,BARRIO PORTALES DE ALICANTE CARTAGENA DE INDIAS,ACTIVO,ACTIVO,PREVENTIVO,BOLÍVAR,CARTAGENA DE INDIAS,WOMPI,0.01379549311643487,0.45208724184977883,Bajo,Bajo,Crítico,5673,173,1,0,391581.5818502453,28384747.0,2.0,1.0,0.7278140256410256,0.7278140256410256,25.0,"consumo cupo 73% | saldo expuesto $28,384,747",Seguimiento normal,"Gestión preventiva inmediata: validar saldo, contactar CB y evaluar bloqueo preventivo."
2026-05-11,66051,2026-04-30,BARRIO CENTRO ASTREA 4,ACTIVO,ACTIVO,PREVENTIVO,CESAR,ASTREA,WOMPI,0.02612619494980955,0.6249291418852988,Bajo,Bajo,Crítico,5674,174,1,0,391560.93868791603,14987293.0,1.0,0.0,0.9991528666666667,0.9991528666666667,35.0,"consumo cupo 100% | saldo expuesto $14,987,293",Seguimiento normal,"Gestión preventiva inmediata: validar saldo, contactar CB y evaluar bloqueo preventivo."
2026-05-11,82522,2026-04-30,BARRIO SAN VICENTE CALI 10,ACTIVO,ACTIVO,PREVENTIVO,VALLE DEL CAUCA,CALI,WOMPI,0.05598688403430868,0.7968448526809089,Medio,Bajo,Crítico,5675,175,1,0,390474.4761138102,6974392.0,3.0,1.0,0.9963417142857143,0.9963417142857143,35.0,"consumo cupo 100% | saldo expuesto $6,974,392",Seguimiento normal,"Gestión preventiva inmediata: validar saldo, contactar CB y evaluar bloqueo preventivo."
2026-05-11,60237,2026-04-30,BARRIO LUIS CARLOS GALAN CARTAGENA DE INDIAS,ACTIVO,ACTIVO,PREVENTIVO,BOLÍVAR,CARTAGENA DE INDIAS,WOMPI,0.011392353456819332,0.4009689247241329,Bajo,Bajo,Crítico,5676,176,1,0,390327.12678529567,34262203.0,26.0,1.0,0.9260054864864865,0.9260054864864865,35.0,"consumo cupo 93% | saldo expuesto $34,262,203",Seguimiento normal,"Gestión preventiva inmediata: validar saldo, contactar CB y evaluar bloqueo preventivo."
2026-05-11,81421,2026-04-30,BARRIO LA MARIA OCCIDENTE POPAYAN 4,ACTIVO,ACTIVO,PREVENTIVO,CAUCA,POPAYÁN,WOMPI,0.05877961864820729,0.8057177371139843,Medio,Bajo,Crítico,5679,177,1,0,388533.2792646502,6610000.0,13.0,3.0,0.9442857142857143,0.9442857142857143,35.0,"consumo cupo 94% | saldo expuesto $6,610,000",Seguimiento normal,"Gestión preventiva inmediata: validar saldo, contactar CB y evaluar bloqueo preventivo."
2026-05-11,81245,2026-04-30,BARRIO CENTRO SABANALARGA 24,ACTIVO,ACTIVO,PREVENTIVO,ATLÁNTICO,SABANALARGA,WOMPI,0.05528353467342313,0.7944959922882721,Medio,Bajo,Crítico,5680,178,1,0,386898.38983280206,6998438.0,13.0,1.0,0.9997768571428571,0.9997768571428571,35.0,"consumo cupo 100% | saldo expuesto $6,998,438",Seguimiento normal,"Gestión preventiva inmediata: validar saldo, contactar CB y evaluar bloqueo preventivo."
2026-05-11,73456,2026-04-30,BARRIO SAN FRANCISCO OCAÑA,ACTIVO,ACTIVO,PREVENTIVO,NORTE DE SANTANDER,OCAÑA,WOMPI,0.026492383268243196,0.6285381680514711,Bajo,Bajo,Crítico,5681,179,1,0,386788.82220873394,14600001.0,6.0,0.0,2.9200002,2.9200002,35.0,"consumo cupo 292% | saldo expuesto $14,600,001",Seguimiento normal,"Gestión preventiva inmediata: validar saldo, contactar CB y evaluar bloqueo preventivo."
2026-05-11,26847,2026-04-30,BARRIO SUBA LISBOA BOGOTA,ACTIVO,ACTIVO,PREVENTIVO,CUNDINAMARCA,BOGOTÁ,WOMPI,0.024547952722588615,0.6086234519149152,Bajo,Bajo,Crítico,5682,180,1,0,386501.4031769298,15744751.0,6.0,1.0,0.9840469375,0.9840469375,35.0,"consumo cupo 98% | saldo expuesto $15,744,751",Seguimiento normal,"Gestión preventiva inmediata: validar saldo, contactar CB y evaluar bloqueo preventivo."
2026-05-11,78887,2026-04-30,BARRIO CORPOMECAVI PUERTO GAITAN  1,ACTIVO,ACTIVO,PREVENTIVO,META,PUERTO GAITÁN,WOMPI,0.03899425007456786,0.722536671307967,Medio,Alto,Crítico,5683,181,1,0,386424.1275499505,9909772.0,36.0,13.0,0.9909772,0.9909772,65.0,"36 días sin compensar | consumo cupo 99% | saldo expuesto $9,909,772",Contacto el mismo día + seguimiento de compensación,"Gestión preventiva inmediata: validar saldo, contactar CB y evaluar bloqueo preventivo."
2026-05-11,70079,2026-04-30,BARRIO PUEBLO NUEVO LA ESPERANZA,ACTIVO,ACTIVO,PREVENTIVO,NORTE DE SANTANDER,LA ESPERANZA,WOMPI,0.026084211553450427,0.6245113222940493,Bajo,Alto,Crítico,5685,182,1,0,384935.4044210049,14757410.0,31.0,0.0,0.9838273333333334,0.9838273333333334,65.0,"31 días sin compensar | consumo cupo 98% | saldo expuesto $14,757,410",Contacto el mismo día + seguimiento de compensación,"Gestión preventiva inmediata: validar saldo, contactar CB y evaluar bloqueo preventivo."
2026-05-11,78304,2026-04-30,BARRIO PORFIA VILLAVICENCIO 2,ACTIVO,ACTIVO,PREVENTIVO,META,VILLAVICENCIO,WOMPI,0.0622621938017788,0.8158591850856468,Alto,Medio,Crítico,5686,183,1,0,384766.28643919376,6179774.0,36.0,4.0,0.8828248571428572,0.8828248571428572,55.0,"36 días sin compensar | consumo cupo 88% | saldo expuesto $6,179,774",Monitoreo y recordatorio preventivo,"Gestión preventiva inmediata: validar saldo, contactar CB y evaluar bloqueo preventivo."
2026-05-11,79145,2026-04-30,BARRIO EL CENTRO SUAZA,ACTIVO,ACTIVO,PREVENTIVO,HUILA,SUAZA,WOMPI,0.03855439117889092,0.7199760215738104,Medio,Bajo,Crítico,5687,184,1,0,384189.76590753306,9964877.0,25.0,2.0,0.9964877,0.9964877,35.0,"consumo cupo 100% | saldo expuesto $9,964,877",Seguimiento normal,"Gestión preventiva inmediata: validar saldo, contactar CB y evaluar bloqueo preventivo."
2026-05-11,34638,2026-04-30,BARRIO CENTRO BUCARAMANGA 3,ACTIVO,ACTIVO,PREVENTIVO,SANTANDER,BUCARAMANGA,WOMPI,0.038541742936421264,0.7199017610486911,Medio,Bajo,Crítico,5689,185,1,0,383435.80565113656,9948585.0,19.0,1.0,0.9948585,0.9948585,35.0,"consumo cupo 99% | saldo expuesto $9,948,585",Seguimiento normal,"Gestión preventiva inmediata: validar saldo, contactar CB y evaluar bloqueo preventivo."
2026-05-11,65611,2026-04-30,BARRIO CENTRO PUERTO LOPEZ 3,ACTIVO,ACTIVO,PREVENTIVO,META,PUERTO LÓPEZ,WOMPI,0.026043743455669646,0.6241077870883608,Bajo,Bajo,Crítico,5690,186,1,0,382816.17769884097,14698969.0,5.0,0.0,0.9799312666666666,0.9799312666666666,35.0,"consumo cupo 98% | saldo expuesto $14,698,969",Seguimiento normal,"Gestión preventiva inmediata: validar saldo, contactar CB y evaluar bloqueo preventivo."
2026-05-11,63930,2026-04-30,BARRIO LLERAS RESTREPO CUCUTA 6,ACTIVO,ACTIVO,PREVENTIVO,NORTE DE SANTANDER,CÚCUTA,WOMPI,0.16328671678064793,0.9341398445665489,Crítico,Alto,Crítico,5693,187,1,0,382031.1543283744,2339634.0,117.0,30.0,0.2339634,0.2339634,75.0,"117 días sin compensar | 30 días sin transacciones | saldo expuesto $2,339,634",Contacto el mismo día + seguimiento de compensación,"Gestión preventiva inmediata: validar saldo, contactar CB y evaluar bloqueo preventivo."
2026-05-11,31446,2026-04-30,BARRIO MANILA 2,ACTIVO,ACTIVO,PREVENTIVO,ANTIOQUIA,MEDELLÍN,WOMPI,0.04760037500238986,0.76530946297622,Medio,Bajo,Crítico,5697,188,1,0,380690.6155337382,7997639.0,6.0,1.0,0.999704875,0.999704875,35.0,"consumo cupo 100% | saldo expuesto $7,997,639",Seguimiento normal,"Gestión preventiva inmediata: validar saldo, contactar CB y evaluar bloqueo preventivo."
2026-05-11,76070,2026-04-30,BARRIO SECTOR MOCTEZUMA ULLOA,ACTIVO,ACTIVO,PREVENTIVO,VALLE DEL CAUCA,ULLOA,WOMPI,0.0386783817333149,0.7207021254711293,Medio,Bajo,Crítico,5698,189,1,0,380065.3824260722,9826300.0,11.0,1.0,0.98263,0.98263,35.0,"consumo cupo 98% | saldo expuesto $9,826,300",Seguimiento normal,"Gestión preventiva inmediata: validar saldo, contactar CB y evaluar bloqueo preventivo."
2026-05-11,80579,2026-04-30,BARRIO SIERRA MORENA BOGOTA 3,ACTIVO,ACTIVO,PREVENTIVO,CUNDINAMARCA,BOGOTÁ,WOMPI,0.0665797713193797,0.8271953647942398,Alto,Crítico,Crítico,5701,190,1,0,372822.4177719947,5599635.0,121.0,3.0,0.9999348214285714,0.9999348214285714,80.0,"121 días sin compensar | consumo cupo 100% | saldo expuesto $5,599,635",Bloqueo/validación inmediata + gestión prioritaria,"Gestión preventiva inmediata: validar saldo, contactar CB y evaluar bloqueo preventivo."
2026-05-11,72932,2026-04-30,BELEN ROSALES MEDELLIN 2,ACTIVO,ACTIVO,PREVENTIVO,ANTIOQUIA,MEDELLÍN,WOMPI,0.047456979302075916,0.7646949024084322,Medio,Alto,Crítico,5703,191,1,0,371489.5807383836,7827923.02,33.0,1.0,0.9784903774999999,0.9784903774999999,65.0,"33 días sin compensar | consumo cupo 98% | saldo expuesto $7,827,923",Contacto el mismo día + seguimiento de compensación,"Gestión preventiva inmediata: validar saldo, contactar CB y evaluar bloqueo preventivo."
2026-05-11,79948,2026-04-30,BARRIO CUBA PEREIRA  13,ACTIVO,ACTIVO,PREVENTIVO,RISARALDA,PEREIRA,WOMPI,0.05397813417665163,0.7900062486805771,Medio,Bajo,Crítico,5706,192,1,0,370889.3196755935,6871103.0,19.0,1.0,0.9815861428571429,0.9815861428571429,35.0,"consumo cupo 98% | saldo expuesto $6,871,103",Seguimiento normal,"Gestión preventiva inmediata: validar saldo, contactar CB y evaluar bloqueo preventivo."
2026-05-11,70834,2026-04-30,ACACIAS META CENTRO,ACTIVO,ACTIVO,PREVENTIVO,META,ACACÍAS,WOMPI,0.024974410046011714,0.6131539447197886,Bajo,Bajo,Crítico,5707,193,1,0,370861.24813975784,14849650.0,18.0,2.0,0.9899766666666666,0.9899766666666666,35.0,"consumo cupo 99% | saldo expuesto $14,849,650",Seguimiento normal,"Gestión preventiva inmediata: validar saldo, contactar CB y evaluar bloqueo preventivo."
2026-05-11,67453,2026-04-30,BARRIO SANTA ANA SUR BOGOTA 1,ACTIVO,ACTIVO,PREVENTIVO,CUNDINAMARCA,BOGOTÁ,WOMPI,0.01125542648356758,0.3978027083661613,Bajo,Bajo,Crítico,5708,194,1,0,370506.3653500338,32918021.0,1.0,0.0,0.9975157878787879,0.9975157878787879,35.0,"consumo cupo 100% | saldo expuesto $32,918,021",Seguimiento normal,"Gestión preventiva inmediata: validar saldo, contactar CB y evaluar bloqueo preventivo."
2026-05-11,62253,2026-04-30,BARRIO OLAYA OLAYA,ACTIVO,ACTIVO,PREVENTIVO,ANTIOQUIA,OLAYA,WOMPI,0.01226327116960527,0.4204378388418564,Bajo,Bajo,Crítico,5710,195,1,0,369099.51871155965,30097966.0,3.0,0.0,0.8134585405405406,0.8134585405405406,25.0,"consumo cupo 81% | saldo expuesto $30,097,966",Seguimiento normal,"Gestión preventiva inmediata: validar saldo, contactar CB y evaluar bloqueo preventivo."
2026-05-11,76048,2026-04-30,BARRIO LA ROCAS VALLUDUPAR,ACTIVO,ACTIVO,PREVENTIVO,CESAR,VALLEDUPAR,WOMPI,0.08307516771908244,0.8610455789695864,Alto,Bajo,Crítico,5711,196,1,0,368741.01167013124,4438643.0,3.0,0.0,0.7926148214285714,0.7926148214285714,25.0,"consumo cupo 79% | saldo expuesto $4,438,643",Seguimiento normal,"Gestión preventiva inmediata: validar saldo, contactar CB y evaluar bloqueo preventivo."
2026-05-11,76230,2026-04-30,BARRIO SEIS DE ENERO CIENAGA DE ORO 2,ACTIVO,ACTIVO,PREVENTIVO,CÓRDOBA,CIÉNAGA DE ORO,WOMPI,0.036959400699837684,0.7103237257430205,Medio,Bajo,Crítico,5712,197,1,0,367737.01886961417,9949756.0,11.0,4.0,0.9949756,0.9949756,35.0,"consumo cupo 99% | saldo expuesto $9,949,756",Seguimiento normal,"Gestión preventiva inmediata: validar saldo, contactar CB y evaluar bloqueo preventivo."
2026-05-11,67758,2026-04-30,BARRIO GUARATARA I ACACIAS 2,ACTIVO,ACTIVO,PREVENTIVO,META,ACACÍAS,WOMPI,0.024831203004840537,0.6116431758268197,Bajo,Bajo,Crítico,5713,198,1,0,367485.91250171687,14799360.0,20.0,0.0,0.986624,0.986624,35.0,"consumo cupo 99% | saldo expuesto $14,799,360",Seguimiento normal,"Gestión preventiva inmediata: validar saldo, contactar CB y evaluar bloqueo preventivo."
2026-05-11,60049,2026-04-30,BARRIO CIUDAD JARDIN BARRANQUILLA 10,ACTIVO,ACTIVO,PREVENTIVO,ATLÁNTICO,BARRANQUILLA,WOMPI,0.013494608460876115,0.44611785888308075,Bajo,Bajo,Crítico,5716,199,1,0,365263.7221509659,27067382.0,1.0,1.0,0.9666922142857143,0.9666922142857143,35.0,"consumo cupo 97% | saldo expuesto $27,067,382",Seguimiento normal,"Gestión preventiva inmediata: validar saldo, contactar CB y evaluar bloqueo preventivo."
2026-05-11,81428,2026-04-30,BARRIO CENTRO SABANALARGA 26,ACTIVO,ACTIVO,PREVENTIVO,ATLÁNTICO,SABANALARGA,WOMPI,0.05210458577627494,0.7832493153483511,Medio,Bajo,Crítico,5717,200,1,0,364707.5070694382,6999528.0,19.0,8.0,0.9999325714285714,0.9999325714285714,35.0,"consumo cupo 100% | saldo expuesto $6,999,528",Seguimiento normal,"Gestión preventiva inmediata: validar saldo, contactar CB y evaluar bloqueo preventivo."
2026-05-11,71314,2026-04-30,NEIVA CHICALA,ACTIVO,ACTIVO,PREVENTIVO,HUILA,NEIVA,WOMPI,0.038010163431975046,0.7167483993942222,Medio,Bajo,Crítico,5719,201,1,0,363625.75001883146,9566540.03,26.0,0.0,0.9566540029999999,0.9566540029999999,35.0,"consumo cupo 96% | saldo expuesto $9,566,540",Seguimiento normal,"Gestión preventiva inmediata: validar saldo, contactar CB y evaluar bloqueo preventivo."
2026-05-11,43444,2026-04-30,BARRIO GARUPAL VALLEDUPAR 1,ACTIVO,ACTIVO,PREVENTIVO,CESAR,VALLEDUPAR,WOMPI,0.014952312686055666,0.47400566498481805,Bajo,Bajo,Crítico,5720,202,1,0,363358.07943217526,24301129.0,4.0,1.0,0.8836774181818182,0.8836774181818182,25.0,"consumo cupo 88% | saldo expuesto $24,301,129",Seguimiento normal,"Gestión preventiva inmediata: validar saldo, contactar CB y evaluar bloqueo preventivo."
2026-05-11,35759,2026-04-30,BARRIO ORO NEGRO ARMENIA,ACTIVO,ACTIVO,PREVENTIVO,QUINDÍO,ARMENIA,WOMPI,0.014078212847206449,0.45759264325160603,Bajo,Bajo,Crítico,5721,203,1,0,362032.63264010724,25715809.0,13.0,0.0,0.9740836742424243,0.9740836742424243,35.0,"consumo cupo 97% | saldo expuesto $25,715,809",Seguimiento normal,"Gestión preventiva inmediata: validar saldo, contactar CB y evaluar bloqueo preventivo."
2026-05-11,51915,2026-04-30,BARRIO VILLA RICA BOGOTA,ACTIVO,ACTIVO,PREVENTIVO,CUNDINAMARCA,BOGOTÁ,WOMPI,0.03650883639318215,0.707487927959958,Medio,Bajo,Crítico,5722,204,1,0,361805.7814340377,9910088.0,4.0,3.0,0.9910088,0.9910088,35.0,"consumo cupo 99% | saldo expuesto $9,910,088",Seguimiento normal,"Gestión preventiva inmediata: validar saldo, contactar CB y evaluar bloqueo preventivo."
2026-05-11,76757,2026-04-30,BARRIO GRANADILLO BARRANQUILLA,ACTIVO,ACTIVO,PREVENTIVO,ATLÁNTICO,BARRANQUILLA,WOMPI,0.06696693617110056,0.8281517358006524,Alto,Bajo,Crítico,5723,205,1,0,361569.2211137295,5399220.0,5.0,1.0,0.7713171428571428,0.7713171428571428,25.0,"consumo cupo 77% | saldo expuesto $5,399,220",Seguimiento normal,"Gestión preventiva inmediata: validar saldo, contactar CB y evaluar bloqueo preventivo."
2026-05-11,66832,2026-04-30,BARRIO MARCO FIDEL SUREZ SEVILLA,ACTIVO,ACTIVO,PREVENTIVO,VALLE DEL CAUCA,SEVILLA,WOMPI,0.02155710316699604,0.5739560290395529,Bajo,Alto,Crítico,5724,206,1,0,361488.02345581003,16768859.0,32.0,2.0,0.9864034705882353,0.9864034705882353,65.0,"32 días sin compensar | consumo cupo 99% | saldo expuesto $16,768,859",Contacto el mismo día + seguimiento de compensación,"Gestión preventiva inmediata: validar saldo, contactar CB y evaluar bloqueo preventivo."
2026-05-11,51292,2026-04-30,BARRIO CENTRO POPAYAN 21,ACTIVO,ACTIVO,PREVENTIVO,CAUCA,POPAYÁN,WOMPI,0.018379965367037784,0.5305709171229694,Bajo,Bajo,Crítico,5725,207,1,0,361385.8236690855,19661942.58,6.0,2.0,0.9830971289999999,0.9830971289999999,35.0,"consumo cupo 98% | saldo expuesto $19,661,943",Seguimiento normal,"Gestión preventiva inmediata: validar saldo, contactar CB y evaluar bloqueo preventivo."
2026-05-11,76866,2026-04-30,BARRIO BLANQUIZAL MEDELLIN 1,ACTIVO,ACTIVO,PREVENTIVO,ANTIOQUIA,MEDELLÍN,WOMPI,0.06257256898954423,0.8167175302163627,Alto,Bajo,Crítico,5727,208,1,0,359829.3728432103,5750592.93,6.0,1.0,0.8215132757142857,0.8215132757142857,25.0,"consumo cupo 82% | saldo expuesto $5,750,593",Seguimiento normal,"Gestión preventiva inmediata: validar saldo, contactar CB y evaluar bloqueo preventivo."
2026-05-11,27037,2026-04-30,BARRIO ESTERO VILLAVICENCIO,ACTIVO,ACTIVO,PREVENTIVO,META,VILLAVICENCIO,WOMPI,0.03256567361581195,0.6803665725005295,Medio,Bajo,Crítico,5728,209,1,0,357532.9290064808,10978827.99,2.0,1.0,0.5489413995,0.5489413995,10.0,"saldo expuesto $10,978,828",Seguimiento normal,"Gestión preventiva inmediata: validar saldo, contactar CB y evaluar bloqueo preventivo."
2026-05-11,51085,2026-04-30,BARRIO NOCAIMA NOCAIMA,ACTIVO,ACTIVO,PREVENTIVO,CUNDINAMARCA,NOCAIMA,WOMPI,0.03243928334350937,0.6794225294375116,Medio,Bajo,Crítico,5729,210,1,0,355784.74963729124,10967713.0,4.0,11.0,1.3313858513730032,1.3313858513730032,35.0,"consumo cupo 133% | saldo expuesto $10,967,713",Seguimiento normal,"Gestión preventiva inmediata: validar saldo, contactar CB y evaluar bloqueo preventivo."
2026-05-11,81759,2026-04-30,BARRIO CHARALA CHARALA 1,ACTIVO,ACTIVO,PREVENTIVO,SANTANDER,CHARALÁ,WOMPI,0.035730520538352004,0.7024698669286229,Medio,Bajo,Crítico,5731,211,1,0,355215.2200456702,9941507.0,17.0,1.0,0.9941507,0.9941507,35.0,"consumo cupo 99% | saldo expuesto $9,941,507",Seguimiento normal,"Gestión preventiva inmediata: validar saldo, contactar CB y evaluar bloqueo preventivo."
2026-05-11,43284,2026-04-30,BARRIO LA PISTA MONTENEGRO,ACTIVO,ACTIVO,PREVENTIVO,QUINDÍO,MONTENEGRO,WOMPI,0.09144520722090765,0.8740768959795384,Crítico,Bajo,Crítico,5732,212,1,0,355173.45918162697,3884003.0,13.0,1.0,0.5178670666666667,0.5178670666666667,10.0,"saldo expuesto $3,884,003",Seguimiento normal,"Gestión preventiva inmediata: validar saldo, contactar CB y evaluar bloqueo preventivo."
2026-05-11,60497,2026-04-30,BARRIO FUERA DEL MUNICIPIO DE TIBU TIBU 14,ACTIVO,ACTIVO,PREVENTIVO,NORTE DE SANTANDER,TIBÚ,WOMPI,0.032765469726314174,0.6818487161000157,Medio,Medio,Crítico,5733,213,1,0,355102.69167304214,10837711.0,31.0,0.0,0.7225140666666666,0.7225140666666666,55.0,"31 días sin compensar | consumo cupo 72% | saldo expuesto $10,837,711",Monitoreo y recordatorio preventivo,"Gestión preventiva inmediata: validar saldo, contactar CB y evaluar bloqueo preventivo."
2026-05-11,73802,2026-04-30,BARRIO SANTO DOMINGO BARRANQUILLA 8,ACTIVO,ACTIVO,PREVENTIVO,ATLÁNTICO,BARRANQUILLA,WOMPI,0.05404307282496403,0.790233712159643,Medio,Bajo,Crítico,5734,214,1,0,354149.1200985435,6553090.0,22.0,0.0,0.9361557142857143,0.9361557142857143,35.0,"consumo cupo 94% | saldo expuesto $6,553,090",Seguimiento normal,"Gestión preventiva inmediata: validar saldo, contactar CB y evaluar bloqueo preventivo."
2026-05-11,58358,2026-04-30,BARRIO PALO ALTO SAN BENITO ABAD 2,ACTIVO,ACTIVO,PREVENTIVO,SUCRE,SAN BENITO ABAD,WOMPI,0.031042902939814727,0.6686481743284127,Medio,Alto,Crítico,5735,215,1,0,352357.77815476974,11350671.0,1135.0,1.0,0.7567114,0.7567114,70.0,"1135 días sin compensar | consumo cupo 76% | saldo expuesto $11,350,671",Contacto el mismo día + seguimiento de compensación,"Gestión preventiva inmediata: validar saldo, contactar CB y evaluar bloqueo preventivo."
2026-05-11,75512,2026-04-30,BARRIO CENTRO BELMIRA,ACTIVO,ACTIVO,PREVENTIVO,ANTIOQUIA,BELMIRA,WOMPI,0.06343402638825839,0.8190632244843096,Alto,Bajo,Crítico,5737,216,1,0,349839.16300345614,5515008.0,20.0,0.0,0.7878582857142857,0.7878582857142857,25.0,"consumo cupo 79% | saldo expuesto $5,515,008",Seguimiento normal,"Gestión preventiva inmediata: validar saldo, contactar CB y evaluar bloqueo preventivo."
2026-05-11,51208,2026-04-30,BARRIO CENTRO BOGOTA 29,ACTIVO,ACTIVO,PREVENTIVO,CUNDINAMARCA,BOGOTÁ,WOMPI,0.03599708013085946,0.7042058133728548,Medio,Bajo,Crítico,5738,217,1,0,349727.5081836374,9715441.0,15.0,1.0,0.9715441,0.9715441,35.0,"consumo cupo 97% | saldo expuesto $9,715,441",Seguimiento normal,"Gestión preventiva inmediata: validar saldo, contactar CB y evaluar bloqueo preventivo."
2026-05-11,56150,2026-04-30,BARRIO CIUDADELA GRAJALES LA UNION,ACTIVO,ACTIVO,PREVENTIVO,VALLE DEL CAUCA,LA UNIÓN,WOMPI,0.00976350675019964,0.3613014994455117,Bajo,Bajo,Crítico,5741,218,1,0,348399.3443684967,35683833.0,4.0,0.0,0.8496150714285714,0.8496150714285714,25.0,"consumo cupo 85% | saldo expuesto $35,683,833",Seguimiento normal,"Gestión preventiva inmediata: validar saldo, contactar CB y evaluar bloqueo preventivo."
2026-05-11,66216,2026-04-30,BARRIO LAS MORAS SOLEDAD 7,ACTIVO,ACTIVO,PREVENTIVO,ATLÁNTICO,SOLEDAD,WOMPI,0.035324201118509514,0.6997881783023819,Medio,Alto,Crítico,5743,219,1,0,348332.6890378458,9861021.0,34.0,1.0,0.9861021,0.9861021,65.0,"34 días sin compensar | consumo cupo 99% | saldo expuesto $9,861,021",Contacto el mismo día + seguimiento de compensación,"Gestión preventiva inmediata: validar saldo, contactar CB y evaluar bloqueo preventivo."
2026-05-11,50882,2026-04-30,BARRIO LOS ANDES NEIVA 1,ACTIVO,ACTIVO,PREVENTIVO,HUILA,NEIVA,WOMPI,0.03494142280668501,0.6972217550799996,Medio,Bajo,Crítico,5744,220,1,0,348086.45400019607,9962000.0,5.0,1.0,0.9962,0.9962,35.0,"consumo cupo 100% | saldo expuesto $9,962,000",Seguimiento normal,"Gestión preventiva inmediata: validar saldo, contactar CB y evaluar bloqueo preventivo."
2026-05-11,72685,2026-04-30,PATIA PIEDRA SENTADA,ACTIVO,ACTIVO,PREVENTIVO,CAUCA,PATÍA,WOMPI,0.02503426315782605,0.613782228358359,Bajo,Bajo,Crítico,5746,221,1,0,347606.6770667831,13885237.0,20.0,0.0,0.9256824666666666,0.9256824666666666,35.0,"consumo cupo 93% | saldo expuesto $13,885,237",Seguimiento normal,"Gestión preventiva inmediata: validar saldo, contactar CB y evaluar bloqueo preventivo."
2026-05-11,70772,2026-04-30,POPULAR MODELO SANTANDER,ACTIVO,ACTIVO,PREVENTIVO,SANTANDER,MÁLAGA,WOMPI,0.03619939682040487,0.7055112483879511,Medio,Bajo,Crítico,5748,222,1,0,347006.5853342742,9585977.0,12.0,1.0,0.9985392708333334,0.9985392708333334,35.0,"consumo cupo 100% | saldo expuesto $9,585,977",Seguimiento normal,"Gestión preventiva inmediata: validar saldo, contactar CB y evaluar bloqueo preventivo."
2026-05-11,79410,2026-04-30,BARRIO CENTRO REPELON  4,ACTIVO,ACTIVO,PREVENTIVO,ATLÁNTICO,REPELÓN,WOMPI,0.03487297742750119,0.6967586782819504,Medio,Crítico,Crítico,5749,223,1,0,346916.4840677141,9948003.0,116.0,1.0,0.9948003,0.9948003,80.0,"116 días sin compensar | consumo cupo 99% | saldo expuesto $9,948,003",Bloqueo/validación inmediata + gestión prioritaria,"Gestión preventiva inmediata: validar saldo, contactar CB y evaluar bloqueo preventivo."
2026-05-11,43681,2026-04-30,BARRIO BOLIVARIANO SANTANDER DE QUILICHAO,ACTIVO,ACTIVO,PREVENTIVO,CAUCA,SANTANDER DE QUILICHAO,WOMPI,0.017199877938293882,0.5123784491845057,Bajo,Alto,Crítico,5750,224,1,0,346144.9291267178,20124848.0,39.0,1.0,0.9816999024390244,0.9816999024390244,65.0,"39 días sin compensar | consumo cupo 98% | saldo expuesto $20,124,848",Contacto el mismo día + seguimiento de compensación,"Gestión preventiva inmediata: validar saldo, contactar CB y evaluar bloqueo preventivo."
2026-05-11,79521,2026-04-30,BARRIO LEON  13 SOACHA SOACHA,ACTIVO,ACTIVO,PREVENTIVO,CUNDINAMARCA,SOACHA,WOMPI,0.04985440345727367,0.7746053906098358,Medio,Bajo,Crítico,5751,225,1,0,346091.46239414596,6942044.0,2.0,2.0,0.9917205714285714,0.9917205714285714,35.0,"consumo cupo 99% | saldo expuesto $6,942,044",Seguimiento normal,"Gestión preventiva inmediata: validar saldo, contactar CB y evaluar bloqueo preventivo."
2026-05-11,59501,2026-04-30,BARRIO BRISAS DEL CESAR BOSCONIA 2,ACTIVO,ACTIVO,PREVENTIVO,CESAR,BOSCONIA,WOMPI,0.04606688711980055,0.7585847150706414,Medio,Bajo,Crítico,5753,226,1,0,345501.65339850413,7500000.0,6.0,2.0,1.0,1.0,35.0,"consumo cupo 100% | saldo expuesto $7,500,000",Seguimiento normal,"Gestión preventiva inmediata: validar saldo, contactar CB y evaluar bloqueo preventivo."
2026-05-11,12062,2026-04-30,DISTRACCION - LA GUAJIRA,ACTIVO,ACTIVO,PREVENTIVO,LA GUAJIRA,DISTRACCIÓN,WOMPI,0.01380659484081297,0.45230530160247967,Bajo,Bajo,Crítico,5754,227,1,0,345070.5046013787,24993165.12,12.0,0.0,0.9997266048000001,0.9997266048000001,35.0,"consumo cupo 100% | saldo expuesto $24,993,165",Seguimiento normal,"Gestión preventiva inmediata: validar saldo, contactar CB y evaluar bloqueo preventivo."
2026-05-11,43158,2026-04-30,BARRIO CENTRO MONGUI 2,ACTIVO,ACTIVO,PREVENTIVO,BOYACÁ,MONGUÍ,WOMPI,0.012942372260975589,0.43485580825852094,Bajo,Bajo,Crítico,5755,228,1,0,344655.01092335663,26629972.0,3.0,1.0,0.8876657333333333,0.8876657333333333,25.0,"consumo cupo 89% | saldo expuesto $26,629,972",Seguimiento normal,"Gestión preventiva inmediata: validar saldo, contactar CB y evaluar bloqueo preventivo."
2026-05-11,34971,2026-04-30,BARRIO LA COLINA 1 BOGOTA,ACTIVO,ACTIVO,PREVENTIVO,CUNDINAMARCA,BOGOTÁ,WOMPI,0.010433324562128221,0.37815664812765626,Bajo,Bajo,Crítico,5756,229,1,0,344239.6563340517,32994244.0,6.0,1.0,0.9998255757575758,0.9998255757575758,35.0,"consumo cupo 100% | saldo expuesto $32,994,244",Seguimiento normal,"Gestión preventiva inmediata: validar saldo, contactar CB y evaluar bloqueo preventivo."
2026-05-11,15956,2026-04-30,BARRIO BELEN II MEDELLIN,ACTIVO,ACTIVO,PREVENTIVO,ANTIOQUIA,MEDELLÍN,WOMPI,0.010212311844804835,0.3726820687785712,Bajo,Bajo,Crítico,5758,230,1,0,344026.94675792207,33687469.79,8.0,0.0,0.9357630497222222,0.9357630497222222,35.0,"consumo cupo 94% | saldo expuesto $33,687,470",Seguimiento normal,"Gestión preventiva inmediata: validar saldo, contactar CB y evaluar bloqueo preventivo."
2026-05-11,41289,2026-04-30,BARRIO CONJUNTO RESIDENCIAL VEGAS DEL RIO CUCUTA,ACTIVO,ACTIVO,PREVENTIVO,NORTE DE SANTANDER,CÚCUTA,WOMPI,0.023025294748822034,0.5916374006450467,Bajo,Bajo,Crítico,5759,231,1,0,343075.74049271084,14899950.0,24.0,0.0,0.99333,0.99333,35.0,"consumo cupo 99% | saldo expuesto $14,899,950",Seguimiento normal,"Gestión preventiva inmediata: validar saldo, contactar CB y evaluar bloqueo preventivo."
2026-05-11,77465,2026-04-30,BARRIO NARIÑO MONTERIA 3,ACTIVO,ACTIVO,PREVENTIVO,CÓRDOBA,MONTERÍA,WOMPI,0.05136772802030597,0.7804847529033562,Medio,Bajo,Crítico,5760,232,1,0,342569.7344001238,6668968.0,10.0,2.0,0.9527097142857143,0.9527097142857143,35.0,"consumo cupo 95% | saldo expuesto $6,668,968",Seguimiento normal,"Gestión preventiva inmediata: validar saldo, contactar CB y evaluar bloqueo preventivo."
2026-05-11,57310,2026-04-30,BARRIO LA FORTALEZA CALI,ACTIVO,ACTIVO,PREVENTIVO,VALLE DEL CAUCA,CALI,WOMPI,0.03940699961837577,0.7249014648632759,Medio,Bajo,Crítico,5761,233,1,0,341095.1665967752,8655700.0,3.0,0.0,0.86557,0.86557,25.0,"consumo cupo 87% | saldo expuesto $8,655,700",Seguimiento normal,"Gestión preventiva inmediata: validar saldo, contactar CB y evaluar bloqueo preventivo."
2026-05-11,28152,2026-04-30,BARRIO LEON XIII SECTOR 3 SOACHA,PROCESO DE CIERRE,PROCESO DE CIERRE,PREVENTIVO,CUNDINAMARCA,SOACHA,WOMPI,0.021438294531326424,0.5724648411691726,Bajo,Medio,Crítico,5762,234,1,0,339977.47876147757,15858420.0,33.0,2.0,0.528614,0.528614,40.0,"33 días sin compensar | saldo expuesto $15,858,420",Monitoreo y recordatorio preventivo,"Gestión preventiva inmediata: validar saldo, contactar CB y evaluar bloqueo preventivo."
2026-05-11,75842,2026-04-30,BARRIO LOS PARQUES TUNJA 1,ACTIVO,ACTIVO,PREVENTIVO,BOYACÁ,TUNJA,WOMPI,0.050391316559128194,0.7767231854786941,Medio,Bajo,Crítico,5763,235,1,0,339973.9868205059,6746678.0,11.0,0.0,0.9638111428571429,0.9638111428571429,35.0,"consumo cupo 96% | saldo expuesto $6,746,678",Seguimiento normal,"Gestión preventiva inmediata: validar saldo, contactar CB y evaluar bloqueo preventivo."
2026-05-11,82447,2026-04-30,BARRIO CENTRO CHOACHI 9,ACTIVO,ACTIVO,PREVENTIVO,CUNDINAMARCA,CHOACHÍ,WOMPI,0.24073231556225677,0.9599150133536192,Crítico,Medio,Crítico,5764,236,1,0,339574.11554433266,1410588.0,999.0,0.0,0.1410588,0.1410588,55.0,"999 días sin compensar | saldo expuesto $1,410,588",Monitoreo y recordatorio preventivo,"Gestión preventiva inmediata: validar saldo, contactar CB y evaluar bloqueo preventivo."
2026-05-11,63455,2026-04-30,BARRIO CENTRO PASTO 27,ACTIVO,ACTIVO,PREVENTIVO,NARIÑO,PASTO,WOMPI,0.010943914898120782,0.3904885445334163,Bajo,Bajo,Crítico,5766,237,1,0,339225.9473331339,30996764.0,16.0,1.0,0.9998956129032258,0.9998956129032258,35.0,"consumo cupo 100% | saldo expuesto $30,996,764",Seguimiento normal,"Gestión preventiva inmediata: validar saldo, contactar CB y evaluar bloqueo preventivo."
2026-05-11,57219,2026-04-30,BARRIO CENTRO CHINCHINA 8,ACTIVO,ACTIVO,PREVENTIVO,CALDAS,CHINCHINÁ,WOMPI,0.020253513458963774,0.5570639863692685,Bajo,Bajo,Crítico,5767,238,1,0,338810.29229287175,16728470.0,16.0,0.0,0.8364235,0.8364235,25.0,"consumo cupo 84% | saldo expuesto $16,728,470",Seguimiento normal,"Gestión preventiva inmediata: validar saldo, contactar CB y evaluar bloqueo preventivo."
2026-05-11,81283,2026-04-30,BARRIO CENTRO GALAPA 6,ACTIVO,ACTIVO,PREVENTIVO,ATLÁNTICO,GALAPA,WOMPI,0.0384274659378276,0.7192292071905209,Medio,Bajo,Crítico,5768,239,1,0,337628.09646087023,8786114.0,4.0,0.0,0.8786114,0.8786114,25.0,"consumo cupo 88% | saldo expuesto $8,786,114",Seguimiento normal,"Gestión preventiva inmediata: validar saldo, contactar CB y evaluar bloqueo preventivo."
2026-05-11,54280,2026-04-30,BARRIO NUEVA FLORESTA CALI 7,ACTIVO,ACTIVO,PREVENTIVO,VALLE DEL CAUCA,CALI,WOMPI,0.04303685624523399,0.744232737100544,Medio,Bajo,Crítico,5769,240,1,0,336454.180306834,7817815.0,5.0,0.0,0.7817815,0.7817815,25.0,"consumo cupo 78% | saldo expuesto $7,817,815",Seguimiento normal,"Gestión preventiva inmediata: validar saldo, contactar CB y evaluar bloqueo preventivo."
2026-05-11,65774,2026-04-30,BARRIO SUBA TOSCANA BOGOTA 1,ACTIVO,ACTIVO,PREVENTIVO,CUNDINAMARCA,BOGOTÁ,WOMPI,0.03393054344792883,0.6902503313316187,Medio,Alto,Crítico,5770,241,1,0,334014.3394645618,9844061.0,39.0,2.0,0.9844061,0.9844061,65.0,"39 días sin compensar | consumo cupo 98% | saldo expuesto $9,844,061",Contacto el mismo día + seguimiento de compensación,"Gestión preventiva inmediata: validar saldo, contactar CB y evaluar bloqueo preventivo."
2026-05-11,29127,2026-04-30,BARRIO BELEN MIRAVALLE 2 MEDELLÍN,ACTIVO,ACTIVO,PREVENTIVO,ANTIOQUIA,MEDELLÍN,WOMPI,0.015556248360197615,0.484835624933413,Bajo,Bajo,Crítico,5771,242,1,0,333793.90519770543,21457223.97,6.0,0.0,0.9536543986666666,0.9536543986666666,35.0,"consumo cupo 95% | saldo expuesto $21,457,224",Seguimiento normal,"Gestión preventiva inmediata: validar saldo, contactar CB y evaluar bloqueo preventivo."
2026-05-11,58842,2026-04-30,BARRIO JESUS MORA TURBO 2,ACTIVO,ACTIVO,PREVENTIVO,ANTIOQUIA,TURBO,WOMPI,0.01194971642048375,0.41355900644201077,Bajo,Bajo,Crítico,5772,243,1,0,333532.8966586154,27911365.0,3.0,1.0,0.9968344642857143,0.9968344642857143,35.0,"consumo cupo 100% | saldo expuesto $27,911,365",Seguimiento normal,"Gestión preventiva inmediata: validar saldo, contactar CB y evaluar bloqueo preventivo."
2026-05-11,69884,2026-04-30,BARRIO VILLA CATANGA SOLEDAD 1,ACTIVO,ACTIVO,PREVENTIVO,ATLÁNTICO,SOLEDAD,WOMPI,0.04169844797380363,0.737396769033219,Medio,Bajo,Crítico,5773,244,1,0,333411.5329430836,7995778.0,12.0,2.0,0.99947225,0.99947225,35.0,"consumo cupo 100% | saldo expuesto $7,995,778",Seguimiento normal,"Gestión preventiva inmediata: validar saldo, contactar CB y evaluar bloqueo preventivo."
2026-05-11,59242,2026-04-30,BARRIO LAS ACACIAS ACACIAS 3,ACTIVO,ACTIVO,PREVENTIVO,META,ACACÍAS,WOMPI,0.022240038626676548,0.5823488972084119,Bajo,Bajo,Crítico,5774,245,1,0,333080.89641755866,14976633.0,13.0,1.0,0.9984422,0.9984422,35.0,"consumo cupo 100% | saldo expuesto $14,976,633",Seguimiento normal,"Gestión preventiva inmediata: validar saldo, contactar CB y evaluar bloqueo preventivo."
2026-05-11,46250,2026-04-30,BARRIO TRONCAL CALI,ACTIVO,ACTIVO,PREVENTIVO,VALLE DEL CAUCA,CALI,WOMPI,0.032701028732810285,0.6813720309727029,Medio,Bajo,Crítico,5775,246,1,0,332689.0456236227,10173656.87,2.0,2.0,0.8478047391666665,0.8478047391666665,25.0,"consumo cupo 85% | saldo expuesto $10,173,657",Seguimiento normal,"Gestión preventiva inmediata: validar saldo, contactar CB y evaluar bloqueo preventivo."
2026-05-11,71857,2026-04-30,BARRIO SAN VICTORINO BOGOTA CUNDINAMARCA,ACTIVO,ACTIVO,PREVENTIVO,CUNDINAMARCA,BOGOTÁ,WOMPI,0.03315234914825879,0.6846837249724984,Medio,Bajo,Crítico,5776,247,1,0,331512.8164261622,9999678.0,12.0,3.0,0.9999678,0.9999678,35.0,"consumo cupo 100% | saldo expuesto $9,999,678",Seguimiento normal,"Gestión preventiva inmediata: validar saldo, contactar CB y evaluar bloqueo preventivo."
2026-05-11,69027,2026-04-30,BARRIO LOS CAMPOS POPAYÁN,ACTIVO,ACTIVO,PREVENTIVO,CAUCA,POPAYÁN,WOMPI,0.050755539654148564,0.7781396960225985,Medio,Alto,Crítico,5777,248,1,0,331297.649095317,6527320.0,107.0,1.0,0.815915,0.815915,70.0,"107 días sin compensar | consumo cupo 82% | saldo expuesto $6,527,320",Contacto el mismo día + seguimiento de compensación,"Gestión preventiva inmediata: validar saldo, contactar CB y evaluar bloqueo preventivo."
2026-05-11,48283,2026-04-30,BARRIO HACIENDA PIEDRA PINTADA,ACTIVO,ACTIVO,PREVENTIVO,TOLIMA,IBAGUÉ,WOMPI,0.009156088817582368,0.3453137951602322,Bajo,Bajo,Crítico,5778,249,1,0,328283.3332305688,35854101.0,0.0,0.0,0.99594725,0.99594725,35.0,"consumo cupo 100% | saldo expuesto $35,854,101",Seguimiento normal,"Gestión preventiva inmediata: validar saldo, contactar CB y evaluar bloqueo preventivo."
2026-05-11,34520,2026-04-30,BARRIO POBLADO MEDELLIN 2,ACTIVO,ACTIVO,PREVENTIVO,ANTIOQUIA,MEDELLÍN,WOMPI,0.007356542743986524,0.29362865551334755,Bajo,Bajo,Crítico,5779,250,1,0,327996.5392575816,44585690.68,3.0,1.0,0.9907931262222223,0.9907931262222223,35.0,"consumo cupo 99% | saldo expuesto $44,585,691",Seguimiento normal,"Gestión preventiva inmediata: validar saldo, contactar CB y evaluar bloqueo preventivo."
2026-05-11,65608,2026-04-30,BARRIO LA ROSITA 3 VILLAVICENCIO,ACTIVO,ACTIVO,PREVENTIVO,META,VILLAVICENCIO,WOMPI,0.015100810240554678,0.47670608201671033,Bajo,Bajo,Crítico,5780,251,1,0,327217.9168199348,21668898.0,11.0,0.0,0.942126,0.942126,35.0,"consumo cupo 94% | saldo expuesto $21,668,898",Seguimiento normal,"Gestión preventiva inmediata: validar saldo, contactar CB y evaluar bloqueo preventivo."
2026-05-11,68549,2026-04-30,BARRIO CENTRO SANTO TOMAS  6,ACTIVO,ACTIVO,PREVENTIVO,ATLÁNTICO,SABANAGRANDE,WOMPI,0.028094301638046867,0.6436148300010465,Bajo,Bajo,Crítico,5781,252,1,0,326384.62216805544,11617467.0,8.0,0.0,0.7744978,0.7744978,25.0,"consumo cupo 77% | saldo expuesto $11,617,467",Seguimiento normal,"Gestión preventiva inmediata: validar saldo, contactar CB y evaluar bloqueo preventivo."
2026-05-11,83314,2026-04-30,BARRIO VILLA LIBIA PLANETA RICA 1,ACTIVO,ACTIVO,PREVENTIVO,CÓRDOBA,PLANETA RICA,WOMPI,0.03338355322394327,0.6863563052020221,Medio,Alto,Crítico,5782,253,1,0,326123.1970065309,9768978.0,32.0,5.0,0.9768978,0.9768978,65.0,"32 días sin compensar | consumo cupo 98% | saldo expuesto $9,768,978",Contacto el mismo día + seguimiento de compensación,"Gestión preventiva inmediata: validar saldo, contactar CB y evaluar bloqueo preventivo."
2026-05-11,80890,2026-04-30,BARRIO VERGEL IBAGUE,ACTIVO,ACTIVO,PREVENTIVO,TOLIMA,IBAGUÉ,WOMPI,0.04658231524368454,0.760883091170787,Medio,Bajo,Crítico,5783,254,1,0,326072.06087973504,6999911.0,28.0,1.0,0.9999872857142857,0.9999872857142857,35.0,"consumo cupo 100% | saldo expuesto $6,999,911",Seguimiento normal,"Gestión preventiva inmediata: validar saldo, contactar CB y evaluar bloqueo preventivo."
2026-05-11,32052,2026-04-30,BARRIO SUBA ALCAPARROS  BOGOTÁ,ACTIVO,ACTIVO,PREVENTIVO,CUNDINAMARCA,BOGOTÁ,WOMPI,0.008431482580488108,0.3253112101834467,Bajo,Alto,Crítico,5784,255,1,0,325633.1150263241,38621098.0,36.0,0.0,0.9902845641025642,0.9902845641025642,65.0,"36 días sin compensar | consumo cupo 99% | saldo expuesto $38,621,098",Contacto el mismo día + seguimiento de compensación,"Gestión preventiva inmediata: validar saldo, contactar CB y evaluar bloqueo preventivo."
2026-05-11,61499,2026-04-30,BARRIO VILLA OLIMPICA GALAPA 4,ACTIVO,ACTIVO,PREVENTIVO,ATLÁNTICO,GALAPA,WOMPI,0.009474042490534839,0.353768450980829,Bajo,Medio,Crítico,5785,256,1,0,325105.32764994755,34315375.72,33.0,1.0,0.8798814287179487,0.8798814287179487,55.0,"33 días sin compensar | consumo cupo 88% | saldo expuesto $34,315,376",Monitoreo y recordatorio preventivo,"Gestión preventiva inmediata: validar saldo, contactar CB y evaluar bloqueo preventivo."
2026-05-11,28793,2026-04-30,BARRIO LA MILAGROSA 4 MEDELLÍN,ACTIVO,ACTIVO,PREVENTIVO,ANTIOQUIA,MEDELLÍN,WOMPI,0.008237040737261779,0.31976311884193764,Bajo,Bajo,Crítico,5786,257,1,0,324949.6261509112,39449802.0,8.0,0.0,0.8766622666666667,0.8766622666666667,25.0,"consumo cupo 88% | saldo expuesto $39,449,802",Seguimiento normal,"Gestión preventiva inmediata: validar saldo, contactar CB y evaluar bloqueo preventivo."
2026-05-11,74938,2026-04-30,BARRIO LA SOMBRILLA POPAYAN,ACTIVO,ACTIVO,PREVENTIVO,CAUCA,POPAYÁN,WOMPI,0.04694849268221694,0.7624922574559777,Medio,Bajo,Crítico,5787,258,1,0,324821.12786567386,6918670.0,24.0,1.0,0.9883814285714285,0.9883814285714285,35.0,"consumo cupo 99% | saldo expuesto $6,918,670",Seguimiento normal,"Gestión preventiva inmediata: validar saldo, contactar CB y evaluar bloqueo preventivo."
2026-05-11,32430,2026-04-30,BARRIO BUENOS AIRES MEDELLIN 2,ACTIVO,ACTIVO,PREVENTIVO,ANTIOQUIA,MEDELLÍN,WOMPI,0.017475337367278666,0.5167370954324733,Bajo,Bajo,Crítico,5789,259,1,0,321496.6824518286,18397166.0,2.0,1.0,0.9198583,0.9198583,35.0,"consumo cupo 92% | saldo expuesto $18,397,166",Seguimiento normal,"Gestión preventiva inmediata: validar saldo, contactar CB y evaluar bloqueo preventivo."
2026-05-11,11010,2026-04-30,ZARZAL II - VALLE DEL CAUCA,ACTIVO,ACTIVO,PREVENTIVO,VALLE DEL CAUCA,ZARZAL,WOMPI,0.00803410821329811,0.31388841936422135,Bajo,Bajo,Crítico,5790,260,1,0,321324.1660249661,39995001.0,5.0,1.0,0.999875025,0.999875025,35.0,"consumo cupo 100% | saldo expuesto $39,995,001",Seguimiento normal,"Gestión preventiva inmediata: validar saldo, contactar CB y evaluar bloqueo preventivo."
2026-05-11,67294,2026-04-30,BARRIO ALTAMIRA PALMIRA 1,ACTIVO,ACTIVO,PREVENTIVO,VALLE DEL CAUCA,PALMIRA,WOMPI,0.009911073061527343,0.3650830052926836,Bajo,Bajo,Crítico,5791,261,1,0,321218.12570092775,32410025.0,18.0,0.0,0.9532360294117647,0.9532360294117647,35.0,"consumo cupo 95% | saldo expuesto $32,410,025",Seguimiento normal,"Gestión preventiva inmediata: validar saldo, contactar CB y evaluar bloqueo preventivo."
2026-05-11,71038,2026-04-30,BARRIO SECTOR ANCON TESORITO IBAGUE,ACTIVO,ACTIVO,PREVENTIVO,TOLIMA,IBAGUÉ,WOMPI,0.032316982631979574,0.678504234301305,Medio,Bajo,Crítico,5792,262,1,0,320975.5678330496,9932102.0,6.0,0.0,0.9932102,0.9932102,35.0,"consumo cupo 99% | saldo expuesto $9,932,102",Seguimiento normal,"Gestión preventiva inmediata: validar saldo, contactar CB y evaluar bloqueo preventivo."
2026-05-11,62469,2026-04-30,BARRIO PARQUES DE LA ITALIA PALMIRA 3,ACTIVO,ACTIVO,PREVENTIVO,VALLE DEL CAUCA,PALMIRA,WOMPI,0.00950060880098511,0.3544662622479239,Bajo,Alto,Crítico,5793,263,1,0,320354.7618996757,33719393.0,32.0,0.0,0.911334945945946,0.911334945945946,65.0,"32 días sin compensar | consumo cupo 91% | saldo expuesto $33,719,393",Contacto el mismo día + seguimiento de compensación,"Gestión preventiva inmediata: validar saldo, contactar CB y evaluar bloqueo preventivo."
2026-05-11,48352,2026-04-30,BARRIO ALMENDROS SOLEDAD 2,ACTIVO,ACTIVO,PREVENTIVO,ATLÁNTICO,SOLEDAD,WOMPI,0.02130931252709285,0.5708352829751051,Bajo,Bajo,Crítico,5794,264,1,0,319359.1508069736,14986835.0,11.0,1.0,0.9991223333333333,0.9991223333333333,35.0,"consumo cupo 100% | saldo expuesto $14,986,835",Seguimiento normal,"Gestión preventiva inmediata: validar saldo, contactar CB y evaluar bloqueo preventivo."
2026-05-11,25999,2026-04-30,BARRIO FLORENCIA VILLACICENCIO,ACTIVO,ACTIVO,PREVENTIVO,META,VILLAVICENCIO,WOMPI,0.032075237627766165,0.6766750681582205,Medio,Bajo,Crítico,5795,265,1,0,318111.58988853,9917669.0,6.0,3.0,0.9917669,0.9917669,35.0,"consumo cupo 99% | saldo expuesto $9,917,669",Seguimiento normal,"Gestión preventiva inmediata: validar saldo, contactar CB y evaluar bloqueo preventivo."
2026-05-11,77709,2026-04-30,BARRIO SANTA LUCIA TIMANA,ACTIVO,ACTIVO,PREVENTIVO,HUILA,TIMANÁ,WOMPI,0.037896382997099055,0.7160651370968387,Medio,Alto,Crítico,5797,266,1,0,317458.0003666988,8377000.0,61.0,1.0,0.8377,0.8377,70.0,"61 días sin compensar | consumo cupo 84% | saldo expuesto $8,377,000",Contacto el mismo día + seguimiento de compensación,"Gestión preventiva inmediata: validar saldo, contactar CB y evaluar bloqueo preventivo."
2026-05-11,47557,2026-04-30,BARRIO CUBIS ISTMINA 8,ACTIVO,ACTIVO,PREVENTIVO,CHOCÓ,ISTMINA,WOMPI,0.008835316082896255,0.33658742446217016,Bajo,Bajo,Crítico,5798,267,1,0,317058.8340905331,35885398.0,3.0,0.0,0.9968166111111111,0.9968166111111111,35.0,"consumo cupo 100% | saldo expuesto $35,885,398",Seguimiento normal,"Gestión preventiva inmediata: validar saldo, contactar CB y evaluar bloqueo preventivo."
2026-05-11,34215,2026-04-30,BARRIO EL ACUARIO CUBA PEREIRA,ACTIVO,ACTIVO,PREVENTIVO,RISARALDA,PEREIRA,WOMPI,0.009160368875652216,0.34542888175842335,Bajo,Alto,Crítico,5799,268,1,0,316854.9723707411,34589761.25,34.0,0.0,0.9882788928571429,0.9882788928571429,65.0,"34 días sin compensar | consumo cupo 99% | saldo expuesto $34,589,761",Contacto el mismo día + seguimiento de compensación,"Gestión preventiva inmediata: validar saldo, contactar CB y evaluar bloqueo preventivo."
2026-05-11,64625,2026-04-30,BARRIO VILLA GLORIA,ACTIVO,ACTIVO,PREVENTIVO,CUNDINAMARCA,BOGOTÁ,WOMPI,0.01090870535840615,0.389651996951163,Bajo,Bajo,Crítico,5800,269,1,0,316795.830014323,29040644.11,10.0,0.0,0.9367949712903225,0.9367949712903225,35.0,"consumo cupo 94% | saldo expuesto $29,040,644",Seguimiento normal,"Gestión preventiva inmediata: validar saldo, contactar CB y evaluar bloqueo preventivo."
2026-05-11,58678,2026-04-30,BARRIO SAN LUIS CUCUTA 17,ACTIVO,ACTIVO,PREVENTIVO,NORTE DE SANTANDER,CÚCUTA,WOMPI,0.04532548097385121,0.755208497888485,Medio,Bajo,Crítico,5801,270,1,0,316643.039550148,6985983.0,18.0,1.0,0.6985983,0.6985983,10.0,"saldo expuesto $6,985,983",Seguimiento normal,"Gestión preventiva inmediata: validar saldo, contactar CB y evaluar bloqueo preventivo."
2026-05-11,28526,2026-04-30,BARRIO CAGUAN NEIVA,ACTIVO,ACTIVO,PREVENTIVO,HUILA,NEIVA,WOMPI,0.014542781946736387,0.4664278479468986,Bajo,Bajo,Crítico,5802,271,1,0,316290.35376272793,21748958.0,4.0,1.0,0.9666203555555556,0.9666203555555556,35.0,"consumo cupo 97% | saldo expuesto $21,748,958",Seguimiento normal,"Gestión preventiva inmediata: validar saldo, contactar CB y evaluar bloqueo preventivo."
2026-05-11,72309,2026-04-30,BARRIO CALARCA IBAGUE 3,ACTIVO,ACTIVO,PREVENTIVO,TOLIMA,IBAGUÉ,WOMPI,0.032185295830860536,0.6775101461594879,Medio,Bajo,Crítico,5805,272,1,0,315379.29738030845,9798862.78,25.0,1.0,0.9798862779999999,0.9798862779999999,35.0,"consumo cupo 98% | saldo expuesto $9,798,863",Seguimiento normal,"Gestión preventiva inmediata: validar saldo, contactar CB y evaluar bloqueo preventivo."
2026-05-11,77502,2026-04-30,BARRIO ESTERO  VILLAVICENCIO,ACTIVO,ACTIVO,PREVENTIVO,META,VILLAVICENCIO,WOMPI,0.10292303468465107,0.8888280887603314,Crítico,Medio,Crítico,5806,273,1,0,313832.91736043803,3049200.0,31.0,6.0,0.8712,0.8712,55.0,"31 días sin compensar | consumo cupo 87% | saldo expuesto $3,049,200",Monitoreo y recordatorio preventivo,"Gestión preventiva inmediata: validar saldo, contactar CB y evaluar bloqueo preventivo."
2026-05-11,74183,2026-04-30,BARRIO SAN MARTIN DE PORRES MEDELIN,ACTIVO,ACTIVO,PREVENTIVO,ANTIOQUIA,MEDELLÍN,WOMPI,0.04687111438189533,0.7621538364575732,Medio,Bajo,Crítico,5807,274,1,0,313381.2081796398,6686020.0,2.0,0.0,0.668602,0.668602,10.0,"saldo expuesto $6,686,020",Seguimiento normal,"Gestión preventiva inmediata: validar saldo, contactar CB y evaluar bloqueo preventivo."
2026-05-11,72983,2026-04-30,BOITA BOGOTA CUNDINAMARCA,ACTIVO,ACTIVO,PREVENTIVO,CUNDINAMARCA,BOGOTÁ,WOMPI,0.032367385325148726,0.678883257017779,Medio,Bajo,Crítico,5808,275,1,0,313057.48033437977,9672004.0,1.0,0.0,0.9672004,0.9672004,35.0,"consumo cupo 97% | saldo expuesto $9,672,004",Seguimiento normal,"Gestión preventiva inmediata: validar saldo, contactar CB y evaluar bloqueo preventivo."
2026-05-11,55398,2026-04-30,BARRIO COMFAMA GUARNE 1,ACTIVO,ACTIVO,PREVENTIVO,ANTIOQUIA,GUARNE,WOMPI,0.01064062196026709,0.383215766664082,Bajo,Bajo,Crítico,5809,276,1,0,312399.05227181164,29359097.0,13.0,0.0,0.8155304722222222,0.8155304722222222,25.0,"consumo cupo 82% | saldo expuesto $29,359,097",Seguimiento normal,"Gestión preventiva inmediata: validar saldo, contactar CB y evaluar bloqueo preventivo."
2026-05-11,50346,2026-04-30,BARRIO CENTRO TOGUI 1,ACTIVO,ACTIVO,PREVENTIVO,BOYACÁ,TOGÜÍ,WOMPI,0.015230870217777292,0.4790509292605652,Bajo,Bajo,Crítico,5810,277,1,0,312100.60504920373,20491318.0,17.0,2.0,0.9995764878048781,0.9995764878048781,35.0,"consumo cupo 100% | saldo expuesto $20,491,318",Seguimiento normal,"Gestión preventiva inmediata: validar saldo, contactar CB y evaluar bloqueo preventivo."
2026-05-11,61515,2026-04-30,BARRIO MORICHAL ACACIAS,ACTIVO,ACTIVO,PREVENTIVO,META,ACACÍAS,WOMPI,0.021042646044404204,0.5674304901708829,Bajo,Bajo,Crítico,5811,278,1,0,311975.0296868459,14825846.0,11.0,1.0,0.9883897333333334,0.9883897333333334,35.0,"consumo cupo 99% | saldo expuesto $14,825,846",Seguimiento normal,"Gestión preventiva inmediata: validar saldo, contactar CB y evaluar bloqueo preventivo."
2026-05-11,75681,2026-04-30,BARRIO SAN PEDRO ALEJANDRO IBAGUE 1,ACTIVO,ACTIVO,PREVENTIVO,TOLIMA,IBAGUÉ,WOMPI,0.04608603482564545,0.7586708044737263,Medio,Bajo,Crítico,5812,279,1,0,311604.59503096994,6761367.0,19.0,0.0,0.9659095714285715,0.9659095714285715,35.0,"consumo cupo 97% | saldo expuesto $6,761,367",Seguimiento normal,"Gestión preventiva inmediata: validar saldo, contactar CB y evaluar bloqueo preventivo."
2026-05-11,68126,2026-04-30,BARRIO NIÑOS DIOS LA UNION,ACTIVO,ACTIVO,PREVENTIVO,NARIÑO,LA UNIÓN,WOMPI,0.031216336424995873,0.6700216958221195,Medio,Bajo,Crítico,5813,280,1,0,310823.0284128787,9957063.0,4.0,0.0,0.6638042,0.6638042,10.0,"saldo expuesto $9,957,063",Seguimiento normal,"Gestión preventiva inmediata: validar saldo, contactar CB y evaluar bloqueo preventivo."
2026-05-11,62082,2026-04-30,BARRIO LOS ALPES CARTAGENA DE INDIAS 4,ACTIVO,ACTIVO,PREVENTIVO,BOLÍVAR,CARTAGENA DE INDIAS,WOMPI,0.033622362933233764,0.6880671863681399,Medio,Bajo,Crítico,5814,281,1,0,309872.6739635855,9216267.0,5.0,1.0,0.9216267,0.9216267,35.0,"consumo cupo 92% | saldo expuesto $9,216,267",Seguimiento normal,"Gestión preventiva inmediata: validar saldo, contactar CB y evaluar bloqueo preventivo."
2026-05-11,78782,2026-04-30,BARRIO LA CHINITA BARRANQUILLA 2,ACTIVO,ACTIVO,PREVENTIVO,ATLÁNTICO,BARRANQUILLA,WOMPI,0.044256339775792845,0.7501883993465108,Medio,Bajo,Crítico,5815,282,1,0,309530.34510744753,6994034.0,2.0,1.0,0.9991477142857143,0.9991477142857143,35.0,"consumo cupo 100% | saldo expuesto $6,994,034",Seguimiento normal,"Gestión preventiva inmediata: validar saldo, contactar CB y evaluar bloqueo preventivo."
2026-05-11,75896,2026-04-30,BARRIO NELSON MANDELA SECTOR LOS DESEOS CARTAGENA DE INDIAS,ACTIVO,ACTIVO,PREVENTIVO,BOLÍVAR,CARTAGENA DE INDIAS,WOMPI,0.044370191699027284,0.7507317352055123,Medio,Bajo,Crítico,5816,283,1,0,309233.61402720073,6969400.0,3.0,0.0,0.9956285714285714,0.9956285714285714,35.0,"consumo cupo 100% | saldo expuesto $6,969,400",Seguimiento normal,"Gestión preventiva inmediata: validar saldo, contactar CB y evaluar bloqueo preventivo."
2026-05-11,72047,2026-04-30,VILLAVICENCIO DELIRIO COVISAN,ACTIVO,ACTIVO,PREVENTIVO,META,VILLAVICENCIO,WOMPI,0.03342102383188485,0.6866258699815312,Medio,Bajo,Crítico,5817,284,1,0,309219.0661701276,9252232.0,25.0,0.0,0.9252232,0.9252232,35.0,"consumo cupo 93% | saldo expuesto $9,252,232",Seguimiento normal,"Gestión preventiva inmediata: validar saldo, contactar CB y evaluar bloqueo preventivo."
2026-05-11,34010,2026-04-30,BARRIO CENTRO MEDELLIN 9,ACTIVO,ACTIVO,PREVENTIVO,ANTIOQUIA,MEDELLÍN,WOMPI,0.011063778844500589,0.39332133211143155,Bajo,Bajo,Crítico,5820,285,1,0,307223.1746966227,27768376.34,6.0,0.0,0.7933821811428572,0.7933821811428572,25.0,"consumo cupo 79% | saldo expuesto $27,768,376",Seguimiento normal,"Gestión preventiva inmediata: validar saldo, contactar CB y evaluar bloqueo preventivo."
2026-05-11,13676,2026-04-30,BARRIO VILLA DEL SOL BELLO,ACTIVO,ACTIVO,PREVENTIVO,ANTIOQUIA,BELLO,WOMPI,0.007456715842434983,0.29668793333989657,Bajo,Bajo,Crítico,5822,286,1,0,306264.71616686514,41072333.0,6.0,1.0,0.9127185111111111,0.9127185111111111,35.0,"consumo cupo 91% | saldo expuesto $41,072,333",Seguimiento normal,"Gestión preventiva inmediata: validar saldo, contactar CB y evaluar bloqueo preventivo."
2026-05-11,36349,2026-04-30,BARRIO BELEN LAS MERCEDES MEDELLIN,ACTIVO,ACTIVO,PREVENTIVO,ANTIOQUIA,MEDELLÍN,WOMPI,0.019143433764140357,0.5417025767786827,Bajo,Alto,Crítico,5823,287,1,0,306207.8565546183,15995450.99,30.0,1.0,0.9694212721212121,0.9694212721212121,65.0,"30 días sin compensar | consumo cupo 97% | saldo expuesto $15,995,451",Contacto el mismo día + seguimiento de compensación,"Gestión preventiva inmediata: validar saldo, contactar CB y evaluar bloqueo preventivo."
2026-05-11,77335,2026-04-30,BARRIO CARIBE VERDE BARRANQUILLA  13,ACTIVO,ACTIVO,PREVENTIVO,ATLÁNTICO,BARRANQUILLA,WOMPI,0.047224905388507966,0.7636941662024628,Medio,Bajo,Crítico,5824,288,1,0,306198.91945384507,6483844.0,6.0,0.0,0.9262634285714286,0.9262634285714286,35.0,"consumo cupo 93% | saldo expuesto $6,483,844",Seguimiento normal,"Gestión preventiva inmediata: validar saldo, contactar CB y evaluar bloqueo preventivo."
2026-05-11,31786,2026-04-30,BARRIO LAS GAVIOTAS CARTAGENA DE INDIAS,ACTIVO,ACTIVO,PREVENTIVO,BOLÍVAR,CARTAGENA DE INDIAS,WOMPI,0.009955092898815862,0.36620347717995894,Bajo,Bajo,Crítico,5826,289,1,0,305562.0315860815,30694041.2,4.0,0.0,0.9901303612903225,0.9901303612903225,35.0,"consumo cupo 99% | saldo expuesto $30,694,041",Seguimiento normal,"Gestión preventiva inmediata: validar saldo, contactar CB y evaluar bloqueo preventivo."
2026-05-11,11096,2026-04-30,CHITAGA - NORTE DE SANTANDER,ACTIVO,ACTIVO,PREVENTIVO,NORTE DE SANTANDER,CHITAGÁ,WOMPI,0.008613028129403743,0.330421196561998,Bajo,Bajo,Crítico,5827,290,1,0,305272.1244503134,35443066.0,17.0,0.0,0.88607665,0.88607665,25.0,"consumo cupo 89% | saldo expuesto $35,443,066",Seguimiento normal,"Gestión preventiva inmediata: validar saldo, contactar CB y evaluar bloqueo preventivo."
2026-05-11,35002,2026-04-30,BARRIO BELLAVISTA CARTAGENA DE INDIAS,ACTIVO,ACTIVO,PREVENTIVO,BOLÍVAR,CARTAGENA DE INDIAS,WOMPI,0.020355206259081365,0.5584248934019002,Bajo,Bajo,Crítico,5829,291,1,0,304758.6405034056,14972024.19,6.0,0.0,0.998134946,0.998134946,35.0,"consumo cupo 100% | saldo expuesto $14,972,024",Seguimiento normal,"Gestión preventiva inmediata: validar saldo, contactar CB y evaluar bloqueo preventivo."
2026-05-11,77237,2026-04-30,BARRIO PRIMITIVO LOZADA LA ARGENTINA 1,ACTIVO,ACTIVO,PREVENTIVO,HUILA,LA ARGENTINA,WOMPI,0.030431040290169655,0.6637190431149824,Medio,Bajo,Crítico,5830,292,1,0,304300.7562619246,9999683.0,25.0,0.0,0.9999683,0.9999683,35.0,"consumo cupo 100% | saldo expuesto $9,999,683",Seguimiento normal,"Gestión preventiva inmediata: validar saldo, contactar CB y evaluar bloqueo preventivo."
2026-05-11,71796,2026-04-30,ANTIOQUIA MEDELLIN 1,ACTIVO,ACTIVO,PREVENTIVO,ANTIOQUIA,MEDELLÍN,WOMPI,0.036412517673367326,0.7068752171140373,Medio,Alto,Crítico,5833,293,1,0,301790.5149036004,8288098.0,723.0,0.0,0.8288098,0.8288098,70.0,"723 días sin compensar | consumo cupo 83% | saldo expuesto $8,288,098",Contacto el mismo día + seguimiento de compensación,"Gestión preventiva inmediata: validar saldo, contactar CB y evaluar bloqueo preventivo."
2026-05-11,24922,2026-04-30,BARRIO SAN MATEO II - BOGOTÁ,ACTIVO,ACTIVO,PREVENTIVO,CUNDINAMARCA,SOACHA,WOMPI,0.046903589154341896,0.7622959728409624,Medio,Medio,Crítico,5835,294,1,0,300336.6778707699,6403277.09,41.0,0.0,0.5336064241666667,0.5336064241666667,40.0,"41 días sin compensar | saldo expuesto $6,403,277",Monitoreo y recordatorio preventivo,"Gestión preventiva inmediata: validar saldo, contactar CB y evaluar bloqueo preventivo."
2026-05-11,59486,2026-04-30,BARRIO EL SALADO ENVIGADO 1,ACTIVO,ACTIVO,PREVENTIVO,ANTIOQUIA,ENVIGADO,WOMPI,0.016581076601065614,0.502325436906531,Bajo,Bajo,Crítico,5836,295,1,0,300161.0118053654,18102625.0,3.0,1.0,0.7542760416666666,0.7542760416666666,25.0,"consumo cupo 75% | saldo expuesto $18,102,625",Seguimiento normal,"Gestión preventiva inmediata: validar saldo, contactar CB y evaluar bloqueo preventivo."
2026-05-11,60355,2026-04-30,BARRIO EL CENTRO VILLA DEL ROSARIO 5,ACTIVO,ACTIVO,PREVENTIVO,NORTE DE SANTANDER,VILLA DEL ROSARIO,WOMPI,0.02121080241566016,0.5695831499198216,Bajo,Bajo,Crítico,5837,296,1,0,300001.41083902144,14143803.0,19.0,1.0,0.5051358214285714,0.5051358214285714,10.0,"saldo expuesto $14,143,803",Seguimiento normal,"Gestión preventiva inmediata: validar saldo, contactar CB y evaluar bloqueo preventivo."
2026-05-11,55060,2026-04-30,BARRIO CENTRO SANTA MARIA 4,ACTIVO,ACTIVO,PREVENTIVO,HUILA,SANTA MARÍA,WOMPI,0.008866225116566886,0.3374370475753427,Bajo,Bajo,Crítico,5838,297,1,0,299922.40745516866,33827520.0,3.0,0.0,0.9949270588235294,0.9949270588235294,35.0,"consumo cupo 99% | saldo expuesto $33,827,520",Seguimiento normal,"Gestión preventiva inmediata: validar saldo, contactar CB y evaluar bloqueo preventivo."
2026-05-11,59693,2026-04-30,BARRIO SAMARIA CHIA 1,ACTIVO,ACTIVO,PREVENTIVO,CUNDINAMARCA,CHÍA,WOMPI,0.03062777480892219,0.6653182826393075,Medio,Alto,Crítico,5840,298,1,0,299654.7674367658,9783759.0,31.0,1.0,0.9783759,0.9783759,65.0,"31 días sin compensar | consumo cupo 98% | saldo expuesto $9,783,759",Contacto el mismo día + seguimiento de compensación,"Gestión preventiva inmediata: validar saldo, contactar CB y evaluar bloqueo preventivo."
2026-05-11,57451,2026-04-30,BARRIO LIBERTAD PROVIDENCIA,ACTIVO,ACTIVO,PREVENTIVO,NARIÑO,PROVIDENCIA,WOMPI,0.03031737473374636,0.6627887666989701,Medio,Alto,Crítico,5841,299,1,0,299596.5396578794,9882008.0,34.0,0.0,0.9882008,0.9882008,65.0,"34 días sin compensar | consumo cupo 99% | saldo expuesto $9,882,008",Contacto el mismo día + seguimiento de compensación,"Gestión preventiva inmediata: validar saldo, contactar CB y evaluar bloqueo preventivo."
2026-05-11,50524,2026-04-30,BARRIO CENTRO PLANADAS 19,ACTIVO,ACTIVO,PREVENTIVO,TOLIMA,PLANADAS,WOMPI,0.034724575835021275,0.6957502511370086,Medio,Bajo,Crítico,5842,300,1,0,299060.16596816963,8612349.0,2.0,0.0,0.8612349,0.8612349,25.0,"consumo cupo 86% | saldo expuesto $8,612,349",Seguimiento normal,"Gestión preventiva inmediata: validar saldo, contactar CB y evaluar bloqueo preventivo."
2026-05-11,41646,2026-04-30,BARRIO CENTRO MANIZALES 8,ACTIVO,ACTIVO,PREVENTIVO,CALDAS,MANIZALES,WOMPI,0.019133832809060346,0.5415655442175943,Bajo,Alto,Crítico,5845,301,1,0,296778.39433201274,15510661.0,31.0,1.0,0.9694163125,0.9694163125,65.0,"31 días sin compensar | consumo cupo 97% | saldo expuesto $15,510,661",Contacto el mismo día + seguimiento de compensación,"Gestión preventiva inmediata: validar saldo, contactar CB y evaluar bloqueo preventivo."
2026-05-11,15970,2026-04-30,BARRIO CENTRO XXI MEDELLÍN,ACTIVO,ACTIVO,PREVENTIVO,ANTIOQUIA,MEDELLÍN,WOMPI,0.014815450540221169,0.4714947065689088,Bajo,Bajo,Crítico,5846,302,1,0,295854.833241761,19969344.33,27.0,1.0,0.9984672164999999,0.9984672164999999,35.0,"consumo cupo 100% | saldo expuesto $19,969,344",Seguimiento normal,"Gestión preventiva inmediata: validar saldo, contactar CB y evaluar bloqueo preventivo."
2026-05-11,61561,2026-04-30,BARRIO CHICO APULO,ACTIVO,ACTIVO,PREVENTIVO,CUNDINAMARCA,APULO,WOMPI,0.017497062125556673,0.5170778750427527,Bajo,Alto,Crítico,5847,303,1,0,294976.4964617735,16858630.0,33.0,0.0,0.9633502857142857,0.9633502857142857,65.0,"33 días sin compensar | consumo cupo 96% | saldo expuesto $16,858,630",Contacto el mismo día + seguimiento de compensación,"Gestión preventiva inmediata: validar saldo, contactar CB y evaluar bloqueo preventivo."
2026-05-11,36662,2026-04-30,BARRIO LAS PALMAS BARRANQUILLA 1,ACTIVO,ACTIVO,PREVENTIVO,ATLÁNTICO,BARRANQUILLA,WOMPI,0.019715955565421432,0.5497428536518938,Bajo,Bajo,Crítico,5848,304,1,0,294898.52684027853,14957354.0,16.0,0.0,0.9971569333333333,0.9971569333333333,35.0,"consumo cupo 100% | saldo expuesto $14,957,354",Seguimiento normal,"Gestión preventiva inmediata: validar saldo, contactar CB y evaluar bloqueo preventivo."
2026-05-11,30881,2026-04-30,BARRIO 	OLAYA 2,ACTIVO,ACTIVO,PREVENTIVO,ATLÁNTICO,BARRANQUILLA,WOMPI,0.029591814820039936,0.6567394241207326,Bajo,Alto,Crítico,5849,305,1,0,294538.9033034521,9953391.0,39.0,2.0,0.9953391,0.9953391,65.0,"39 días sin compensar | consumo cupo 100% | saldo expuesto $9,953,391",Contacto el mismo día + seguimiento de compensación,"Gestión preventiva inmediata: validar saldo, contactar CB y evaluar bloqueo preventivo."
2026-05-11,43871,2026-04-30,BARRIO PIO XII BOGOTA 2,ACTIVO,ACTIVO,PREVENTIVO,CUNDINAMARCA,BOGOTÁ,WOMPI,0.017066451720431756,0.5102417779351867,Bajo,Bajo,Crítico,5851,306,1,0,292745.65739330585,17153281.9,1.0,0.0,0.5717760633333333,0.5717760633333333,10.0,"saldo expuesto $17,153,282",Seguimiento normal,"Gestión preventiva inmediata: validar saldo, contactar CB y evaluar bloqueo preventivo."
2026-05-11,50852,2026-04-30,BARRIO EL ENCANTO BOGOTA,ACTIVO,ACTIVO,PREVENTIVO,CUNDINAMARCA,BOGOTÁ,WOMPI,0.007979325146562605,0.3122875304431351,Bajo,Bajo,Crítico,5852,307,1,0,292628.4242771888,36673330.0,2.0,1.0,0.9911710810810811,0.9911710810810811,35.0,"consumo cupo 99% | saldo expuesto $36,673,330",Seguimiento normal,"Gestión preventiva inmediata: validar saldo, contactar CB y evaluar bloqueo preventivo."
2026-05-11,66906,2026-04-30,BARRIO PROGRESO SUESCA SUESCA,ACTIVO,ACTIVO,PREVENTIVO,CUNDINAMARCA,SUESCA,WOMPI,0.09014974327426577,0.8722009861237704,Crítico,Bajo,Crítico,5853,308,1,0,292320.36888882366,3242609.0,18.0,1.0,0.14411595555555556,0.14411595555555556,10.0,"saldo expuesto $3,242,609",Seguimiento normal,"Gestión preventiva inmediata: validar saldo, contactar CB y evaluar bloqueo preventivo."
2026-05-11,29422,2026-04-30,BARRIO CENTRICO PUERTO LÓPEZ,ACTIVO,ACTIVO,PREVENTIVO,META,PUERTO LÓPEZ,WOMPI,0.008528973355787669,0.32806363935494376,Bajo,Bajo,Crítico,5854,309,1,0,291827.16470421705,34215978.0,2.0,0.0,0.9247561621621622,0.9247561621621622,35.0,"consumo cupo 92% | saldo expuesto $34,215,978",Seguimiento normal,"Gestión preventiva inmediata: validar saldo, contactar CB y evaluar bloqueo preventivo."
2026-05-11,78953,2026-04-30,BARRIO KM 1 VIA A NEIVA VEREDA PUEBLO NUEVO GIGANTE,ACTIVO,ACTIVO,PREVENTIVO,HUILA,GIGANTE,WOMPI,0.02918210635572169,0.6532363012274487,Bajo,Bajo,Crítico,5855,310,1,0,291797.1050478989,9999179.0,19.0,2.0,0.9999179,0.9999179,35.0,"consumo cupo 100% | saldo expuesto $9,999,179",Seguimiento normal,"Gestión preventiva inmediata: validar saldo, contactar CB y evaluar bloqueo preventivo."
2026-05-11,75042,2026-04-30,BARRIO PARAISO BARRANQUILLA 6,ACTIVO,ACTIVO,PREVENTIVO,ATLÁNTICO,BARRANQUILLA,WOMPI,0.041630366502076126,0.7370402795575073,Medio,Bajo,Crítico,5856,311,1,0,291304.45145272696,6997403.0,10.0,4.0,0.999629,0.999629,35.0,"consumo cupo 100% | saldo expuesto $6,997,403",Seguimiento normal,"Gestión preventiva inmediata: validar saldo, contactar CB y evaluar bloqueo preventivo."
2026-05-11,77591,2026-04-30,BARRIO URB TENERIFE VILLA ROSARIO,ACTIVO,ACTIVO,PREVENTIVO,NORTE DE SANTANDER,VILLA DEL ROSARIO,WOMPI,0.04323148428374404,0.7452002494538063,Medio,Bajo,Crítico,5857,312,1,0,291214.454561691,6736166.0,2.0,0.0,0.9623094285714285,0.9623094285714285,35.0,"consumo cupo 96% | saldo expuesto $6,736,166",Seguimiento normal,"Gestión preventiva inmediata: validar saldo, contactar CB y evaluar bloqueo preventivo."
2026-05-11,51511,2026-04-30,BARRIO CENTRO REMEDIOS 3,ACTIVO,ACTIVO,PREVENTIVO,ANTIOQUIA,REMEDIOS,WOMPI,0.019790438372877552,0.5507702149450566,Bajo,Bajo,Crítico,5858,313,1,0,291190.57308700844,14713700.0,10.0,0.0,0.9809133333333333,0.9809133333333333,35.0,"consumo cupo 98% | saldo expuesto $14,713,700",Seguimiento normal,"Gestión preventiva inmediata: validar saldo, contactar CB y evaluar bloqueo preventivo."
2026-05-11,79554,2026-04-30,BARRIO SIMON  BOLIVAR CUMARAL,ACTIVO,ACTIVO,PREVENTIVO,META,CUMARAL,WOMPI,0.02910510120366766,0.6525706748990284,Bajo,Bajo,Crítico,5859,314,1,0,290856.89876575983,9993330.61,10.0,5.0,0.999333061,0.999333061,35.0,"consumo cupo 100% | saldo expuesto $9,993,331",Seguimiento normal,"Gestión preventiva inmediata: validar saldo, contactar CB y evaluar bloqueo preventivo."
2026-05-11,41899,2026-04-30,BARRIO SECTOR EL CARMEN HATILLO DE LOBA,ACTIVO,ACTIVO,PREVENTIVO,BOLÍVAR,HATILLO DE LOBA,WOMPI,0.01292449046318575,0.4344843394841114,Bajo,Bajo,Crítico,5860,315,1,0,290696.74421851954,22491930.73,16.0,1.0,0.9996413657777778,0.9996413657777778,35.0,"consumo cupo 100% | saldo expuesto $22,491,931",Seguimiento normal,"Gestión preventiva inmediata: validar saldo, contactar CB y evaluar bloqueo preventivo."
2026-05-11,69656,2026-04-30,BARRIO CANADA GUIRA BOGOTA 1,ACTIVO,ACTIVO,PREVENTIVO,CUNDINAMARCA,BOGOTÁ,WOMPI,0.031223154173174315,0.6700754797091574,Medio,Bajo,Crítico,5861,316,1,0,290010.89715501183,9288328.0,3.0,0.0,0.9288328,0.9288328,35.0,"consumo cupo 93% | saldo expuesto $9,288,328",Seguimiento normal,"Gestión preventiva inmediata: validar saldo, contactar CB y evaluar bloqueo preventivo."
2026-05-11,75441,2026-04-30,BARRIO EL CENTRO CURUMANI 2,ACTIVO,ACTIVO,PREVENTIVO,CESAR,CURUMANÍ,WOMPI,0.04298093268596625,0.7439535164928215,Medio,Bajo,Crítico,5863,317,1,0,289516.25304085185,6735923.0,10.0,0.0,0.9622747142857143,0.9622747142857143,35.0,"consumo cupo 96% | saldo expuesto $6,735,923",Seguimiento normal,"Gestión preventiva inmediata: validar saldo, contactar CB y evaluar bloqueo preventivo."
2026-05-11,78532,2026-04-30,BARRIO CRR EL ROSARIO LA CRUZ,ACTIVO,ACTIVO,PREVENTIVO,NARIÑO,LA CRUZ,WOMPI,0.02894079829141662,0.6511427177723043,Bajo,Bajo,Crítico,5864,318,1,0,289379.04211587476,9999000.0,12.0,1.0,0.9999,0.9999,35.0,"consumo cupo 100% | saldo expuesto $9,999,000",Seguimiento normal,"Gestión preventiva inmediata: validar saldo, contactar CB y evaluar bloqueo preventivo."
2026-05-11,39812,2026-04-30,BARRIO CERROS DEL CAMPESTRE FLORIDABLANCA 1,ACTIVO,ACTIVO,PREVENTIVO,SANTANDER,FLORIDABLANCA,WOMPI,0.007266044957469307,0.2908453154354212,Bajo,Bajo,Crítico,5865,319,1,0,288919.806242667,39763008.34,17.0,0.0,0.9940752085000001,0.9940752085000001,35.0,"consumo cupo 99% | saldo expuesto $39,763,008",Seguimiento normal,"Gestión preventiva inmediata: validar saldo, contactar CB y evaluar bloqueo preventivo."
2026-05-11,78945,2026-04-30,BARRIO PINAR DEL RIO BARRANQUILLA,ACTIVO,ACTIVO,PREVENTIVO,ATLÁNTICO,BARRANQUILLA,WOMPI,0.04861559296054478,0.7695796145094175,Medio,Medio,Crítico,5866,320,1,0,288870.4016644569,5941929.0,34.0,0.0,0.848847,0.848847,55.0,"34 días sin compensar | consumo cupo 85% | saldo expuesto $5,941,929",Monitoreo y recordatorio preventivo,"Gestión preventiva inmediata: validar saldo, contactar CB y evaluar bloqueo preventivo."
2026-05-11,80280,2026-04-30,BARRIO SOCIEGO MADRID 10,ACTIVO,ACTIVO,PREVENTIVO,CUNDINAMARCA,MADRID,WOMPI,0.04230997145666518,0.7405603399105981,Medio,Bajo,Crítico,5867,321,1,0,288587.38790193584,6820789.0,19.0,0.0,0.9743984285714286,0.9743984285714286,35.0,"consumo cupo 97% | saldo expuesto $6,820,789",Seguimiento normal,"Gestión preventiva inmediata: validar saldo, contactar CB y evaluar bloqueo preventivo."
2026-05-11,38309,2026-04-30,BARRIO EL PRADO BUCARAMANGA 3,ACTIVO,ACTIVO,PREVENTIVO,SANTANDER,BUCARAMANGA,WOMPI,0.010051996446626165,0.36865788869991273,Bajo,Bajo,Crítico,5868,322,1,0,288152.1887183993,28666165.0,11.0,1.0,0.988488448275862,0.988488448275862,35.0,"consumo cupo 99% | saldo expuesto $28,666,165",Seguimiento normal,"Gestión preventiva inmediata: validar saldo, contactar CB y evaluar bloqueo preventivo."
2026-05-11,80699,2026-04-30,BARRIO CUIDAD VERDE SOACHA,ACTIVO,ACTIVO,PREVENTIVO,CUNDINAMARCA,SOACHA,WOMPI,0.04124717067157499,0.7350174641233997,Medio,Bajo,Crítico,5869,323,1,0,286968.1568171059,6957281.0,24.0,0.0,0.9938972857142857,0.9938972857142857,35.0,"consumo cupo 99% | saldo expuesto $6,957,281",Seguimiento normal,"Gestión preventiva inmediata: validar saldo, contactar CB y evaluar bloqueo preventivo."
2026-05-11,63478,2026-04-30,BARRIO LA TRINIDAD BOGOTA,ACTIVO,ACTIVO,PREVENTIVO,CUNDINAMARCA,BOGOTÁ,WOMPI,0.03582600057907582,0.7030937770699491,Medio,Bajo,Crítico,5871,324,1,0,286605.6759425689,7999935.0,26.0,2.0,0.999991875,0.999991875,35.0,"consumo cupo 100% | saldo expuesto $7,999,935",Seguimiento normal,"Gestión preventiva inmediata: validar saldo, contactar CB y evaluar bloqueo preventivo."
2026-05-11,59857,2026-04-30,BARRIO PAMPLONA PAMPLONA 2,ACTIVO,ACTIVO,PREVENTIVO,NORTE DE SANTANDER,PAMPLONA,WOMPI,0.0202881329535736,0.5575281299003139,Bajo,Bajo,Crítico,5873,325,1,0,285538.59159493103,14074168.0,3.0,0.0,0.9382778666666667,0.9382778666666667,35.0,"consumo cupo 94% | saldo expuesto $14,074,168",Seguimiento normal,"Gestión preventiva inmediata: validar saldo, contactar CB y evaluar bloqueo preventivo."
2026-05-11,70870,2026-04-30,BARRIO USAQUEN BOGOTA 4,ACTIVO,ACTIVO,PREVENTIVO,CUNDINAMARCA,BOGOTÁ,WOMPI,0.030131231756169653,0.6612552438158207,Medio,Bajo,Crítico,5874,326,1,0,285160.6214349606,9463955.0,19.0,1.0,0.9463955,0.9463955,35.0,"consumo cupo 95% | saldo expuesto $9,463,955",Seguimiento normal,"Gestión preventiva inmediata: validar saldo, contactar CB y evaluar bloqueo preventivo."
2026-05-11,76086,2026-04-30,BARRIO CENTRO TINJACA 4,ACTIVO,ACTIVO,PREVENTIVO,BOYACÁ,TINJACÁ,WOMPI,0.029515912936366313,0.656095272892236,Bajo,Bajo,Crítico,5875,327,1,0,284509.64039665746,9639195.0,9.0,0.0,0.9639195,0.9639195,35.0,"consumo cupo 96% | saldo expuesto $9,639,195",Seguimiento normal,"Gestión preventiva inmediata: validar saldo, contactar CB y evaluar bloqueo preventivo."
2026-05-11,73520,2026-04-30,BARRIO SABANETA SABANETA 9,ACTIVO,ACTIVO,PREVENTIVO,ANTIOQUIA,SABANETA,WOMPI,0.01884278542785968,0.5373762234063947,Bajo,Bajo,Crítico,5879,328,1,0,281923.532122956,14961882.0,6.0,0.0,0.9974588,0.9974588,35.0,"consumo cupo 100% | saldo expuesto $14,961,882",Seguimiento normal,"Gestión preventiva inmediata: validar saldo, contactar CB y evaluar bloqueo preventivo."
2026-05-11,79931,2026-04-30,BARRIO CENTRO SUBA BOGOTA 4,ACTIVO,ACTIVO,PREVENTIVO,CUNDINAMARCA,BOGOTÁ,WOMPI,0.041844704528545044,0.738159672838465,Medio,Alto,Crítico,5880,329,1,0,281846.8485190144,6735544.0,46.0,2.0,0.9622205714285714,0.9622205714285714,65.0,"46 días sin compensar | consumo cupo 96% | saldo expuesto $6,735,544",Contacto el mismo día + seguimiento de compensación,"Gestión preventiva inmediata: validar saldo, contactar CB y evaluar bloqueo preventivo."
2026-05-11,78432,2026-04-30,BARRIO LA CRUZ MEDINA,ACTIVO,ACTIVO,PREVENTIVO,CUNDINAMARCA,MEDINA,WOMPI,0.028568673692440257,0.6478691074910172,Bajo,Crítico,Crítico,5881,330,1,0,281718.60528587,9861102.0,999.0,1.0,0.9861102,0.9861102,80.0,"999 días sin compensar | consumo cupo 99% | saldo expuesto $9,861,102",Bloqueo/validación inmediata + gestión prioritaria,"Gestión preventiva inmediata: validar saldo, contactar CB y evaluar bloqueo preventivo."
2026-05-11,66614,2026-04-30,BARRIO BOSA LA LIBERTAD BOGOTA 5,ACTIVO,ACTIVO,PREVENTIVO,CUNDINAMARCA,BOGOTÁ,WOMPI,0.016651972919974216,0.5034960028828508,Bajo,Bajo,Crítico,5882,331,1,0,281641.8672752201,16913423.33,2.0,1.0,0.7047259720833332,0.7047259720833332,25.0,"consumo cupo 70% | saldo expuesto $16,913,423",Seguimiento normal,"Gestión preventiva inmediata: validar saldo, contactar CB y evaluar bloqueo preventivo."
2026-05-11,51517,2026-04-30,BARRIO CIUDADELA METROPOLITANA SOLEDAD 4,ACTIVO,ACTIVO,PREVENTIVO,ATLÁNTICO,SOLEDAD,WOMPI,0.03437746865176135,0.6933678150112523,Medio,Bajo,Crítico,5883,332,1,0,281591.8274061226,8191174.0,6.0,1.0,0.8191174,0.8191174,25.0,"consumo cupo 82% | saldo expuesto $8,191,174",Seguimiento normal,"Gestión preventiva inmediata: validar saldo, contactar CB y evaluar bloqueo preventivo."
2026-05-11,69327,2026-04-30,BARRIO ANGANOY PASTO 1,ACTIVO,ACTIVO,PREVENTIVO,NARIÑO,PASTO,WOMPI,0.02889808046994492,0.6507697208293559,Bajo,Bajo,Crítico,5884,333,1,0,281376.3326199441,9736852.0,10.0,0.0,0.9736852,0.9736852,35.0,"consumo cupo 97% | saldo expuesto $9,736,852",Seguimiento normal,"Gestión preventiva inmediata: validar saldo, contactar CB y evaluar bloqueo preventivo."
2026-05-11,79502,2026-04-30,BARRIO LA CONCEPCION 1 BARRANQUILLA,ACTIVO,ACTIVO,PREVENTIVO,ATLÁNTICO,BARRANQUILLA,WOMPI,0.04025611794217721,0.7296540652027942,Medio,Bajo,Crítico,5886,334,1,0,280831.026425366,6976108.0,4.0,1.0,0.9965868571428571,0.9965868571428571,35.0,"consumo cupo 100% | saldo expuesto $6,976,108",Seguimiento normal,"Gestión preventiva inmediata: validar saldo, contactar CB y evaluar bloqueo preventivo."
2026-05-11,52391,2026-04-30,BARRIO CORAZON DE MARIA EL CARMEN DE ATRATO,ACTIVO,ACTIVO,PREVENTIVO,CHOCÓ,EL CARMEN DE ATRATO,WOMPI,0.011380871035277577,0.40070454097234265,Bajo,Bajo,Crítico,5887,335,1,0,280456.56892261305,24642803.53,18.0,0.0,0.9857121412000001,0.9857121412000001,35.0,"consumo cupo 99% | saldo expuesto $24,642,804",Seguimiento normal,"Gestión preventiva inmediata: validar saldo, contactar CB y evaluar bloqueo preventivo."
2026-05-11,67270,2026-04-30,BARRIO CIUDAD JARDIN HATO SEGUNDO SECTOR FUNZA,ACTIVO,ACTIVO,PREVENTIVO,CUNDINAMARCA,FUNZA,WOMPI,0.009635137999208872,0.35797982620824514,Bajo,Bajo,Crítico,5889,336,1,0,277806.30148416373,28832623.0,4.0,0.0,0.8237892285714286,0.8237892285714286,25.0,"consumo cupo 82% | saldo expuesto $28,832,623",Seguimiento normal,"Gestión preventiva inmediata: validar saldo, contactar CB y evaluar bloqueo preventivo."
2026-05-11,31757,2026-04-30,BARRIO SAMPER MENDOZA 3 BOGOTÁ,ACTIVO,ACTIVO,PREVENTIVO,CUNDINAMARCA,BOGOTÁ,WOMPI,0.03206102492926377,0.6765669434463211,Medio,Medio,Crítico,5890,337,1,0,277448.7517326274,8653770.5,32.0,1.0,0.86537705,0.86537705,55.0,"32 días sin compensar | consumo cupo 87% | saldo expuesto $8,653,770",Monitoreo y recordatorio preventivo,"Gestión preventiva inmediata: validar saldo, contactar CB y evaluar bloqueo preventivo."
2026-05-11,22578,2026-04-30,EDS NUTIBARA MEDELLIN,ACTIVO,ACTIVO,PREVENTIVO,ANTIOQUIA,MEDELLÍN,WOMPI,0.007186662301410893,0.2883884316768538,Bajo,Bajo,Crítico,5891,338,1,0,277319.9440274245,38588141.81,4.0,1.0,0.6431356968333334,0.6431356968333334,10.0,"saldo expuesto $38,588,142",Seguimiento normal,"Gestión preventiva inmediata: validar saldo, contactar CB y evaluar bloqueo preventivo."
2026-05-11,34941,2026-04-30,BARRIO LAS QUINTAS TUNJA,ACTIVO,ACTIVO,PREVENTIVO,BOYACÁ,TUNJA,WOMPI,0.019396624094075245,0.545289895573057,Bajo,Bajo,Crítico,5892,339,1,0,277021.4517728706,14281941.56,2.0,0.0,0.9521294373333333,0.9521294373333333,35.0,"consumo cupo 95% | saldo expuesto $14,281,942",Seguimiento normal,"Gestión preventiva inmediata: validar saldo, contactar CB y evaluar bloqueo preventivo."
2026-05-11,59629,2026-04-30,BARRIO LA GLORIA SAN JACINTO 1,ACTIVO,ACTIVO,PREVENTIVO,BOLÍVAR,SAN JACINTO,WOMPI,0.023647607312097852,0.5987374688443888,Bajo,Bajo,Crítico,5893,340,1,0,276696.7985988651,11700837.0,10.0,2.0,0.7800558,0.7800558,25.0,"consumo cupo 78% | saldo expuesto $11,700,837",Seguimiento normal,"Gestión preventiva inmediata: validar saldo, contactar CB y evaluar bloqueo preventivo."
2026-05-11,25606,2026-04-30,SAN VICENTE LORICA - CORDOBA,ACTIVO,ACTIVO,PREVENTIVO,CÓRDOBA,LORICA,WOMPI,0.013908075505050964,0.4542914388242551,Bajo,Bajo,Crítico,5894,341,1,0,276621.3159115144,19889259.0,2.0,0.0,0.99446295,0.99446295,35.0,"consumo cupo 99% | saldo expuesto $19,889,259",Seguimiento normal,"Gestión preventiva inmediata: validar saldo, contactar CB y evaluar bloqueo preventivo."
2026-05-11,80627,2026-04-30,BARRIO CAMILO TORRES SOACHA SOACHA,ACTIVO,ACTIVO,PREVENTIVO,CUNDINAMARCA,SOACHA,WOMPI,0.03945913520175677,0.7251975917167954,Medio,Bajo,Crítico,5895,342,1,0,276002.09031539917,6994631.0,25.0,1.0,0.999233,0.999233,35.0,"consumo cupo 100% | saldo expuesto $6,994,631",Seguimiento normal,"Gestión preventiva inmediata: validar saldo, contactar CB y evaluar bloqueo preventivo."
2026-05-11,66809,2026-04-30,BARRIO EDUARDO SANTOS ISTMINA,ACTIVO,ACTIVO,PREVENTIVO,CHOCÓ,ISTMINA,WOMPI,0.008141360575815387,0.3170040996881303,Bajo,Bajo,Crítico,5897,343,1,0,275270.1680990933,33811322.51,4.0,0.0,0.9944506620588235,0.9944506620588235,35.0,"consumo cupo 99% | saldo expuesto $33,811,323",Seguimiento normal,"Gestión preventiva inmediata: validar saldo, contactar CB y evaluar bloqueo preventivo."
2026-05-11,42293,2026-04-30,BARRIO BARZAL BAJO VILLAVICENCIO,ACTIVO,ACTIVO,PREVENTIVO,META,VILLAVICENCIO,WOMPI,0.030325917563001573,0.6628588453655213,Medio,Bajo,Crítico,5898,344,1,0,274794.9964721244,9061391.0,3.0,1.0,0.6040927333333334,0.6040927333333334,10.0,"saldo expuesto $9,061,391",Seguimiento normal,"Gestión preventiva inmediata: validar saldo, contactar CB y evaluar bloqueo preventivo."
2026-05-11,21127,2026-04-30,MEGATIENDAS BAZURTO,ACTIVO,ACTIVO,PREVENTIVO,BOLÍVAR,CARTAGENA DE INDIAS,WOMPI,0.02731837696291269,0.6364528360218362,Bajo,Bajo,Crítico,5899,345,1,0,274782.24982035777,10058513.0,4.0,3.0,0.7737317692307693,0.7737317692307693,25.0,"consumo cupo 77% | saldo expuesto $10,058,513",Seguimiento normal,"Gestión preventiva inmediata: validar saldo, contactar CB y evaluar bloqueo preventivo."
2026-05-11,66101,2026-04-30,BARRIO PANCE CALI 3,ACTIVO,ACTIVO,PREVENTIVO,VALLE DEL CAUCA,CALI,WOMPI,0.03106943281539061,0.6688589476603398,Medio,Bajo,Crítico,5900,346,1,0,274735.5919046559,8842633.0,2.0,2.0,0.8842633,0.8842633,25.0,"consumo cupo 88% | saldo expuesto $8,842,633",Seguimiento normal,"Gestión preventiva inmediata: validar saldo, contactar CB y evaluar bloqueo preventivo."
2026-05-11,46169,2026-04-30,BARRIO CACHIPAY CACHIPAY,ACTIVO,ACTIVO,PREVENTIVO,CUNDINAMARCA,CACHIPAY,WOMPI,0.013078910244074612,0.4376779600367307,Bajo,Bajo,Crítico,5901,347,1,0,274594.06169928017,20995179.0,12.0,2.0,0.9997704285714286,0.9997704285714286,35.0,"consumo cupo 100% | saldo expuesto $20,995,179",Seguimiento normal,"Gestión preventiva inmediata: validar saldo, contactar CB y evaluar bloqueo preventivo."
2026-05-11,52607,2026-04-30,BARRIO TAMINANGO TAMINANGO,ACTIVO,ACTIVO,PREVENTIVO,NARIÑO,TAMINANGO,WOMPI,0.007530081827603927,0.29891421655990064,Bajo,Alto,Crítico,5903,348,1,0,273240.15610563155,36286479.0,31.0,1.0,0.9549073421052632,0.9549073421052632,65.0,"31 días sin compensar | consumo cupo 95% | saldo expuesto $36,286,479",Contacto el mismo día + seguimiento de compensación,"Gestión preventiva inmediata: validar saldo, contactar CB y evaluar bloqueo preventivo."
2026-05-11,77197,2026-04-30,BARRIO QUIBDO QUIBDO 6,ACTIVO,ACTIVO,PREVENTIVO,CHOCÓ,QUIBDÓ,WOMPI,0.041413975866239836,0.7359014189842376,Medio,Bajo,Crítico,5904,349,1,0,273224.35731005133,6597395.0,1.0,1.0,0.942485,0.942485,35.0,"consumo cupo 94% | saldo expuesto $6,597,395",Seguimiento normal,"Gestión preventiva inmediata: validar saldo, contactar CB y evaluar bloqueo preventivo."
2026-05-11,19123,2026-04-30,BARRIO SANTA CRUZ IX MEDELLIN,ACTIVO,ACTIVO,PREVENTIVO,ANTIOQUIA,MEDELLÍN,WOMPI,0.012158455283922369,0.418154326262438,Bajo,Bajo,Crítico,5905,350,1,0,273158.5630125346,22466551.6,6.0,0.0,0.9985134044444445,0.9985134044444445,35.0,"consumo cupo 100% | saldo expuesto $22,466,552",Seguimiento normal,"Gestión preventiva inmediata: validar saldo, contactar CB y evaluar bloqueo preventivo."
2026-05-11,48514,2026-04-30,BARRIO VILLA MELISA MONTERIA,ACTIVO,ACTIVO,PREVENTIVO,CÓRDOBA,MONTERÍA,WOMPI,0.04692857840835878,0.7624052429649703,Medio,Bajo,Crítico,5906,351,1,0,273122.40367279074,5819959.03,19.0,0.0,0.581995903,0.581995903,10.0,"saldo expuesto $5,819,959",Seguimiento normal,"Gestión preventiva inmediata: validar saldo, contactar CB y evaluar bloqueo preventivo."
2026-05-11,76448,2026-04-30,BARRIO MIGUELO RURAL DIBULLA,ACTIVO,ACTIVO,PREVENTIVO,LA GUAJIRA,DIBULLA,WOMPI,0.02734746254345039,0.6367259815418531,Bajo,Alto,Crítico,5907,352,1,0,272815.8524092947,9975911.0,32.0,0.0,0.9975911,0.9975911,65.0,"32 días sin compensar | consumo cupo 100% | saldo expuesto $9,975,911",Contacto el mismo día + seguimiento de compensación,"Gestión preventiva inmediata: validar saldo, contactar CB y evaluar bloqueo preventivo."
2026-05-11,29987,2026-04-30,BARRIO VILLA FONTANA - PALMIRA,ACTIVO,ACTIVO,PREVENTIVO,VALLE DEL CAUCA,PALMIRA,WOMPI,0.05820107942041537,0.8039367690934875,Medio,Bajo,Crítico,5909,353,1,0,272314.46965268697,4678856.0,12.0,1.0,0.9357712,0.9357712,35.0,"consumo cupo 94% | saldo expuesto $4,678,856",Seguimiento normal,"Gestión preventiva inmediata: validar saldo, contactar CB y evaluar bloqueo preventivo."
2026-05-11,79024,2026-04-30,BARRIO LAS COLINAS ACACIAS 2,ACTIVO,ACTIVO,PREVENTIVO,META,ACACÍAS,WOMPI,0.03070096568688381,0.6659097474964784,Medio,Bajo,Crítico,5910,354,1,0,272162.21875628375,8864940.0,2.0,1.0,0.886494,0.886494,25.0,"consumo cupo 89% | saldo expuesto $8,864,940",Seguimiento normal,"Gestión preventiva inmediata: validar saldo, contactar CB y evaluar bloqueo preventivo."
2026-05-11,59239,2026-04-30,BARRIO ALTO DE LA VIRGEN LA CALERA LA CALERA,ACTIVO,ACTIVO,PREVENTIVO,CUNDINAMARCA,LA CALERA,WOMPI,0.018099772767822583,0.5263629253684587,Bajo,Bajo,Crítico,5911,355,1,0,271459.75847975624,14997965.0,12.0,1.0,0.9998643333333334,0.9998643333333334,35.0,"consumo cupo 100% | saldo expuesto $14,997,965",Seguimiento normal,"Gestión preventiva inmediata: validar saldo, contactar CB y evaluar bloqueo preventivo."
2026-05-11,79445,2026-04-30,BARRIO 	CGTO QUEBRADA NUEVA ZARZAL,ACTIVO,ACTIVO,PREVENTIVO,VALLE DEL CAUCA,ZARZAL,WOMPI,0.03658002300613828,0.7079392860542284,Medio,Bajo,Crítico,5912,356,1,0,271072.12694438803,7410387.0,17.0,4.0,0.7410387,0.7410387,25.0,"consumo cupo 74% | saldo expuesto $7,410,387",Seguimiento normal,"Gestión preventiva inmediata: validar saldo, contactar CB y evaluar bloqueo preventivo."
2026-05-11,41139,2026-04-30,BARRIO PORTIN DEL TEJAR BUCARAMANGA,ACTIVO,ACTIVO,PREVENTIVO,SANTANDER,BUCARAMANGA,WOMPI,0.008719581879006125,0.3333893060010572,Bajo,Bajo,Crítico,5913,357,1,0,270552.67759030336,31028171.0,2.0,0.0,0.8865191714285714,0.8865191714285714,25.0,"consumo cupo 89% | saldo expuesto $31,028,171",Seguimiento normal,"Gestión preventiva inmediata: validar saldo, contactar CB y evaluar bloqueo preventivo."
2026-05-11,19300,2026-04-30,BARRIO SANTA CRUZ X MEDELLIN,ACTIVO,ACTIVO,PREVENTIVO,ANTIOQUIA,MEDELLÍN,WOMPI,0.02049128201107239,0.5602341904688402,Bajo,Bajo,Crítico,5914,358,1,0,269207.8681472666,13137678.16,3.0,1.0,0.656883908,0.656883908,10.0,"saldo expuesto $13,137,678",Seguimiento normal,"Gestión preventiva inmediata: validar saldo, contactar CB y evaluar bloqueo preventivo."
2026-05-11,73028,2026-04-30,BARRIO ENCISO MEDELLIN 19,ACTIVO,ACTIVO,PREVENTIVO,ANTIOQUIA,MEDELLÍN,WOMPI,0.02789548423346277,0.6418040991559754,Bajo,Bajo,Crítico,5915,359,1,0,269060.00722669193,9645289.0,23.0,1.0,0.9645289,0.9645289,35.0,"consumo cupo 96% | saldo expuesto $9,645,289",Seguimiento normal,"Gestión preventiva inmediata: validar saldo, contactar CB y evaluar bloqueo preventivo."
2026-05-11,82198,2026-04-30,BARRIO ATALAYA CUCUTA,ACTIVO,ACTIVO,PREVENTIVO,NORTE DE SANTANDER,CÚCUTA,WOMPI,0.045411012745389584,0.7556022983051072,Medio,Bajo,Crítico,5916,360,1,0,269041.3141241185,5924583.0,5.0,0.0,0.846369,0.846369,25.0,"consumo cupo 85% | saldo expuesto $5,924,583",Seguimiento normal,"Gestión preventiva inmediata: validar saldo, contactar CB y evaluar bloqueo preventivo."
2026-05-11,49315,2026-04-30,BARRIO LA PLAZUELA RISARALDA,ACTIVO,ACTIVO,PREVENTIVO,CALDAS,RISARALDA,WOMPI,0.0091713827472695,0.3457248724170587,Bajo,Bajo,Crítico,5917,361,1,0,268993.59640412993,29329666.4,5.0,0.0,0.6517703644444444,0.6517703644444444,10.0,"saldo expuesto $29,329,666",Seguimiento normal,"Gestión preventiva inmediata: validar saldo, contactar CB y evaluar bloqueo preventivo."
2026-05-11,80866,2026-04-30,BARRIO BOITA BOGOTA 8,ACTIVO,ACTIVO,PREVENTIVO,CUNDINAMARCA,BOGOTÁ,WOMPI,0.03964519176363101,0.7262497244486649,Medio,Bajo,Crítico,5918,362,1,0,268885.54445328284,6782299.0,23.0,0.0,0.9688998571428571,0.9688998571428571,35.0,"consumo cupo 97% | saldo expuesto $6,782,299",Seguimiento normal,"Gestión preventiva inmediata: validar saldo, contactar CB y evaluar bloqueo preventivo."
2026-05-11,64801,2026-04-30,BARRIO CRISTOBAL COLON CALI 3,ACTIVO,ACTIVO,PREVENTIVO,VALLE DEL CAUCA,CALI,WOMPI,0.04327923158619128,0.7454366028616402,Medio,Bajo,Crítico,5919,363,1,0,268517.63948482764,6204307.0,2.0,1.0,0.6204307,0.6204307,10.0,"saldo expuesto $6,204,307",Seguimiento normal,"Gestión preventiva inmediata: validar saldo, contactar CB y evaluar bloqueo preventivo."
2026-05-11,79375,2026-04-30,BARRIO CENTRO LA DORADA 13,ACTIVO,ACTIVO,PREVENTIVO,CALDAS,LA DORADA,WOMPI,0.030427404923637335,0.6636893617811445,Medio,Bajo,Crítico,5920,364,1,0,268325.53083453217,8818548.0,26.0,1.0,0.8818548,0.8818548,25.0,"consumo cupo 88% | saldo expuesto $8,818,548",Seguimiento normal,"Gestión preventiva inmediata: validar saldo, contactar CB y evaluar bloqueo preventivo."
2026-05-11,66327,2026-04-30,BARRIO JOSE ANTONIO GALAN SAN GIL,ACTIVO,ACTIVO,PREVENTIVO,SANTANDER,SAN GIL,WOMPI,0.018973444177682652,0.5392654010229145,Bajo,Bajo,Crítico,5921,365,1,0,268261.8084331962,14138804.0,6.0,0.0,0.9425869333333333,0.9425869333333333,35.0,"consumo cupo 94% | saldo expuesto $14,138,804",Seguimiento normal,"Gestión preventiva inmediata: validar saldo, contactar CB y evaluar bloqueo preventivo."
2026-05-11,11113,2026-04-30,ALBAN - CUNDINAMARCA,ACTIVO,ACTIVO,PREVENTIVO,CUNDINAMARCA,ALBÁN,WOMPI,0.005956819482092755,0.24840843304891252,Bajo,Bajo,Crítico,5922,366,1,0,268012.8879650265,44992615.4,26.0,0.0,0.9998358977777777,0.9998358977777777,35.0,"consumo cupo 100% | saldo expuesto $44,992,615",Seguimiento normal,"Gestión preventiva inmediata: validar saldo, contactar CB y evaluar bloqueo preventivo."
2026-05-11,82391,2026-04-30,BARRIO ALTICO NEIVA 5,ACTIVO,ACTIVO,PREVENTIVO,HUILA,NEIVA,WOMPI,0.03860478689764184,0.7202715542165852,Medio,Bajo,Crítico,5923,367,1,0,268007.47906140104,6942338.0,2.0,1.0,0.9917625714285714,0.9917625714285714,35.0,"consumo cupo 99% | saldo expuesto $6,942,338",Seguimiento normal,"Gestión preventiva inmediata: validar saldo, contactar CB y evaluar bloqueo preventivo."
2026-05-11,53652,2026-04-30,BARRIO DELICIAS BARRANQUILLA 4,ACTIVO,ACTIVO,PREVENTIVO,ATLÁNTICO,BARRANQUILLA,WOMPI,0.008074134484592922,0.3150540358480629,Bajo,Bajo,Crítico,5925,368,1,0,266964.4287604967,33064154.34,4.0,0.0,0.9724751276470588,0.9724751276470588,35.0,"consumo cupo 97% | saldo expuesto $33,064,154",Seguimiento normal,"Gestión preventiva inmediata: validar saldo, contactar CB y evaluar bloqueo preventivo."
2026-05-11,81437,2026-04-30,BARRIO VDA TAMINANGO SANTANDER DE QUILICHAO,ACTIVO,ACTIVO,PREVENTIVO,CAUCA,SANTANDER DE QUILICHAO,WOMPI,0.07843690694633075,0.8527774857478344,Alto,Bajo,Crítico,5926,369,1,0,266582.18221107626,3398683.0,10.0,0.0,0.9710522857142857,0.9710522857142857,35.0,"consumo cupo 97% | saldo expuesto $3,398,683",Seguimiento normal,"Gestión preventiva inmediata: validar saldo, contactar CB y evaluar bloqueo preventivo."
2026-05-11,82214,2026-04-30,BARRIO MESETA ALTA ISTMINA,ACTIVO,ACTIVO,PREVENTIVO,CHOCÓ,ISTMINA,WOMPI,0.03484439294043412,0.6965649079912262,Medio,Bajo,Crítico,5927,370,1,0,266002.8971283117,7634023.0,5.0,1.0,0.7634023,0.7634023,25.0,"consumo cupo 76% | saldo expuesto $7,634,023",Seguimiento normal,"Gestión preventiva inmediata: validar saldo, contactar CB y evaluar bloqueo preventivo."
2026-05-11,21075,2026-04-30,BARRIO CENTRO - JAMUNDÍ,ACTIVO,ACTIVO,PREVENTIVO,VALLE DEL CAUCA,JAMUNDÍ,WOMPI,0.009252927079994531,0.3479091027350223,Bajo,Bajo,Crítico,5928,371,1,0,265568.5573269409,28701032.12,2.0,1.0,0.9567010706666667,0.9567010706666667,35.0,"consumo cupo 96% | saldo expuesto $28,701,032",Seguimiento normal,"Gestión preventiva inmediata: validar saldo, contactar CB y evaluar bloqueo preventivo."
2026-05-11,24244,2026-04-30,BARRIO LA FELICIDAD - BOGOTÁ,ACTIVO,ACTIVO,PREVENTIVO,CUNDINAMARCA,BOGOTÁ,WOMPI,0.022920626163370542,0.5904209230462575,Bajo,Bajo,Crítico,5929,372,1,0,265344.77741359465,11576681.0,2.0,0.0,0.7717787333333334,0.7717787333333334,25.0,"consumo cupo 77% | saldo expuesto $11,576,681",Seguimiento normal,"Gestión preventiva inmediata: validar saldo, contactar CB y evaluar bloqueo preventivo."
2026-05-11,50253,2026-04-30,BARRIO VILLA ORTIZ VILLAVICENCIO 2,ACTIVO,ACTIVO,PREVENTIVO,META,VILLAVICENCIO,WOMPI,0.00596649704744129,0.24873762279740014,Bajo,Alto,Crítico,5930,373,1,0,265081.29756316234,44428296.11,34.0,0.0,0.9872954691111111,0.9872954691111111,65.0,"34 días sin compensar | consumo cupo 99% | saldo expuesto $44,428,296",Contacto el mismo día + seguimiento de compensación,"Gestión preventiva inmediata: validar saldo, contactar CB y evaluar bloqueo preventivo."
2026-05-11,31924,2026-04-30,BARRIO CENTRO 2 ORTEGA,ACTIVO,ACTIVO,PREVENTIVO,TOLIMA,ORTEGA,WOMPI,0.0062753610367822284,0.25911917853183514,Bajo,Alto,Crítico,5931,374,1,0,264702.3028922458,42181207.0,31.0,4.0,0.9924989882352941,0.9924989882352941,65.0,"31 días sin compensar | consumo cupo 99% | saldo expuesto $42,181,207",Contacto el mismo día + seguimiento de compensación,"Gestión preventiva inmediata: validar saldo, contactar CB y evaluar bloqueo preventivo."
2026-05-11,76020,2026-04-30,BARRIO PRIMERO DE MAYO NEIVA 1,ACTIVO,ACTIVO,PREVENTIVO,HUILA,NEIVA,WOMPI,0.038224445017782785,0.7180271786308742,Medio,Bajo,Crítico,5933,375,1,0,263710.4461776834,6899000.0,2.0,1.0,0.9855714285714285,0.9855714285714285,35.0,"consumo cupo 99% | saldo expuesto $6,899,000",Seguimiento normal,"Gestión preventiva inmediata: validar saldo, contactar CB y evaluar bloqueo preventivo."
2026-05-11,80342,2026-04-30,BARRIO LA CEIBA BARRANQUILLA,ACTIVO,ACTIVO,PREVENTIVO,ATLÁNTICO,BARRANQUILLA,WOMPI,0.05526329904377913,0.7944277003644441,Medio,Bajo,Crítico,5934,376,1,0,263085.63247832924,4760585.0,6.0,0.0,0.8501044642857143,0.8501044642857143,25.0,"consumo cupo 85% | saldo expuesto $4,760,585",Seguimiento normal,"Gestión preventiva inmediata: validar saldo, contactar CB y evaluar bloqueo preventivo."
2026-05-11,65332,2026-04-30,BARRIO SAN LUIS BOGOTA 1,ACTIVO,ACTIVO,PREVENTIVO,CUNDINAMARCA,BOGOTÁ,WOMPI,0.08485032191688952,0.8639991584794002,Alto,Alto,Crítico,5935,377,1,0,263000.7002084401,3099584.0,31.0,1.0,0.96862,0.96862,65.0,"31 días sin compensar | consumo cupo 97% | saldo expuesto $3,099,584",Contacto el mismo día + seguimiento de compensación,"Gestión preventiva inmediata: validar saldo, contactar CB y evaluar bloqueo preventivo."
2026-05-11,69288,2026-04-30,BARRIO SANTANDER MEDELLIN  5,ACTIVO,ACTIVO,PREVENTIVO,ANTIOQUIA,MEDELLÍN,WOMPI,0.008065333054063215,0.3147980190039191,Bajo,Bajo,Crítico,5936,378,1,0,262896.35416895425,32595846.0,6.0,1.0,0.9877529090909091,0.9877529090909091,35.0,"consumo cupo 99% | saldo expuesto $32,595,846",Seguimiento normal,"Gestión preventiva inmediata: validar saldo, contactar CB y evaluar bloqueo preventivo."
2026-05-11,33431,2026-04-30,BARRIO AV NAPOLES PUERTO TRIUNFO,ACTIVO,ACTIVO,PREVENTIVO,ANTIOQUIA,PUERTO TRIUNFO,WOMPI,0.006380514709186964,0.2625990800432409,Bajo,Alto,Crítico,5937,379,1,0,262643.32085044065,41163343.84,34.0,0.0,0.9147409742222223,0.9147409742222223,65.0,"34 días sin compensar | consumo cupo 91% | saldo expuesto $41,163,344",Contacto el mismo día + seguimiento de compensación,"Gestión preventiva inmediata: validar saldo, contactar CB y evaluar bloqueo preventivo."
2026-05-11,81212,2026-04-30,BARRIO POLICARPA MONTERIA 3,ACTIVO,ACTIVO,PREVENTIVO,CÓRDOBA,MONTERÍA,WOMPI,0.038055206732692866,0.7170180718029802,Medio,Bajo,Crítico,5938,380,1,0,262008.27170466722,6884952.0,5.0,2.0,0.9835645714285715,0.9835645714285715,35.0,"consumo cupo 98% | saldo expuesto $6,884,952",Seguimiento normal,"Gestión preventiva inmediata: validar saldo, contactar CB y evaluar bloqueo preventivo."
2026-05-11,78151,2026-04-30,BARRIO COPACABANA COPACABANA  10,ACTIVO,ACTIVO,PREVENTIVO,ANTIOQUIA,COPACABANA,WOMPI,0.028937541053473126,0.6511143020466978,Bajo,Bajo,Crítico,5939,381,1,0,260997.11639965756,9019326.0,17.0,0.0,0.9019326,0.9019326,35.0,"consumo cupo 90% | saldo expuesto $9,019,326",Seguimiento normal,"Gestión preventiva inmediata: validar saldo, contactar CB y evaluar bloqueo preventivo."
2026-05-11,66781,2026-04-30,BARRIO CIUDAD BOLIVAR CIUDAD BOLIVAR 1,ACTIVO,ACTIVO,PREVENTIVO,ANTIOQUIA,CIUDAD BOLÍVAR,WOMPI,0.03481177501916798,0.6963435228903311,Medio,Bajo,Crítico,5940,382,1,0,260890.9646911762,7494331.0,10.0,1.0,0.9992441333333333,0.9992441333333333,35.0,"consumo cupo 100% | saldo expuesto $7,494,331",Seguimiento normal,"Gestión preventiva inmediata: validar saldo, contactar CB y evaluar bloqueo preventivo."
2026-05-11,77098,2026-04-30,BARRIO ANTONIO PINILLA VILLAVICENCIO 1,ACTIVO,ACTIVO,PREVENTIVO,META,VILLAVICENCIO,WOMPI,0.03805893147163774,0.7170403509840656,Medio,Bajo,Crítico,5941,383,1,0,260582.34870718693,6846812.0,19.0,1.0,0.978116,0.978116,35.0,"consumo cupo 98% | saldo expuesto $6,846,812",Seguimiento normal,"Gestión preventiva inmediata: validar saldo, contactar CB y evaluar bloqueo preventivo."
2026-05-11,24566,2026-04-30,BARRIO BOLIVAR - SINCELEJO,ACTIVO,ACTIVO,PREVENTIVO,SUCRE,SINCELEJO,WOMPI,0.02815519854357085,0.6441661468797273,Bajo,Bajo,Crítico,5942,384,1,0,259827.4483170885,9228400.5,2.0,0.0,0.92284005,0.92284005,35.0,"consumo cupo 92% | saldo expuesto $9,228,400",Seguimiento normal,"Gestión preventiva inmediata: validar saldo, contactar CB y evaluar bloqueo preventivo."
2026-05-11,24772,2026-04-30,BARRIO SAN CARLOS II - BOGOTÁ,ACTIVO,ACTIVO,PREVENTIVO,CUNDINAMARCA,BOGOTÁ,WOMPI,0.06341176170678464,0.8190032679119266,Alto,Bajo,Crítico,5943,385,1,0,259688.42930964302,4095272.27,6.0,0.0,0.819054454,0.819054454,25.0,"consumo cupo 82% | saldo expuesto $4,095,272",Seguimiento normal,"Gestión preventiva inmediata: validar saldo, contactar CB y evaluar bloqueo preventivo."
2026-05-11,38043,2026-04-30,BARRIO LA SALLISTA CALDAS,ACTIVO,ACTIVO,PREVENTIVO,ANTIOQUIA,CALDAS,WOMPI,0.009285963407344649,0.3487903999295253,Bajo,Bajo,Crítico,5944,386,1,0,259098.88423645217,27902208.19,1.0,1.0,0.9965074353571429,0.9965074353571429,35.0,"consumo cupo 100% | saldo expuesto $27,902,208",Seguimiento normal,"Gestión preventiva inmediata: validar saldo, contactar CB y evaluar bloqueo preventivo."
2026-05-11,79755,2026-04-30,BARRIO NUEVA TEQUENDAMA CALI  1,ACTIVO,ACTIVO,PREVENTIVO,VALLE DEL CAUCA,CALI,WOMPI,0.042582140380626333,0.7419464237914175,Medio,Medio,Crítico,5946,387,1,0,258850.27372420888,6078846.0,30.0,1.0,0.8684065714285715,0.8684065714285715,55.0,"30 días sin compensar | consumo cupo 87% | saldo expuesto $6,078,846",Monitoreo y recordatorio preventivo,"Gestión preventiva inmediata: validar saldo, contactar CB y evaluar bloqueo preventivo."
2026-05-11,10256,2026-04-30,BARRIO LLERAS,ACTIVO,ACTIVO,PREVENTIVO,CALDAS,MANIZALES,WOMPI,0.009993532248572853,0.36717907890353,Bajo,Bajo,Crítico,5947,388,1,0,258059.0646909668,25822607.89,6.0,1.0,0.8607535963333334,0.8607535963333334,25.0,"consumo cupo 86% | saldo expuesto $25,822,608",Seguimiento normal,"Gestión preventiva inmediata: validar saldo, contactar CB y evaluar bloqueo preventivo."
2026-05-11,35336,2026-04-30,BARRIO BOSA CARBONEL BOGOTA,ACTIVO,ACTIVO,PREVENTIVO,CUNDINAMARCA,BOGOTÁ,WOMPI,0.024778561067953946,0.6110851482310005,Bajo,Medio,Crítico,5948,389,1,0,257971.89154315292,10411092.51,97.0,0.0,0.347036417,0.347036417,55.0,"97 días sin compensar | saldo expuesto $10,411,093",Monitoreo y recordatorio preventivo,"Gestión preventiva inmediata: validar saldo, contactar CB y evaluar bloqueo preventivo."
2026-05-11,58646,2026-04-30,BARRIO VILLA CARMEN SABANALARGA,ACTIVO,ACTIVO,PREVENTIVO,ATLÁNTICO,SABANALARGA,WOMPI,0.040457558139517825,0.7307599397809736,Medio,Alto,Crítico,5949,390,1,0,257871.7420469843,6373883.0,31.0,1.0,0.99591921875,0.99591921875,65.0,"31 días sin compensar | consumo cupo 100% | saldo expuesto $6,373,883",Contacto el mismo día + seguimiento de compensación,"Gestión preventiva inmediata: validar saldo, contactar CB y evaluar bloqueo preventivo."
2026-05-11,32994,2026-04-30,BARRIO BRASILIA VILLAVICENCIO 1,ACTIVO,ACTIVO,PREVENTIVO,META,VILLAVICENCIO,WOMPI,0.00590060949235329,0.2464916655610311,Bajo,Bajo,Crítico,5950,391,1,0,257758.2166029147,43683320.67,19.0,0.0,0.9707404593333334,0.9707404593333334,35.0,"consumo cupo 97% | saldo expuesto $43,683,321",Seguimiento normal,"Gestión preventiva inmediata: validar saldo, contactar CB y evaluar bloqueo preventivo."
2026-05-11,81129,2026-04-30,BARRIO LAURELES APARTADO ANTIOQUIA APARTADO,ACTIVO,ACTIVO,PREVENTIVO,ANTIOQUIA,APARTADÓ,WOMPI,0.038022275094940425,0.716820956865578,Medio,Bajo,Crítico,5951,392,1,0,257268.37475246852,6766254.1,1.0,0.0,0.9666077285714285,0.9666077285714285,35.0,"consumo cupo 97% | saldo expuesto $6,766,254",Seguimiento normal,"Gestión preventiva inmediata: validar saldo, contactar CB y evaluar bloqueo preventivo."
2026-05-11,77658,2026-04-30,BARRIO DOÑA CECI CUCUTA 1,ACTIVO,ACTIVO,PREVENTIVO,NORTE DE SANTANDER,CÚCUTA,WOMPI,0.04645070447838055,0.7602999525511491,Medio,Bajo,Crítico,5953,393,1,0,256797.93528616562,5528397.0,4.0,1.0,0.789771,0.789771,25.0,"consumo cupo 79% | saldo expuesto $5,528,397",Seguimiento normal,"Gestión preventiva inmediata: validar saldo, contactar CB y evaluar bloqueo preventivo."
2026-05-11,58483,2026-04-30,BARRIO CENTRO MEDELLIN 83,ACTIVO,ACTIVO,PREVENTIVO,ANTIOQUIA,MEDELLÍN,WOMPI,0.016674353305167904,0.5038644998367884,Bajo,Bajo,Crítico,5954,394,1,0,256683.3273444242,15393900.0,8.0,0.0,0.96211875,0.96211875,35.0,"consumo cupo 96% | saldo expuesto $15,393,900",Seguimiento normal,"Gestión preventiva inmediata: validar saldo, contactar CB y evaluar bloqueo preventivo."
2026-05-11,72283,2026-04-30,BARRIO CHARRASCAL VILLAVICENCIO,ACTIVO,ACTIVO,PREVENTIVO,META,VILLAVICENCIO,WOMPI,0.02578885948884535,0.6215480666140515,Bajo,Bajo,Crítico,5955,395,1,0,256531.83190153577,9947389.57,22.0,0.0,0.994738957,0.994738957,35.0,"consumo cupo 99% | saldo expuesto $9,947,390",Seguimiento normal,"Gestión preventiva inmediata: validar saldo, contactar CB y evaluar bloqueo preventivo."
2026-05-11,27120,2026-04-30,BARRIO AURELIO MEJIA GIRARDOTA,ACTIVO,ACTIVO,PREVENTIVO,ANTIOQUIA,GIRARDOTA,WOMPI,0.005885686057056414,0.24598141243673802,Bajo,Alto,Crítico,5956,396,1,0,256502.9600042524,43580809.02,34.0,0.0,0.9684624226666667,0.9684624226666667,65.0,"34 días sin compensar | consumo cupo 97% | saldo expuesto $43,580,809",Contacto el mismo día + seguimiento de compensación,"Gestión preventiva inmediata: validar saldo, contactar CB y evaluar bloqueo preventivo."
2026-05-11,71780,2026-04-30,BARRIO PUENTE GRANDE FONTIBON,ACTIVO,ACTIVO,PREVENTIVO,CUNDINAMARCA,BOGOTÁ,WOMPI,0.028239339777164373,0.644925372629974,Bajo,Bajo,Crítico,5957,397,1,0,255724.92774826367,9055627.0,3.0,1.0,0.9055627,0.9055627,35.0,"consumo cupo 91% | saldo expuesto $9,055,627",Seguimiento normal,"Gestión preventiva inmediata: validar saldo, contactar CB y evaluar bloqueo preventivo."
2026-05-11,76858,2026-04-30,BARRIO LA POPA SAN ANDRES DE SOTAVENTO,ACTIVO,ACTIVO,PREVENTIVO,CÓRDOBA,SAN ANDRÉS DE SOTAVENTO,WOMPI,0.026891981966338775,0.632405553482076,Bajo,Bajo,Crítico,5958,398,1,0,255724.38853703387,9509317.27,12.0,1.0,0.950931727,0.950931727,35.0,"consumo cupo 95% | saldo expuesto $9,509,317",Seguimiento normal,"Gestión preventiva inmediata: validar saldo, contactar CB y evaluar bloqueo preventivo."
2026-05-11,68729,2026-04-30,BETANIA PATIA 1,ACTIVO,ACTIVO,PREVENTIVO,CAUCA,PATÍA,WOMPI,0.037184388066826383,0.7117213069982806,Medio,Bajo,Crítico,5959,399,1,0,255549.70698926432,6872500.0,12.0,0.0,0.9163333333333333,0.9163333333333333,35.0,"consumo cupo 92% | saldo expuesto $6,872,500",Seguimiento normal,"Gestión preventiva inmediata: validar saldo, contactar CB y evaluar bloqueo preventivo."
2026-05-11,78150,2026-04-30,BARRIO EL VERDUN CIUDAD BOLIVAR,ACTIVO,ACTIVO,PREVENTIVO,ANTIOQUIA,CIUDAD BOLÍVAR,WOMPI,0.02575142132984743,0.6211694355613652,Bajo,Alto,Crítico,5961,400,1,0,255355.42014555054,9916168.0,36.0,1.0,0.9916168,0.9916168,65.0,"36 días sin compensar | consumo cupo 99% | saldo expuesto $9,916,168",Contacto el mismo día + seguimiento de compensación,"Gestión preventiva inmediata: validar saldo, contactar CB y evaluar bloqueo preventivo."
2026-05-11,70103,2026-04-30,BARRIO INSPECCION EL VIENTO CUMARIBO 1,ACTIVO,ACTIVO,PREVENTIVO,VICHADA,CUMARIBO,WOMPI,0.046600928291806065,0.7609653565815494,Medio,Medio,Crítico,5962,401,1,0,255286.8753217574,5478150.0,34.0,8.0,0.36521,0.36521,40.0,"34 días sin compensar | saldo expuesto $5,478,150",Monitoreo y recordatorio preventivo,"Gestión preventiva inmediata: validar saldo, contactar CB y evaluar bloqueo preventivo."
2026-05-11,40648,2026-04-30,BARRIO FUERA DEL MUNICIPIO DE EL ZULIA EL ZULIA,ACTIVO,ACTIVO,PREVENTIVO,NORTE DE SANTANDER,EL ZULIA,WOMPI,0.00646362258864176,0.26533008385976514,Bajo,Alto,Crítico,5963,402,1,0,255253.72387787284,39490815.0,32.0,0.0,0.987270375,0.987270375,65.0,"32 días sin compensar | consumo cupo 99% | saldo expuesto $39,490,815",Contacto el mismo día + seguimiento de compensación,"Gestión preventiva inmediata: validar saldo, contactar CB y evaluar bloqueo preventivo."
2026-05-11,78501,2026-04-30,BARRIO EL ROSARIO BARRANQUILLA  6,ACTIVO,ACTIVO,PREVENTIVO,ATLÁNTICO,BARRANQUILLA,WOMPI,0.049688336478266586,0.7739430807343886,Medio,Bajo,Crítico,5965,403,1,0,254553.34777815972,5123000.0,12.0,0.0,0.7318571428571429,0.7318571428571429,25.0,"consumo cupo 73% | saldo expuesto $5,123,000",Seguimiento normal,"Gestión preventiva inmediata: validar saldo, contactar CB y evaluar bloqueo preventivo."
2026-05-11,64953,2026-04-30,BARRIO CASTILLA MEDELLIN 7,ACTIVO,ACTIVO,PREVENTIVO,ANTIOQUIA,MEDELLÍN,WOMPI,0.02547838401150197,0.6183872633091849,Bajo,Bajo,Crítico,5966,404,1,0,254166.2695649649,9975761.0,10.0,1.0,0.9975761,0.9975761,35.0,"consumo cupo 100% | saldo expuesto $9,975,761",Seguimiento normal,"Gestión preventiva inmediata: validar saldo, contactar CB y evaluar bloqueo preventivo."
2026-05-11,61217,2026-04-30,BARRIO LOS DOS PUENTES PASTO,ACTIVO,ACTIVO,PREVENTIVO,NARIÑO,PASTO,WOMPI,0.025415781676574413,0.6177441609350488,Bajo,Bajo,Crítico,5967,405,1,0,254155.37685070318,9999904.0,10.0,1.0,0.9999904,0.9999904,35.0,"consumo cupo 100% | saldo expuesto $9,999,904",Seguimiento normal,"Gestión preventiva inmediata: validar saldo, contactar CB y evaluar bloqueo preventivo."
2026-05-11,61171,2026-04-30,BARRIO BELLO PARIS MEDELLIN,ACTIVO,ACTIVO,PREVENTIVO,ANTIOQUIA,MEDELLÍN,WOMPI,0.010154966708142883,0.3712477847925019,Bajo,Bajo,Crítico,5968,406,1,0,253081.53650186968,24921946.45,6.0,0.0,0.9230350537037036,0.9230350537037036,35.0,"consumo cupo 92% | saldo expuesto $24,921,946",Seguimiento normal,"Gestión preventiva inmediata: validar saldo, contactar CB y evaluar bloqueo preventivo."
2026-05-11,61978,2026-04-30,BARRIO MANANTIAL VILLAVICENCIO 3,ACTIVO,ACTIVO,PREVENTIVO,META,VILLAVICENCIO,WOMPI,0.008889447891168085,0.3380741516071777,Bajo,Bajo,Crítico,5969,407,1,0,252833.67692060268,28442000.0,5.0,0.0,0.917483870967742,0.917483870967742,35.0,"consumo cupo 92% | saldo expuesto $28,442,000",Seguimiento normal,"Gestión preventiva inmediata: validar saldo, contactar CB y evaluar bloqueo preventivo."
2026-05-11,78394,2026-04-30,BARRIO SESQUILE SESQUILE  3,ACTIVO,ACTIVO,PREVENTIVO,CUNDINAMARCA,SESQUILÉ,WOMPI,0.025306547120560463,0.6166173182730142,Bajo,Bajo,Crítico,5971,408,1,0,252157.75066693724,9964131.0,17.0,1.0,0.9964131,0.9964131,35.0,"consumo cupo 100% | saldo expuesto $9,964,131",Seguimiento normal,"Gestión preventiva inmediata: validar saldo, contactar CB y evaluar bloqueo preventivo."
2026-05-11,75671,2026-04-30,BARRIO MIRAFLORES QUINCHÍA,ACTIVO,ACTIVO,PREVENTIVO,RISARALDA,QUINCHÍA,WOMPI,0.026654052591629434,0.6301116395949214,Bajo,Crítico,Crítico,5972,409,1,0,251987.0133904758,9453985.0,60.0,0.0,0.9453985,0.9453985,80.0,"60 días sin compensar | consumo cupo 95% | saldo expuesto $9,453,985",Bloqueo/validación inmediata + gestión prioritaria,"Gestión preventiva inmediata: validar saldo, contactar CB y evaluar bloqueo preventivo."
2026-05-11,70004,2026-04-30,BARRIO LA INDEPENDENCIA DE MEXICO ACACIAS,ACTIVO,ACTIVO,PREVENTIVO,META,ACACÍAS,WOMPI,0.01704868892863638,0.5099560594256454,Bajo,Bajo,Crítico,5973,410,1,0,251635.66506611044,14759825.0,20.0,1.0,0.9839883333333334,0.9839883333333334,35.0,"consumo cupo 98% | saldo expuesto $14,759,825",Seguimiento normal,"Gestión preventiva inmediata: validar saldo, contactar CB y evaluar bloqueo preventivo."
2026-05-11,54687,2026-04-30,BARRIO CENTRO LENGUAZAQUE 3,ACTIVO,ACTIVO,PREVENTIVO,CUNDINAMARCA,LENGUAZAQUE,WOMPI,0.007063697736414903,0.2845540309835898,Bajo,Bajo,Crítico,5974,411,1,0,251243.35994954163,35568249.0,3.0,10.0,0.9880069166666666,0.9880069166666666,35.0,"consumo cupo 99% | saldo expuesto $35,568,249",Seguimiento normal,"Gestión preventiva inmediata: validar saldo, contactar CB y evaluar bloqueo preventivo."
2026-05-11,73751,2026-04-30,BARRIO CASTILLA BOGOTA 20,ACTIVO,ACTIVO,PREVENTIVO,CUNDINAMARCA,BOGOTÁ,WOMPI,0.02513130841695649,0.6147970161416139,Bajo,Bajo,Crítico,5975,412,1,0,251046.6822478218,9989399.6,12.0,0.0,0.99893996,0.99893996,35.0,"consumo cupo 100% | saldo expuesto $9,989,400",Seguimiento normal,"Gestión preventiva inmediata: validar saldo, contactar CB y evaluar bloqueo preventivo."
2026-05-11,49328,2026-04-30,BARRIO SOACHA CENTRO SOACHA 5,ACTIVO,ACTIVO,PREVENTIVO,CUNDINAMARCA,SOACHA,WOMPI,0.025954983188062577,0.6232199506140349,Bajo,Bajo,Crítico,5976,413,1,0,250915.86026369687,9667348.21,2.0,0.0,0.9667348210000001,0.9667348210000001,35.0,"consumo cupo 97% | saldo expuesto $9,667,348",Seguimiento normal,"Gestión preventiva inmediata: validar saldo, contactar CB y evaluar bloqueo preventivo."
2026-05-11,60481,2026-04-30,BARRIO CENTRO RIOHACHA 31,ACTIVO,ACTIVO,PREVENTIVO,LA GUAJIRA,RIOHACHA,WOMPI,0.06065670325181649,0.8113033127962155,Alto,Medio,Crítico,5978,414,1,0,249833.73920413054,4118815.0,33.0,0.0,0.823763,0.823763,55.0,"33 días sin compensar | consumo cupo 82% | saldo expuesto $4,118,815",Monitoreo y recordatorio preventivo,"Gestión preventiva inmediata: validar saldo, contactar CB y evaluar bloqueo preventivo."
2026-05-11,75136,2026-04-30,BARRIO LOS KIOSCOS ARMENIA,ACTIVO,ACTIVO,PREVENTIVO,QUINDÍO,ARMENIA,WOMPI,0.03587116158283272,0.7033880593592228,Medio,Bajo,Crítico,5979,415,1,0,249747.22313461953,6962340.0,10.0,1.0,0.99462,0.99462,35.0,"consumo cupo 99% | saldo expuesto $6,962,340",Seguimiento normal,"Gestión preventiva inmediata: validar saldo, contactar CB y evaluar bloqueo preventivo."
2026-05-11,49103,2026-04-30,BARRIO MANANTIAL VILLAVICENCIO 1,ACTIVO,ACTIVO,PREVENTIVO,META,VILLAVICENCIO,WOMPI,0.02688513497792452,0.6323398996733293,Bajo,Alto,Crítico,5980,416,1,0,249411.51523075733,9276930.0,31.0,0.0,0.927693,0.927693,65.0,"31 días sin compensar | consumo cupo 93% | saldo expuesto $9,276,930",Contacto el mismo día + seguimiento de compensación,"Gestión preventiva inmediata: validar saldo, contactar CB y evaluar bloqueo preventivo."
2026-05-11,46411,2026-04-30,BARRIO QUINTA ORIENTAL CUCUTA 4,ACTIVO,ACTIVO,PREVENTIVO,NORTE DE SANTANDER,CÚCUTA,WOMPI,0.030110118984398953,0.6610805133024467,Medio,Bajo,Crítico,5981,417,1,0,249142.89753343983,8274391.0,11.0,1.0,0.8274391,0.8274391,25.0,"consumo cupo 83% | saldo expuesto $8,274,391",Seguimiento normal,"Gestión preventiva inmediata: validar saldo, contactar CB y evaluar bloqueo preventivo."
2026-05-11,38071,2026-04-30,BARRIO LATINO CUCUTA 4,ACTIVO,ACTIVO,PREVENTIVO,NORTE DE SANTANDER,CÚCUTA,WOMPI,0.01701843849407142,0.509468785501957,Bajo,Bajo,Crítico,5982,418,1,0,249092.70654455002,14636637.0,2.0,1.0,0.9757758,0.9757758,35.0,"consumo cupo 98% | saldo expuesto $14,636,637",Seguimiento normal,"Gestión preventiva inmediata: validar saldo, contactar CB y evaluar bloqueo preventivo."
2026-05-11,51286,2026-04-30,BARRIO BUENOS AIRES BARRANQUILLA 1,ACTIVO,ACTIVO,PREVENTIVO,ATLÁNTICO,BARRANQUILLA,WOMPI,0.02928803745831588,0.6541482084198839,Bajo,Bajo,Crítico,5983,419,1,0,248948.318395685,8500000.0,1.0,1.0,0.85,0.85,25.0,"consumo cupo 85% | saldo expuesto $8,500,000",Seguimiento normal,"Gestión preventiva inmediata: validar saldo, contactar CB y evaluar bloqueo preventivo."
2026-05-11,42596,2026-04-30,BARRIO OLIVARES ITAGUI,ACTIVO,ACTIVO,PREVENTIVO,ANTIOQUIA,ITAGÜÍ,WOMPI,0.014898679164290355,0.4730242151669797,Bajo,Alto,Crítico,5984,420,1,0,248520.46651666268,16680704.63,125.0,0.0,0.7413646502222223,0.7413646502222223,70.0,"125 días sin compensar | consumo cupo 74% | saldo expuesto $16,680,705",Contacto el mismo día + seguimiento de compensación,"Gestión preventiva inmediata: validar saldo, contactar CB y evaluar bloqueo preventivo."
2026-05-11,50404,2026-04-30,BARRIO CENTRO ZARZAL 5,ACTIVO,ACTIVO,PREVENTIVO,VALLE DEL CAUCA,ZARZAL,WOMPI,0.013868763792854108,0.4535235710983511,Bajo,Medio,Crítico,5985,421,1,0,248376.45354823282,17909055.0,36.0,0.0,0.7786545652173913,0.7786545652173913,55.0,"36 días sin compensar | consumo cupo 78% | saldo expuesto $17,909,055",Monitoreo y recordatorio preventivo,"Gestión preventiva inmediata: validar saldo, contactar CB y evaluar bloqueo preventivo."
2026-05-11,78089,2026-04-30,BARRIO LOS LAURELES MONTERIA 4,ACTIVO,ACTIVO,PREVENTIVO,CÓRDOBA,MONTERÍA,WOMPI,0.03702407549862684,0.710726721238448,Medio,Bajo,Crítico,5986,422,1,0,248362.31157460366,6708130.0,25.0,1.0,0.9583042857142857,0.9583042857142857,35.0,"consumo cupo 96% | saldo expuesto $6,708,130",Seguimiento normal,"Gestión preventiva inmediata: validar saldo, contactar CB y evaluar bloqueo preventivo."
2026-05-11,52937,2026-04-30,BARRIO CENTRO PUERTO GAITAN 7,ACTIVO,ACTIVO,PREVENTIVO,META,PUERTO GAITÁN,WOMPI,0.014495142015108715,0.46553367398279566,Bajo,Alto,Crítico,5987,423,1,0,248233.33665821695,17125278.0,60.0,1.0,0.8562639,0.8562639,70.0,"60 días sin compensar | consumo cupo 86% | saldo expuesto $17,125,278",Contacto el mismo día + seguimiento de compensación,"Gestión preventiva inmediata: validar saldo, contactar CB y evaluar bloqueo preventivo."
2026-05-11,13633,2026-04-30,BARRIO VERSALLES II MANIZALES,ACTIVO,ACTIVO,PREVENTIVO,CALDAS,MANIZALES,WOMPI,0.006660763995468587,0.27174084009838256,Bajo,Bajo,Crítico,5988,424,1,0,248188.22837153665,37261225.37,2.0,0.0,0.8280272304444444,0.8280272304444444,25.0,"consumo cupo 83% | saldo expuesto $37,261,225",Seguimiento normal,"Gestión preventiva inmediata: validar saldo, contactar CB y evaluar bloqueo preventivo."
2026-05-11,79517,2026-04-30,BARRIO MARIA AUXILIADORA MALAGA,ACTIVO,ACTIVO,PREVENTIVO,SANTANDER,MÁLAGA,WOMPI,0.03229636568182783,0.6783489645016156,Medio,Alto,Crítico,5989,425,1,0,247603.70469268944,7666612.0,30.0,0.0,0.9583265,0.9583265,65.0,"30 días sin compensar | consumo cupo 96% | saldo expuesto $7,666,612",Contacto el mismo día + seguimiento de compensación,"Gestión preventiva inmediata: validar saldo, contactar CB y evaluar bloqueo preventivo."
2026-05-11,62675,2026-04-30,BARRIO CORREGIMIENTO TALAIGUA NU,ACTIVO,ACTIVO,PREVENTIVO,BOLÍVAR,TALAIGUA NUEVO,WOMPI,0.007903094015680966,0.31004917895664624,Bajo,Crítico,Crítico,5990,426,1,0,247573.20828175172,31326112.0,515.0,0.0,0.9492761212121212,0.9492761212121212,80.0,"515 días sin compensar | consumo cupo 95% | saldo expuesto $31,326,112",Bloqueo/validación inmediata + gestión prioritaria,"Gestión preventiva inmediata: validar saldo, contactar CB y evaluar bloqueo preventivo."
2026-05-11,67525,2026-04-30,BARRIO ACACIAS MARINILLA,ACTIVO,ACTIVO,PREVENTIVO,ANTIOQUIA,MARINILLA,WOMPI,0.02140594335351605,0.5720571653961728,Bajo,Bajo,Crítico,5991,427,1,0,247550.35908022427,11564562.0,11.0,0.0,0.9637135,0.9637135,35.0,"consumo cupo 96% | saldo expuesto $11,564,562",Seguimiento normal,"Gestión preventiva inmediata: validar saldo, contactar CB y evaluar bloqueo preventivo."
2026-05-11,47381,2026-04-30,BARRIO UNIVERSITARIO SOGAMOSO 3,ACTIVO,ACTIVO,PREVENTIVO,BOYACÁ,SOGAMOSO,WOMPI,0.006596014831655538,0.2696456982669633,Bajo,Alto,Crítico,5992,428,1,0,246987.43237857037,37444948.0,31.0,0.0,0.9853933684210526,0.9853933684210526,65.0,"31 días sin compensar | consumo cupo 99% | saldo expuesto $37,444,948",Contacto el mismo día + seguimiento de compensación,"Gestión preventiva inmediata: validar saldo, contactar CB y evaluar bloqueo preventivo."
2026-05-11,49923,2026-04-30,BARRIO CENTRO MEDELLIN 70,ACTIVO,ACTIVO,PREVENTIVO,ANTIOQUIA,MEDELLÍN,WOMPI,0.007357326006106909,0.293652664210213,Bajo,Bajo,Crítico,5993,429,1,0,246886.97093106923,33556617.0,24.0,1.0,0.8604260769230769,0.8604260769230769,25.0,"consumo cupo 86% | saldo expuesto $33,556,617",Seguimiento normal,"Gestión preventiva inmediata: validar saldo, contactar CB y evaluar bloqueo preventivo."
2026-05-11,15690,2026-04-30,BARRIO CENTRO IV PALMIRA,ACTIVO,ACTIVO,PREVENTIVO,VALLE DEL CAUCA,PALMIRA,WOMPI,0.017491165079117355,0.5169854152695619,Bajo,Bajo,Crítico,5995,430,1,0,246354.55943313948,14084514.0,22.0,1.0,0.5030183571428571,0.5030183571428571,10.0,"saldo expuesto $14,084,514",Seguimiento normal,"Gestión preventiva inmediata: validar saldo, contactar CB y evaluar bloqueo preventivo."
2026-05-11,68289,2026-04-30,BARRIO FUERA DEL MUNICIPIO DE TIBU TIBU 33,ACTIVO,ACTIVO,PREVENTIVO,NORTE DE SANTANDER,TIBÚ,WOMPI,0.016545097692172907,0.5017294966049983,Bajo,Bajo,Crítico,5996,431,1,0,246148.6816643432,14877439.0,5.0,1.0,0.9918292666666667,0.9918292666666667,35.0,"consumo cupo 99% | saldo expuesto $14,877,439",Seguimiento normal,"Gestión preventiva inmediata: validar saldo, contactar CB y evaluar bloqueo preventivo."
2026-05-11,62155,2026-04-30,BARRIO CENTRO SAN JOSE DEL FRAGUA 8,ACTIVO,ACTIVO,PREVENTIVO,CAQUETÁ,SAN JOSÉ DEL FRAGUA,WOMPI,0.016397450401712338,0.49927047483041215,Bajo,Crítico,Crítico,5998,432,1,0,245888.67258924464,14995543.0,568.0,2.0,0.9997028666666666,0.9997028666666666,80.0,"568 días sin compensar | consumo cupo 100% | saldo expuesto $14,995,543",Bloqueo/validación inmediata + gestión prioritaria,"Gestión preventiva inmediata: validar saldo, contactar CB y evaluar bloqueo preventivo."
2026-05-11,74907,2026-04-30,BARRIO SAN ANTONIO TUNJA 3,ACTIVO,ACTIVO,PREVENTIVO,BOYACÁ,TUNJA,WOMPI,0.04119594783911331,0.734744950530698,Medio,Bajo,Crítico,5999,433,1,0,245834.14099329914,5967435.0,25.0,0.0,0.8524907142857143,0.8524907142857143,25.0,"consumo cupo 85% | saldo expuesto $5,967,435",Seguimiento normal,"Gestión preventiva inmediata: validar saldo, contactar CB y evaluar bloqueo preventivo."
2026-05-11,21097,2026-04-30,BARRIO SAN PABLO III - MEDELLIN,ACTIVO,ACTIVO,PREVENTIVO,ANTIOQUIA,MEDELLÍN,WOMPI,0.012263604361857144,0.42044507243289825,Bajo,Bajo,Crítico,6000,434,1,0,245259.71546779055,19998991.18,25.0,0.0,0.9999495589999999,0.9999495589999999,35.0,"consumo cupo 100% | saldo expuesto $19,998,991",Seguimiento normal,"Gestión preventiva inmediata: validar saldo, contactar CB y evaluar bloqueo preventivo."
2026-05-11,74141,2026-04-30,BARRIO CENTRO POLONUEVO 3,ACTIVO,ACTIVO,PREVENTIVO,ATLÁNTICO,POLONUEVO,WOMPI,0.05107116984759029,0.7793543051651116,Medio,Bajo,Crítico,6001,435,1,0,245141.61526843338,4800000.0,6.0,1.0,0.96,0.96,35.0,"consumo cupo 96% | saldo expuesto $4,800,000",Seguimiento normal,"Gestión preventiva inmediata: validar saldo, contactar CB y evaluar bloqueo preventivo."
2026-05-11,72285,2026-04-30,ALTOS DE POMPEYA VILLAVICENCIO,ACTIVO,ACTIVO,PREVENTIVO,META,VILLAVICENCIO,WOMPI,0.024527334271285738,0.6084019846289398,Bajo,Crítico,Crítico,6002,436,1,0,245014.84325041206,9989460.76,852.0,0.0,0.998946076,0.998946076,80.0,"852 días sin compensar | consumo cupo 100% | saldo expuesto $9,989,461",Bloqueo/validación inmediata + gestión prioritaria,"Gestión preventiva inmediata: validar saldo, contactar CB y evaluar bloqueo preventivo."
2026-05-11,65494,2026-04-30,BARRIO CONJ RESIDENCIAL PARQUES DE BOLIVAR CUCUTA,ACTIVO,ACTIVO,PREVENTIVO,NORTE DE SANTANDER,CÚCUTA,WOMPI,0.024939435640250036,0.6127859606706156,Bajo,Bajo,Crítico,6003,437,1,0,244947.00660251713,9821674.0,8.0,0.0,0.9821674,0.9821674,35.0,"consumo cupo 98% | saldo expuesto $9,821,674",Seguimiento normal,"Gestión preventiva inmediata: validar saldo, contactar CB y evaluar bloqueo preventivo."
2026-05-11,64417,2026-04-30,BARRIO LA PALMA VILLA DE LEYVA 1,ACTIVO,ACTIVO,PREVENTIVO,BOYACÁ,VILLA DE LEYVA,WOMPI,0.0068508959534458605,0.2778349101914435,Bajo,Bajo,Crítico,6004,438,1,0,244650.8313454994,35710779.0,6.0,0.0,0.892769475,0.892769475,25.0,"consumo cupo 89% | saldo expuesto $35,710,779",Seguimiento normal,"Gestión preventiva inmediata: validar saldo, contactar CB y evaluar bloqueo preventivo."
2026-05-11,64519,2026-04-30,BARRIO CENTRO BARRANQUILLA 39,ACTIVO,ACTIVO,PREVENTIVO,ATLÁNTICO,BARRANQUILLA,WOMPI,0.04929680022505423,0.7723677125842708,Medio,Bajo,Crítico,6005,439,1,0,244265.6451151437,4955000.0,12.0,2.0,0.991,0.991,35.0,"consumo cupo 99% | saldo expuesto $4,955,000",Seguimiento normal,"Gestión preventiva inmediata: validar saldo, contactar CB y evaluar bloqueo preventivo."
2026-05-11,48764,2026-04-30,BARRIO EL BUQUE PAMPLONA 1,ACTIVO,ACTIVO,PREVENTIVO,NORTE DE SANTANDER,PAMPLONA,WOMPI,0.010008619347191551,0.36756127607996364,Bajo,Bajo,Crítico,6006,440,1,0,244224.3441557986,24401402.0,13.0,0.0,0.8714786428571428,0.8714786428571428,25.0,"consumo cupo 87% | saldo expuesto $24,401,402",Seguimiento normal,"Gestión preventiva inmediata: validar saldo, contactar CB y evaluar bloqueo preventivo."
2026-05-11,82010,2026-04-30,BARRIO PUERTO DAJER MAJAGUAL,ACTIVO,ACTIVO,PREVENTIVO,SUCRE,MAJAGUAL,WOMPI,0.043098629978652936,0.7445405326050067,Medio,Bajo,Crítico,6007,441,1,0,243893.50930125779,5658962.0,6.0,1.0,0.5658962,0.5658962,10.0,"saldo expuesto $5,658,962",Seguimiento normal,"Gestión preventiva inmediata: validar saldo, contactar CB y evaluar bloqueo preventivo."
2026-05-11,47140,2026-04-30,BARRIO URB VILLA  ANSEP LOS PATIOS,ACTIVO,ACTIVO,PREVENTIVO,NORTE DE SANTANDER,LOS PATIOS,WOMPI,0.016840998148723786,0.506592987920334,Bajo,Bajo,Crítico,6008,442,1,0,243778.06263626955,14475274.0,6.0,0.0,0.9650182666666667,0.9650182666666667,35.0,"consumo cupo 97% | saldo expuesto $14,475,274",Seguimiento normal,"Gestión preventiva inmediata: validar saldo, contactar CB y evaluar bloqueo preventivo."
2026-05-11,41277,2026-04-30,BARRIO PLAZA DE FLORES MEDELLIN 3,ACTIVO,ACTIVO,PREVENTIVO,ANTIOQUIA,MEDELLÍN,WOMPI,0.021554772665663628,0.5739268686795506,Bajo,Bajo,Crítico,6009,443,1,0,243054.38981507425,11276128.66,8.0,1.0,0.5011612737777777,0.5011612737777777,10.0,"saldo expuesto $11,276,129",Seguimiento normal,"Gestión preventiva inmediata: validar saldo, contactar CB y evaluar bloqueo preventivo."
2026-05-11,66384,2026-04-30,BARRIO VIDA PLATICO BAJO CANTAGALLO,ACTIVO,ACTIVO,PREVENTIVO,BOLÍVAR,CANTAGALLO,WOMPI,0.032243488553907095,0.6779501188435365,Medio,Alto,Crítico,6010,444,1,0,242396.93838868447,7517702.0,999.0,0.0,0.7830939583333333,0.7830939583333333,70.0,"999 días sin compensar | consumo cupo 78% | saldo expuesto $7,517,702",Contacto el mismo día + seguimiento de compensación,"Gestión preventiva inmediata: validar saldo, contactar CB y evaluar bloqueo preventivo."
2026-05-11,71378,2026-04-30,CHIQUINQUIRA SANTA CECILIA,ACTIVO,ACTIVO,PREVENTIVO,BOYACÁ,CHIQUINQUIRÁ,WOMPI,0.016155011076791726,0.49518523290740113,Bajo,Bajo,Crítico,6011,445,1,0,242231.22476246435,14994185.0,5.0,2.0,0.9996123333333333,0.9996123333333333,35.0,"consumo cupo 100% | saldo expuesto $14,994,185",Seguimiento normal,"Gestión preventiva inmediata: validar saldo, contactar CB y evaluar bloqueo preventivo."
2026-05-11,67754,2026-04-30,BARRIO URB CASTILLA VILLAVICENCIO,ACTIVO,ACTIVO,PREVENTIVO,META,VILLAVICENCIO,WOMPI,0.03718707457967255,0.7117379217829946,Medio,Bajo,Crítico,6013,446,1,0,241592.2261836704,6496672.0,26.0,1.0,0.6496672,0.6496672,10.0,"saldo expuesto $6,496,672",Seguimiento normal,"Gestión preventiva inmediata: validar saldo, contactar CB y evaluar bloqueo preventivo."
2026-05-11,70229,2026-04-30,BARRIO OSPINA PEREZ CUCUTA 8,ACTIVO,ACTIVO,PREVENTIVO,NORTE DE SANTANDER,CÚCUTA,WOMPI,0.024147114631633743,0.6042770546389771,Bajo,Bajo,Crítico,6014,447,1,0,241349.8312124281,9994976.0,2.0,1.0,0.9994976,0.9994976,35.0,"consumo cupo 100% | saldo expuesto $9,994,976",Seguimiento normal,"Gestión preventiva inmediata: validar saldo, contactar CB y evaluar bloqueo preventivo."
2026-05-11,80737,2026-04-30,BARRIO CENTRO GRANADA  1,ACTIVO,ACTIVO,PREVENTIVO,META,GRANADA,WOMPI,0.024182551831626594,0.6046648142608095,Bajo,Bajo,Crítico,6017,448,1,0,239893.64679809278,9920113.0,6.0,3.0,0.9920113,0.9920113,35.0,"consumo cupo 99% | saldo expuesto $9,920,113",Seguimiento normal,"Gestión preventiva inmediata: validar saldo, contactar CB y evaluar bloqueo preventivo."
2026-05-11,69176,2026-04-30,BARRIO URB SAN MARTIN CUCUTA,ACTIVO,ACTIVO,PREVENTIVO,NORTE DE SANTANDER,CÚCUTA,WOMPI,0.007272232907249586,0.29103622556696446,Bajo,Alto,Crítico,6019,449,1,0,239099.01880606942,32878350.0,39.0,1.0,0.9963136363636363,0.9963136363636363,65.0,"39 días sin compensar | consumo cupo 100% | saldo expuesto $32,878,350",Contacto el mismo día + seguimiento de compensación,"Gestión preventiva inmediata: validar saldo, contactar CB y evaluar bloqueo preventivo."
2026-05-11,47534,2026-04-30,BARRIO GALAPA GALAPA 1,ACTIVO,ACTIVO,PREVENTIVO,ATLÁNTICO,GALAPA,WOMPI,0.016512513586699584,0.5011886816806873,Bajo,Bajo,Crítico,6021,450,1,0,238981.90356712908,14472775.59,3.0,1.0,0.964851706,0.964851706,35.0,"consumo cupo 96% | saldo expuesto $14,472,776",Seguimiento normal,"Gestión preventiva inmediata: validar saldo, contactar CB y evaluar bloqueo preventivo."
2026-05-11,57259,2026-04-30,BARRIO PALMA REAL VILLAVICENCIO,ACTIVO,ACTIVO,PREVENTIVO,META,VILLAVICENCIO,WOMPI,0.02681017449308411,0.6316197383572365,Bajo,Bajo,Crítico,6022,451,1,0,238746.23928155808,8905061.0,3.0,1.0,0.8905061,0.8905061,25.0,"consumo cupo 89% | saldo expuesto $8,905,061",Seguimiento normal,"Gestión preventiva inmediata: validar saldo, contactar CB y evaluar bloqueo preventivo."
2026-05-11,81601,2026-04-30,BARRIO CENTRO VENECIA 1,ACTIVO,ACTIVO,PREVENTIVO,CUNDINAMARCA,VENECIA,WOMPI,0.048014921747149455,0.7670700676612424,Medio,Crítico,Crítico,6025,452,1,0,237758.75303003876,4951768.0,174.0,0.0,0.9903536,0.9903536,80.0,"174 días sin compensar | consumo cupo 99% | saldo expuesto $4,951,768",Bloqueo/validación inmediata + gestión prioritaria,"Gestión preventiva inmediata: validar saldo, contactar CB y evaluar bloqueo preventivo."
2026-05-11,75843,2026-04-30,BARRIO VEREDA PAUNITAS MUZO,ACTIVO,ACTIVO,PREVENTIVO,BOYACÁ,MUZO,WOMPI,0.028370121735623498,0.6460996598138683,Bajo,Alto,Crítico,6026,453,1,0,237287.9251577288,8364008.0,61.0,1.0,0.8364008,0.8364008,70.0,"61 días sin compensar | consumo cupo 84% | saldo expuesto $8,364,008",Contacto el mismo día + seguimiento de compensación,"Gestión preventiva inmediata: validar saldo, contactar CB y evaluar bloqueo preventivo."
2026-05-11,57374,2026-04-30,BARRIO ROSABLANCA GIRARDOT 1,ACTIVO,ACTIVO,PREVENTIVO,CUNDINAMARCA,GIRARDOT,WOMPI,0.049082502441736064,0.7714971446440206,Medio,Bajo,Crítico,6027,454,1,0,237089.83768214734,4830435.0,2.0,2.0,0.9434443359375,0.9434443359375,35.0,"consumo cupo 94% | saldo expuesto $4,830,435",Seguimiento normal,"Gestión preventiva inmediata: validar saldo, contactar CB y evaluar bloqueo preventivo."
2026-05-11,70687,2026-04-30,CAPRI CALI VALLE,ACTIVO,ACTIVO,PREVENTIVO,VALLE DEL CAUCA,CALI,WOMPI,0.03810026193538967,0.7172873536848423,Medio,Bajo,Crítico,6029,455,1,0,236942.3285541858,6218916.0,6.0,1.0,0.6218916,0.6218916,10.0,"saldo expuesto $6,218,916",Seguimiento normal,"Gestión preventiva inmediata: validar saldo, contactar CB y evaluar bloqueo preventivo."
2026-05-11,69030,2026-04-30,BARRIO LIMONAR POPAYAN,ACTIVO,ACTIVO,PREVENTIVO,CAUCA,POPAYÁN,WOMPI,0.02370703729117951,0.5994038692010204,Bajo,Bajo,Crítico,6030,456,1,0,236588.81186329937,9979687.0,2.0,1.0,0.9979687,0.9979687,35.0,"consumo cupo 100% | saldo expuesto $9,979,687",Seguimiento normal,"Gestión preventiva inmediata: validar saldo, contactar CB y evaluar bloqueo preventivo."
2026-05-11,62087,2026-04-30,BARRIO LOS CAMPOS POPAYAN 1,ACTIVO,ACTIVO,PREVENTIVO,CAUCA,POPAYÁN,WOMPI,0.030779318944109194,0.6665408431653508,Medio,Bajo,Crítico,6031,457,1,0,236189.0744497657,7673629.0,17.0,1.0,0.7673629,0.7673629,25.0,"consumo cupo 77% | saldo expuesto $7,673,629",Seguimiento normal,"Gestión preventiva inmediata: validar saldo, contactar CB y evaluar bloqueo preventivo."
2026-05-11,76176,2026-04-30,BARRIO CENTRO VILLAVICENCIO 31,ACTIVO,ACTIVO,PREVENTIVO,META,VILLAVICENCIO,WOMPI,0.03474253084694437,0.6958725812323263,Medio,Alto,Crítico,6032,458,1,0,235419.940290436,6776131.0,40.0,0.0,0.9680187142857143,0.9680187142857143,65.0,"40 días sin compensar | consumo cupo 97% | saldo expuesto $6,776,131",Contacto el mismo día + seguimiento de compensación,"Gestión preventiva inmediata: validar saldo, contactar CB y evaluar bloqueo preventivo."
2026-05-11,63790,2026-04-30,BARRIO MARCO ANTONIO PINILLA VILLAVICENCIO 2,ACTIVO,ACTIVO,PREVENTIVO,META,VILLAVICENCIO,WOMPI,0.023528327060713682,0.5973939027303881,Bajo,Bajo,Crítico,6033,459,1,0,235273.43576642545,9999582.0,1.0,1.0,0.9999582,0.9999582,35.0,"consumo cupo 100% | saldo expuesto $9,999,582",Seguimiento normal,"Gestión preventiva inmediata: validar saldo, contactar CB y evaluar bloqueo preventivo."
2026-05-11,42890,2026-04-30,BARRIO LA ESTRELLA LA ESTRELLA 1,ACTIVO,ACTIVO,PREVENTIVO,ANTIOQUIA,LA ESTRELLA,WOMPI,0.07039694885226166,0.8362336300503522,Alto,Bajo,Crítico,6034,460,1,0,235044.45845246027,3338844.4,10.0,0.0,0.8347110999999999,0.8347110999999999,25.0,"consumo cupo 83% | saldo expuesto $3,338,844",Seguimiento normal,"Gestión preventiva inmediata: validar saldo, contactar CB y evaluar bloqueo preventivo."
2026-05-11,81071,2026-04-30,BARRIO TRIGAL DEL NORTE CUCUTA 10,ACTIVO,ACTIVO,PREVENTIVO,NORTE DE SANTANDER,CÚCUTA,WOMPI,0.033962089377039116,0.6904722483865717,Medio,Bajo,Crítico,6035,461,1,0,234748.61081706578,6912078.0,27.0,1.0,0.9874397142857143,0.9874397142857143,35.0,"consumo cupo 99% | saldo expuesto $6,912,078",Seguimiento normal,"Gestión preventiva inmediata: validar saldo, contactar CB y evaluar bloqueo preventivo."
2026-05-11,76797,2026-04-30,BARRIO BRISAS DEL AEROPUERTO CUCUTA 1,ACTIVO,ACTIVO,PREVENTIVO,NORTE DE SANTANDER,CÚCUTA,WOMPI,0.04449726979584618,0.7513356932607963,Medio,Bajo,Crítico,6036,462,1,0,234663.51632883196,5273661.0,1.0,1.0,0.7533801428571428,0.7533801428571428,25.0,"consumo cupo 75% | saldo expuesto $5,273,661",Seguimiento normal,"Gestión preventiva inmediata: validar saldo, contactar CB y evaluar bloqueo preventivo."
2026-05-11,43644,2026-04-30,BARRIO ARANJUEZ MEDELLIN 7,ACTIVO,ACTIVO,PREVENTIVO,ANTIOQUIA,MEDELLÍN,WOMPI,0.0256798518237143,0.620443710930601,Bajo,Bajo,Crítico,6037,463,1,0,234435.83559290518,9129174.0,3.0,0.0,0.9129174,0.9129174,35.0,"consumo cupo 91% | saldo expuesto $9,129,174",Seguimiento normal,"Gestión preventiva inmediata: validar saldo, contactar CB y evaluar bloqueo preventivo."
2026-05-11,55847,2026-04-30,BARRIO ALCALA ENVIGADO 2,ACTIVO,ACTIVO,PREVENTIVO,ANTIOQUIA,ENVIGADO,WOMPI,0.0306121318099377,0.6651916244503698,Medio,Bajo,Crítico,6038,464,1,0,233651.01898404094,7632628.15,2.0,13.0,0.95407851875,0.95407851875,35.0,"consumo cupo 95% | saldo expuesto $7,632,628",Seguimiento normal,"Gestión preventiva inmediata: validar saldo, contactar CB y evaluar bloqueo preventivo."
2026-05-11,73920,2026-04-30,BARRIO VEREDA EL SALADO COPACABANA,ACTIVO,ACTIVO,PREVENTIVO,ANTIOQUIA,COPACABANA,WOMPI,0.024385379293200827,0.6068710559883898,Bajo,Bajo,Crítico,6039,465,1,0,233385.2959137129,9570706.0,23.0,0.0,0.9570706,0.9570706,35.0,"consumo cupo 96% | saldo expuesto $9,570,706",Seguimiento normal,"Gestión preventiva inmediata: validar saldo, contactar CB y evaluar bloqueo preventivo."
2026-05-11,68051,2026-04-30,ALVAREZ DIAZ LA MESA,ACTIVO,ACTIVO,PREVENTIVO,CUNDINAMARCA,LA MESA,WOMPI,0.01247911276373095,0.42509046572193826,Bajo,Alto,Crítico,6040,466,1,0,233300.15785436658,18695252.0,32.0,1.0,0.9587308717948718,0.9587308717948718,65.0,"32 días sin compensar | consumo cupo 96% | saldo expuesto $18,695,252",Contacto el mismo día + seguimiento de compensación,"Gestión preventiva inmediata: validar saldo, contactar CB y evaluar bloqueo preventivo."
2026-05-11,80069,2026-04-30,BARRIO EL ROSARIO TURBANA,ACTIVO,ACTIVO,PREVENTIVO,BOLÍVAR,TURBANÁ,WOMPI,0.023436860499687247,0.5963581192288944,Bajo,Bajo,Crítico,6041,467,1,0,233192.94176362664,9949837.0,10.0,1.0,0.9949837,0.9949837,35.0,"consumo cupo 99% | saldo expuesto $9,949,837",Seguimiento normal,"Gestión preventiva inmediata: validar saldo, contactar CB y evaluar bloqueo preventivo."
2026-05-11,62088,2026-04-30,BARRIO CENTRO POPAYAN 22,ACTIVO,ACTIVO,PREVENTIVO,CAUCA,POPAYÁN,WOMPI,0.02240017775009201,0.5842738821520668,Bajo,Bajo,Crítico,6042,468,1,0,233182.73675375056,10409861.0,12.0,4.0,1.0409861,1.0409861,35.0,"consumo cupo 104% | saldo expuesto $10,409,861",Seguimiento normal,"Gestión preventiva inmediata: validar saldo, contactar CB y evaluar bloqueo preventivo."
2026-05-11,50022,2026-04-30,BARRIO LAURELES MANIZALES 3,ACTIVO,ACTIVO,PREVENTIVO,CALDAS,MANIZALES,WOMPI,0.005483145435814228,0.23199960656729232,Bajo,Bajo,Crítico,6043,469,1,0,233049.63149217746,42502909.0,2.0,1.0,0.9884397441860465,0.9884397441860465,35.0,"consumo cupo 99% | saldo expuesto $42,502,909",Seguimiento normal,"Gestión preventiva inmediata: validar saldo, contactar CB y evaluar bloqueo preventivo."
2026-05-11,54419,2026-04-30,BARRIO ITAGUI ITAGUI 11,ACTIVO,ACTIVO,PREVENTIVO,ANTIOQUIA,ITAGÜÍ,WOMPI,0.019445962088052812,0.5459830619257177,Bajo,Alto,Crítico,6044,470,1,0,232938.0461187934,11978736.0,44.0,6.0,0.998228,0.998228,65.0,"44 días sin compensar | consumo cupo 100% | saldo expuesto $11,978,736",Contacto el mismo día + seguimiento de compensación,"Gestión preventiva inmediata: validar saldo, contactar CB y evaluar bloqueo preventivo."
2026-05-11,80936,2026-04-30,BARRIO MELENDEZ CALI 5,ACTIVO,ACTIVO,PREVENTIVO,VALLE DEL CAUCA,CALI,WOMPI,0.04047841001509324,0.7308739490053233,Medio,Alto,Crítico,6047,471,1,0,232057.13859594744,5732862.0,108.0,0.0,0.8189802857142857,0.8189802857142857,70.0,"108 días sin compensar | consumo cupo 82% | saldo expuesto $5,732,862",Contacto el mismo día + seguimiento de compensación,"Gestión preventiva inmediata: validar saldo, contactar CB y evaluar bloqueo preventivo."
2026-05-11,64488,2026-04-30,BARRIO CENTRO CALAMAR 2,ACTIVO,ACTIVO,PREVENTIVO,GUAVIARE,CALAMAR,WOMPI,0.006453052919514494,0.26498369674897293,Bajo,Bajo,Crítico,6048,472,1,0,232016.3041007897,35954502.0,3.0,0.0,0.9987361666666666,0.9987361666666666,35.0,"consumo cupo 100% | saldo expuesto $35,954,502",Seguimiento normal,"Gestión preventiva inmediata: validar saldo, contactar CB y evaluar bloqueo preventivo."
2026-05-11,78943,2026-04-30,BARRIO SANTUARIO BARRANQUILLA 4,ACTIVO,ACTIVO,PREVENTIVO,ATLÁNTICO,BARRANQUILLA,WOMPI,0.03516809859765049,0.6987463034226238,Medio,Alto,Crítico,6050,473,1,0,231640.3434772992,6586661.0,58.0,0.0,0.9409515714285714,0.9409515714285714,65.0,"58 días sin compensar | consumo cupo 94% | saldo expuesto $6,586,661",Contacto el mismo día + seguimiento de compensación,"Gestión preventiva inmediata: validar saldo, contactar CB y evaluar bloqueo preventivo."
2026-05-11,78577,2026-04-30,BARRIO CENTRO VILLAVICENCIO 32,ACTIVO,ACTIVO,PREVENTIVO,META,VILLAVICENCIO,WOMPI,0.03326109440179302,0.6854724097102838,Medio,Bajo,Crítico,6051,474,1,0,231541.62059750583,6961335.0,20.0,2.0,0.9944764285714286,0.9944764285714286,35.0,"consumo cupo 99% | saldo expuesto $6,961,335",Seguimiento normal,"Gestión preventiva inmediata: validar saldo, contactar CB y evaluar bloqueo preventivo."
2026-05-11,77992,2026-04-30,BARRIO CENTRO BARANOA 12,ACTIVO,ACTIVO,PREVENTIVO,ATLÁNTICO,BARANOA,WOMPI,0.027242097305100944,0.6357347222957119,Bajo,Bajo,Crítico,6052,475,1,0,231435.8369816258,8495522.0,5.0,0.0,0.8495522,0.8495522,25.0,"consumo cupo 85% | saldo expuesto $8,495,522",Seguimiento normal,"Gestión preventiva inmediata: validar saldo, contactar CB y evaluar bloqueo preventivo."
2026-05-11,60483,2026-04-30,BARRIO CENTRO BARRANCA DE UPIA 5,ACTIVO,ACTIVO,PREVENTIVO,META,BARRANCA DE UPÍA,WOMPI,0.024715803464162658,0.6104179965820062,Bajo,Alto,Crítico,6053,476,1,0,231382.1103010758,9361707.0,34.0,0.0,0.9751778125,0.9751778125,65.0,"34 días sin compensar | consumo cupo 98% | saldo expuesto $9,361,707",Contacto el mismo día + seguimiento de compensación,"Gestión preventiva inmediata: validar saldo, contactar CB y evaluar bloqueo preventivo."
2026-05-11,27620,2026-04-30,BARRIO 	EL REPOSO - SUBACHOQUE,ACTIVO,ACTIVO,PREVENTIVO,CUNDINAMARCA,SUBACHOQUE,WOMPI,0.00788795115887225,0.3096030548183978,Bajo,Bajo,Crítico,6055,477,1,0,231353.60748972307,29330000.0,11.0,0.0,0.9776666666666667,0.9776666666666667,35.0,"consumo cupo 98% | saldo expuesto $29,330,000",Seguimiento normal,"Gestión preventiva inmediata: validar saldo, contactar CB y evaluar bloqueo preventivo."
2026-05-11,63293,2026-04-30,BARRIO PALMERAS PARTE ALTA CUCUTA,ACTIVO,ACTIVO,PREVENTIVO,NORTE DE SANTANDER,CÚCUTA,WOMPI,0.02740096001867714,0.6372274153321188,Bajo,Bajo,Crítico,6056,478,1,0,231299.0661826189,8441276.0,2.0,1.0,0.8441276,0.8441276,25.0,"consumo cupo 84% | saldo expuesto $8,441,276",Seguimiento normal,"Gestión preventiva inmediata: validar saldo, contactar CB y evaluar bloqueo preventivo."
2026-05-11,61904,2026-04-30,BARRIO 6 DE ENERO ARAUQUITA,ACTIVO,ACTIVO,PREVENTIVO,ARAUCA,ARAUQUITA,WOMPI,0.016482960598935247,0.5006972651394019,Bajo,Bajo,Crítico,6058,479,1,0,231106.81585852295,14020953.0,13.0,1.0,0.9347302,0.9347302,35.0,"consumo cupo 93% | saldo expuesto $14,020,953",Seguimiento normal,"Gestión preventiva inmediata: validar saldo, contactar CB y evaluar bloqueo preventivo."
2026-05-11,13861,2026-04-30,LA SIERRA III PUERTO NARE,ACTIVO,ACTIVO,PREVENTIVO,ANTIOQUIA,PUERTO NARE,WOMPI,0.005782740803394811,0.242445926966954,Bajo,Bajo,Crítico,6060,480,1,0,230957.3616181098,39939082.43,4.0,0.0,0.99847706075,0.99847706075,35.0,"consumo cupo 100% | saldo expuesto $39,939,082",Seguimiento normal,"Gestión preventiva inmediata: validar saldo, contactar CB y evaluar bloqueo preventivo."
2026-05-11,17911,2026-04-30,BARRIO LOS MARTIRES NEIVA,ACTIVO,ACTIVO,PREVENTIVO,HUILA,NEIVA,WOMPI,0.030135682051909793,0.6612920539766162,Medio,Bajo,Crítico,6061,481,1,0,230951.85115441083,7663734.0,12.0,1.0,0.9016157647058823,0.9016157647058823,35.0,"consumo cupo 90% | saldo expuesto $7,663,734",Seguimiento normal,"Gestión preventiva inmediata: validar saldo, contactar CB y evaluar bloqueo preventivo."
2026-05-11,77917,2026-04-30,BARRIO 	SAN JOSE DE LOS CAMPANOS CARTAGENA DE INDIAS,ACTIVO,ACTIVO,PREVENTIVO,BOLÍVAR,CARTAGENA DE INDIAS,WOMPI,0.05590367725223027,0.7965694751532506,Medio,Bajo,Crítico,6062,482,1,0,230778.82115247165,4128151.0,10.0,1.0,0.7371698214285715,0.7371698214285715,25.0,"consumo cupo 74% | saldo expuesto $4,128,151",Seguimiento normal,"Gestión preventiva inmediata: validar saldo, contactar CB y evaluar bloqueo preventivo."
2026-05-11,66922,2026-04-30,BARRIO MORASURCO PASTO,ACTIVO,ACTIVO,PREVENTIVO,NARIÑO,PASTO,WOMPI,0.02387007806009026,0.6012218641931747,Bajo,Bajo,Crítico,6063,483,1,0,230506.9705154496,9656733.0,1.0,1.0,0.9656733,0.9656733,35.0,"consumo cupo 97% | saldo expuesto $9,656,733",Seguimiento normal,"Gestión preventiva inmediata: validar saldo, contactar CB y evaluar bloqueo preventivo."
2026-05-11,30988,2026-04-30,BARRIO ORTIZ 2,ACTIVO,ACTIVO,PREVENTIVO,ANTIOQUIA,APARTADÓ,WOMPI,0.025364199537634916,0.6172127954916611,Bajo,Bajo,Crítico,6064,484,1,0,230461.4900734596,9086093.56,2.0,0.0,0.454304678,0.454304678,10.0,"saldo expuesto $9,086,094",Seguimiento normal,"Gestión preventiva inmediata: validar saldo, contactar CB y evaluar bloqueo preventivo."
2026-05-11,68353,2026-04-30,BARRIO CENTRO CURILLO 2,ACTIVO,ACTIVO,PREVENTIVO,CAQUETÁ,CURILLO,WOMPI,0.014778640496333017,0.47081571000541006,Bajo,Bajo,Crítico,6065,485,1,0,230435.95193907258,15592500.0,5.0,0.0,0.945,0.945,35.0,"consumo cupo 94% | saldo expuesto $15,592,500",Seguimiento normal,"Gestión preventiva inmediata: validar saldo, contactar CB y evaluar bloqueo preventivo."
2026-05-11,67413,2026-04-30,BARRIO QUINTA LINDA BUENOS AIRES MEDELLIN,ACTIVO,ACTIVO,PREVENTIVO,ANTIOQUIA,MEDELLÍN,WOMPI,0.023277620358959975,0.5945433425518336,Bajo,Bajo,Crítico,6067,486,1,0,230164.19597096226,9887788.89,5.0,0.0,0.9887788890000001,0.9887788890000001,35.0,"consumo cupo 99% | saldo expuesto $9,887,789",Seguimiento normal,"Gestión preventiva inmediata: validar saldo, contactar CB y evaluar bloqueo preventivo."
2026-05-11,79123,2026-04-30,BARRIO 1 DE DICIEMBRE SABANALARGA 1,ACTIVO,ACTIVO,PREVENTIVO,ATLÁNTICO,SABANALARGA,WOMPI,0.03283113293390415,0.6823331210205608,Medio,Bajo,Crítico,6068,487,1,0,229643.92553277934,6994700.0,12.0,1.0,0.9992428571428571,0.9992428571428571,35.0,"consumo cupo 100% | saldo expuesto $6,994,700",Seguimiento normal,"Gestión preventiva inmediata: validar saldo, contactar CB y evaluar bloqueo preventivo."
2026-05-11,43840,2026-04-30,BARRIO CENTRO IBAGUE 18,ACTIVO,ACTIVO,PREVENTIVO,TOLIMA,IBAGUÉ,WOMPI,0.015788346725248984,0.48889215636979017,Bajo,Bajo,Crítico,6069,488,1,0,229224.70102762527,14518600.65,2.0,1.0,0.9679067100000001,0.9679067100000001,35.0,"consumo cupo 97% | saldo expuesto $14,518,601",Seguimiento normal,"Gestión preventiva inmediata: validar saldo, contactar CB y evaluar bloqueo preventivo."
2026-05-11,37423,2026-04-30,BARRIO MUTIS BUCARAMANGA 2,ACTIVO,ACTIVO,PREVENTIVO,SANTANDER,BUCARAMANGA,WOMPI,0.011099054994589328,0.3941506137667633,Bajo,Bajo,Crítico,6070,489,1,0,228899.24653291763,20623309.52,1.0,1.0,0.9165915342222222,0.9165915342222222,35.0,"consumo cupo 92% | saldo expuesto $20,623,310",Seguimiento normal,"Gestión preventiva inmediata: validar saldo, contactar CB y evaluar bloqueo preventivo."
2026-05-11,80191,2026-04-30,BARRIO BRICEÑO SANTA MARIA,ACTIVO,ACTIVO,PREVENTIVO,HUILA,SANTA MARÍA,WOMPI,0.023940524537094526,0.6020027823082357,Bajo,Bajo,Crítico,6071,490,1,0,228623.6540861893,9549651.0,6.0,0.0,0.9549651,0.9549651,35.0,"consumo cupo 95% | saldo expuesto $9,549,651",Seguimiento normal,"Gestión preventiva inmediata: validar saldo, contactar CB y evaluar bloqueo preventivo."
2026-05-11,80144,2026-04-30,BARRIO FLORIDABLANCA FLORIDABLANCA 1,ACTIVO,ACTIVO,PREVENTIVO,SANTANDER,FLORIDABLANCA,WOMPI,0.03350254467327879,0.6872108929606499,Medio,Bajo,Crítico,6072,491,1,0,228407.6856205283,6817622.0,10.0,1.0,0.973946,0.973946,35.0,"consumo cupo 97% | saldo expuesto $6,817,622",Seguimiento normal,"Gestión preventiva inmediata: validar saldo, contactar CB y evaluar bloqueo preventivo."
2026-05-11,68176,2026-04-30,BOSA CARBONELL 2,ACTIVO,ACTIVO,PREVENTIVO,CUNDINAMARCA,BOGOTÁ,WOMPI,0.007534163893220734,0.2990377330384149,Bajo,Bajo,Crítico,6073,492,1,0,228296.91172609778,30301559.0,16.0,2.0,0.9774696451612903,0.9774696451612903,35.0,"consumo cupo 98% | saldo expuesto $30,301,559",Seguimiento normal,"Gestión preventiva inmediata: validar saldo, contactar CB y evaluar bloqueo preventivo."
2026-05-11,77265,2026-04-30,BARRIO CC VILLACENTRO VILLAVICENCIO,ACTIVO,ACTIVO,PREVENTIVO,META,VILLAVICENCIO,WOMPI,0.03535049282377259,0.6999630184215786,Medio,Bajo,Crítico,6074,493,1,0,227945.28030160922,6448150.0,16.0,0.0,0.9211642857142858,0.9211642857142858,35.0,"consumo cupo 92% | saldo expuesto $6,448,150",Seguimiento normal,"Gestión preventiva inmediata: validar saldo, contactar CB y evaluar bloqueo preventivo."
2026-05-11,69582,2026-04-30,BARRIO SAN MATEO SOACHA CUNDINAMARCA,ACTIVO,ACTIVO,PREVENTIVO,CUNDINAMARCA,SOACHA,WOMPI,0.027230196660973392,0.6356224560412304,Bajo,Bajo,Crítico,6075,494,1,0,227446.04487286572,8352714.0,4.0,0.0,0.8352714,0.8352714,25.0,"consumo cupo 84% | saldo expuesto $8,352,714",Seguimiento normal,"Gestión preventiva inmediata: validar saldo, contactar CB y evaluar bloqueo preventivo."
2026-05-11,66836,2026-04-30,BARRIO VISTA HERMOSA BOGOTA 1,ACTIVO,ACTIVO,PREVENTIVO,CUNDINAMARCA,BOGOTÁ,WOMPI,0.005062282094101,0.2169211851751455,Bajo,Alto,Crítico,6076,495,1,0,227130.5851654754,44867232.0,31.0,0.0,0.9970496,0.9970496,65.0,"31 días sin compensar | consumo cupo 100% | saldo expuesto $44,867,232",Contacto el mismo día + seguimiento de compensación,"Gestión preventiva inmediata: validar saldo, contactar CB y evaluar bloqueo preventivo."
2026-05-11,68730,2026-04-30,SANTANDER ANOLAIMA,ACTIVO,ACTIVO,PREVENTIVO,CUNDINAMARCA,ANOLAIMA,WOMPI,0.005977742526443774,0.24911984569292597,Bajo,Crítico,Crítico,6078,496,1,0,226845.27437538916,37948318.01,65.0,0.0,0.9986399476315789,0.9986399476315789,80.0,"65 días sin compensar | consumo cupo 100% | saldo expuesto $37,948,318",Bloqueo/validación inmediata + gestión prioritaria,"Gestión preventiva inmediata: validar saldo, contactar CB y evaluar bloqueo preventivo."
2026-05-11,72330,2026-04-30,BARRIO CENTRO BOGOTA 44,ACTIVO,ACTIVO,PREVENTIVO,CUNDINAMARCA,BOGOTÁ,WOMPI,0.025653223641276483,0.6201730566655967,Bajo,Bajo,Crítico,6079,497,1,0,226624.32301768806,8834146.0,23.0,1.0,0.8834146,0.8834146,25.0,"consumo cupo 88% | saldo expuesto $8,834,146",Seguimiento normal,"Gestión preventiva inmediata: validar saldo, contactar CB y evaluar bloqueo preventivo."
2026-05-11,53191,2026-04-30,BARRIO ECUADOR PITAL,ACTIVO,ACTIVO,PREVENTIVO,HUILA,PITAL,WOMPI,0.011409729226953106,0.40136861223871606,Bajo,Bajo,Crítico,6080,498,1,0,226017.31154959957,19809174.0,23.0,1.0,0.9904587,0.9904587,35.0,"consumo cupo 99% | saldo expuesto $19,809,174",Seguimiento normal,"Gestión preventiva inmediata: validar saldo, contactar CB y evaluar bloqueo preventivo."
2026-05-11,42897,2026-04-30,BARRIO CACICAZGO SUESCA,ACTIVO,ACTIVO,PREVENTIVO,CUNDINAMARCA,SUESCA,WOMPI,0.003899603910700572,0.17270538822101278,Bajo,Bajo,Crítico,6081,499,1,0,224665.05195845186,57612274.76,12.0,0.0,0.9602045793333333,0.9602045793333333,35.0,"consumo cupo 96% | saldo expuesto $57,612,275",Seguimiento normal,"Gestión preventiva inmediata: validar saldo, contactar CB y evaluar bloqueo preventivo."
2026-05-11,36474,2026-04-30,BARRIO ROMA QUIBDO,ACTIVO,ACTIVO,PREVENTIVO,CHOCÓ,QUIBDÓ,WOMPI,0.010555391622597866,0.38114448915889576,Bajo,Bajo,Crítico,6082,500,1,0,224385.75512498862,21257928.0,5.0,1.0,0.7592117142857143,0.7592117142857143,25.0,"consumo cupo 76% | saldo expuesto $21,257,928",Seguimiento normal,"Gestión preventiva inmediata: validar saldo, contactar CB y evaluar bloqueo preventivo."
