fecha_scoring,codigo_punto,fecha_corte,nombre_punto,estado_actual,estado_actual_norm,segmento_operativo,departamento,municipio,red_cb,probabilidad_riesgo_90d,probabilidad_riesgo_90d_raw,nivel_modelo,nivel_riesgo_reglas,nivel_alerta_final,ranking_global,ranking_segmento,flag_top500_preventivo,flag_nuevo_top500_preventivo,perdida_esperada_modelo,saldo_expuesto,dias_sin_compensar,dias_sin_transacciones,consumo_cupo_punto,consumo_cupo_visual,score_riesgo_reglas,motivo_alerta,accion_recomendada,accion_final_produccion
2026-05-02,59113,2026-04-30,BARRIO LA LOMA SAN CRISTOBAL,CERRADO CON SALDO,CERRADO CON SALDO,RECUPERACION,BOLÍVAR,SAN CRISTÓBAL,REDEBAN,0.468670037502169,0.9863474596959145,Crítico,Crítico,Recuperación prioritaria,1,1,0,0,104017115.07140036,221941039.0,807.0,821.0,18.495086583333332,18.495086583333332,100.0,"807 días sin compensar | 821 días sin transacciones | consumo cupo 1850% | saldo expuesto $221,941,039 | mora operativa Mayor a 60 | aparece en castigados: Confidencial",Bloqueo/validación inmediata + gestión prioritaria,Enviar a recuperación/cartera prioritaria; no mezclar con alerta preventiva.
2026-05-02,42039,2026-04-30,BARRIO FLORIDABLANCA CENTRO FLORIDABLANCA,CERRADO CON SALDO,CERRADO CON SALDO,RECUPERACION,SANTANDER,FLORIDABLANCA,REDEBAN,0.4825418963008376,0.9871326705083141,Crítico,Crítico,Recuperación prioritaria,2,2,0,0,74974866.21546663,155374832.3,1796.0,999.0,1.1761792738243264,1.1761792738243264,100.0,"1796 días sin compensar | 999 días sin transacciones | consumo cupo 118% | saldo expuesto $155,374,832 | mora operativa Mayor a 60",Bloqueo/validación inmediata + gestión prioritaria,Enviar a recuperación/cartera prioritaria; no mezclar con alerta preventiva.
2026-05-02,18189,2026-04-30,BARRIO EL BOSQUE II MEDELLÍN,CERRADO CON SALDO,CERRADO CON SALDO,RECUPERACION,ANTIOQUIA,MEDELLÍN,REDEBAN,0.5768550118189615,0.9914219380410504,Crítico,Crítico,Recuperación prioritaria,3,3,0,0,73486974.40410648,127392452.0,3249.0,999.0,0.9999407535321821,0.9999407535321821,100.0,"3249 días sin compensar | 999 días sin transacciones | consumo cupo 100% | saldo expuesto $127,392,452 | mora operativa Mayor a 60",Bloqueo/validación inmediata + gestión prioritaria,Enviar a recuperación/cartera prioritaria; no mezclar con alerta preventiva.
2026-05-02,17221,2026-04-30,BARRIO MONTE BLANCO I BOGOTA,CERRADO CON SALDO,CERRADO CON SALDO,RECUPERACION,CUNDINAMARCA,BOGOTÁ,REDEBAN,0.5563658460117895,0.9906211137667236,Crítico,Crítico,Recuperación prioritaria,4,4,0,0,54866652.66224634,98616140.9,1206.0,1201.0,4.930807045,4.930807045,100.0,"1206 días sin compensar | 1201 días sin transacciones | consumo cupo 493% | saldo expuesto $98,616,141 | mora operativa Mayor a 60",Bloqueo/validación inmediata + gestión prioritaria,Enviar a recuperación/cartera prioritaria; no mezclar con alerta preventiva.
2026-05-02,37322,2026-04-30,BARRIO DUCALES SOACHA,CERRADO CON SALDO,CERRADO CON SALDO,RECUPERACION,CUNDINAMARCA,SOACHA,REDEBAN,0.5780825666279292,0.9914679904976109,Crítico,Crítico,Recuperación prioritaria,5,5,0,0,47648850.45406999,82425683.12,1288.0,999.0,1.5264015392592594,1.5264015392592594,100.0,"1288 días sin compensar | 999 días sin transacciones | consumo cupo 153% | saldo expuesto $82,425,683 | mora operativa Mayor a 60",Bloqueo/validación inmediata + gestión prioritaria,Enviar a recuperación/cartera prioritaria; no mezclar con alerta preventiva.
2026-05-02,67766,2026-04-30,BARRIO CENTRO SAN ANDRES DE TUMACO 5,CERRADO CON SALDO,CERRADO CON SALDO,RECUPERACION,NARIÑO,SAN ANDRÉS DE TUMACO,REDEBAN,0.3558648324567887,0.9775804065127994,Crítico,Crítico,Recuperación prioritaria,6,6,0,0,46249887.18682192,129964759.0,823.0,878.0,8.664317266666666,8.664317266666666,100.0,"823 días sin compensar | 878 días sin transacciones | consumo cupo 866% | saldo expuesto $129,964,759 | mora operativa Mayor a 60",Bloqueo/validación inmediata + gestión prioritaria,Enviar a recuperación/cartera prioritaria; no mezclar con alerta preventiva.
2026-05-02,67114,2026-04-30,BARRIO CENTRO CIENAGA DE ORO 7,CERRADO CON SALDO,CERRADO CON SALDO,RECUPERACION,CÓRDOBA,CIÉNAGA DE ORO,REDEBAN,0.5138031841364764,0.988739276971398,Crítico,Crítico,Recuperación prioritaria,7,7,0,0,44459699.34664934,86530603.0,261.0,478.0,5.768706866666666,5.768706866666666,100.0,"261 días sin compensar | 478 días sin transacciones | consumo cupo 577% | saldo expuesto $86,530,603 | mora operativa Mayor a 60 | aparece en castigados: Malas prácticas-Alianzas",Bloqueo/validación inmediata + gestión prioritaria,Enviar a recuperación/cartera prioritaria; no mezclar con alerta preventiva.
2026-05-02,19251,2026-04-30,BARRIO CENTRO XLIV - NEIVA,CERRADO CON SALDO,CERRADO CON SALDO,RECUPERACION,HUILA,NEIVA,REDEBAN,0.5486524376955749,0.9903030658296735,Crítico,Crítico,Recuperación prioritaria,8,8,0,0,40751339.62518875,74275327.74,3448.0,999.0,0.9903377031999999,0.9903377031999999,100.0,"3448 días sin compensar | 999 días sin transacciones | consumo cupo 99% | saldo expuesto $74,275,328 | mora operativa Mayor a 60",Bloqueo/validación inmediata + gestión prioritaria,Enviar a recuperación/cartera prioritaria; no mezclar con alerta preventiva.
2026-05-02,77908,2026-04-30,BARRIO CENTRO SAN JOSÉ DEL FRAGUA,CERRADO CON SALDO,CERRADO CON SALDO,RECUPERACION,CAQUETÁ,SAN JOSÉ DEL FRAGUA,REDEBAN,0.31342258079048707,0.9725944213200167,Crítico,Crítico,Recuperación prioritaria,9,9,0,0,34802267.22748528,111039438.0,135.0,136.0,11.1039438,11.1039438,100.0,"135 días sin compensar | 136 días sin transacciones | consumo cupo 1110% | saldo expuesto $111,039,438 | mora operativa Mayor a 60",Bloqueo/validación inmediata + gestión prioritaria,Enviar a recuperación/cartera prioritaria; no mezclar con alerta preventiva.
2026-05-02,43586,2026-04-30,BARRIO VICTORIA TULUA 3,CERRADO CON SALDO,CERRADO CON SALDO,RECUPERACION,VALLE DEL CAUCA,TULUÁ,REDEBAN,0.4103707772345721,0.9824391029268199,Crítico,Crítico,Recuperación prioritaria,10,10,0,0,33404181.26689417,81400000.0,1205.0,999.0,5.426666666666667,5.426666666666667,100.0,"1205 días sin compensar | 999 días sin transacciones | consumo cupo 543% | saldo expuesto $81,400,000 | mora operativa Mayor a 60",Bloqueo/validación inmediata + gestión prioritaria,Enviar a recuperación/cartera prioritaria; no mezclar con alerta preventiva.
2026-05-02,43192,2026-04-30,BARRIO CENTRO PUERTO GAITAN META PUERTO GAITAN,CERRADO CON SALDO,CERRADO CON SALDO,RECUPERACION,META,PUERTO GAITÁN,REDEBAN,0.5159585066151984,0.9888424913324902,Crítico,Crítico,Recuperación prioritaria,11,11,0,0,30944975.184993688,59975705.0,584.0,578.0,0.9995950833333334,0.9995950833333334,100.0,"584 días sin compensar | 578 días sin transacciones | consumo cupo 100% | saldo expuesto $59,975,705 | mora operativa Mayor a 60 | aparece en castigados: Confidencial",Bloqueo/validación inmediata + gestión prioritaria,Enviar a recuperación/cartera prioritaria; no mezclar con alerta preventiva.
2026-05-02,39422,2026-04-30,BARRIO LA UNION CALI 1,CERRADO CON SALDO,CERRADO CON SALDO,RECUPERACION,VALLE DEL CAUCA,CALI,REDEBAN,0.5448250009776049,0.9901416865945575,Crítico,Crítico,Recuperación prioritaria,12,12,0,0,29420120.125934143,53999210.89,1793.0,999.0,0.9999853868518519,0.9999853868518519,100.0,"1793 días sin compensar | 999 días sin transacciones | consumo cupo 100% | saldo expuesto $53,999,211 | mora operativa Mayor a 60",Bloqueo/validación inmediata + gestión prioritaria,Enviar a recuperación/cartera prioritaria; no mezclar con alerta preventiva.
2026-05-02,37410,2026-04-30,BARRIO LUIS CARLOS GALAN NEIVA,CERRADO CON SALDO,CERRADO CON SALDO,RECUPERACION,HUILA,NEIVA,REDEBAN,0.5440307385372857,0.9901078947402068,Crítico,Crítico,Recuperación prioritaria,13,13,0,0,29360970.280106418,53969322.32,1122.0,1190.0,1.1993182737777779,1.1993182737777779,100.0,"1122 días sin compensar | 1190 días sin transacciones | consumo cupo 120% | saldo expuesto $53,969,322 | mora operativa Mayor a 60",Bloqueo/validación inmediata + gestión prioritaria,Enviar a recuperación/cartera prioritaria; no mezclar con alerta preventiva.
2026-05-02,77833,2026-04-30,BARRIO LA CAMILA BELLO BELLO,CERRADO CON SALDO,CERRADO CON SALDO,RECUPERACION,ANTIOQUIA,BELLO,WOMPI,0.3664946815304928,0.9786446929608131,Crítico,Crítico,Recuperación prioritaria,14,14,0,0,29297113.529387146,79938714.0,101.0,86.0,11.419816285714285,11.419816285714285,100.0,"101 días sin compensar | 86 días sin transacciones | consumo cupo 1142% | saldo expuesto $79,938,714 | mora operativa Mayor a 60",Bloqueo/validación inmediata + gestión prioritaria,Enviar a recuperación/cartera prioritaria; no mezclar con alerta preventiva.
2026-05-02,31324,2026-04-30,BARRIO LA UNIVERSIDAD 3,CERRADO CON SALDO,CERRADO CON SALDO,RECUPERACION,SANTANDER,BUCARAMANGA,REDEBAN,0.6016088794108142,0.9923116674101414,Crítico,Crítico,Recuperación prioritaria,15,15,0,0,29062957.311406307,48308724.0,2317.0,999.0,0.9858923265306122,0.9858923265306122,100.0,"2317 días sin compensar | 999 días sin transacciones | consumo cupo 99% | saldo expuesto $48,308,724 | mora operativa Mayor a 60",Bloqueo/validación inmediata + gestión prioritaria,Enviar a recuperación/cartera prioritaria; no mezclar con alerta preventiva.
2026-05-02,35056,2026-04-30,BARRIO SAN FERNANDO BOGOTA 1,CERRADO CON SALDO,CERRADO CON SALDO,RECUPERACION,CUNDINAMARCA,BOGOTÁ,REDEBAN,0.6310689943918739,0.9932727496265125,Crítico,Crítico,Recuperación prioritaria,16,16,0,0,28889520.06677426,45778703.0,659.0,999.0,1.0173045111111112,1.0173045111111112,100.0,"659 días sin compensar | 999 días sin transacciones | consumo cupo 102% | saldo expuesto $45,778,703 | mora operativa Mayor a 60",Bloqueo/validación inmediata + gestión prioritaria,Enviar a recuperación/cartera prioritaria; no mezclar con alerta preventiva.
2026-05-02,39263,2026-04-30,BARRIO SAN ISIDRO CARTAGENA DE INDIAS,CERRADO CON SALDO,CERRADO CON SALDO,RECUPERACION,BOLÍVAR,CARTAGENA DE INDIAS,REDEBAN,0.552916502615974,0.9904800552604779,Crítico,Crítico,Recuperación prioritaria,17,17,0,0,27861280.90057283,50389671.44,1106.0,1086.0,1.1997540819047618,1.1997540819047618,100.0,"1106 días sin compensar | 1086 días sin transacciones | consumo cupo 120% | saldo expuesto $50,389,671 | mora operativa Mayor a 60",Bloqueo/validación inmediata + gestión prioritaria,Enviar a recuperación/cartera prioritaria; no mezclar con alerta preventiva.
2026-05-02,38704,2026-04-30,BARRIO GRATAMIRA CUCUTA,CERRADO CON SALDO,CERRADO CON SALDO,RECUPERACION,NORTE DE SANTANDER,CÚCUTA,REDEBAN,0.5877420461156714,0.9918231765332901,Crítico,Crítico,Recuperación prioritaria,18,18,0,0,27662706.985513493,47066067.79,1662.0,999.0,1.0459126175555555,1.0459126175555555,100.0,"1662 días sin compensar | 999 días sin transacciones | consumo cupo 105% | saldo expuesto $47,066,068 | mora operativa Mayor a 60",Bloqueo/validación inmediata + gestión prioritaria,Enviar a recuperación/cartera prioritaria; no mezclar con alerta preventiva.
2026-05-02,19052,2026-04-30,BARRIO LA CONCORDIA IV BUCARAMANGA,CERRADO CON SALDO,CERRADO CON SALDO,RECUPERACION,SANTANDER,BUCARAMANGA,REDEBAN,0.6042991241072821,0.9924036418864574,Crítico,Crítico,Recuperación prioritaria,19,19,0,0,27462145.39688934,45444622.21,571.0,547.0,1.0098804935555556,1.0098804935555556,100.0,"571 días sin compensar | 547 días sin transacciones | consumo cupo 101% | saldo expuesto $45,444,622 | mora operativa Mayor a 60 | aparece en castigados: Inactividad",Bloqueo/validación inmediata + gestión prioritaria,Enviar a recuperación/cartera prioritaria; no mezclar con alerta preventiva.
2026-05-02,60141,2026-04-30,BARRIO ACACIAS PUERTO CARREÑO 2,CERRADO CON SALDO,CERRADO CON SALDO,RECUPERACION,VICHADA,PUERTO CARREÑO,REDEBAN,0.7173459743578655,0.995595095542351,Crítico,Crítico,Recuperación prioritaria,20,20,0,0,27348260.763955444,38124227.0,86.0,702.0,0.8472050444444444,0.8472050444444444,100.0,"86 días sin compensar | 702 días sin transacciones | consumo cupo 85% | saldo expuesto $38,124,227 | mora operativa Mayor a 60 | aparece en castigados: Inactividad",Bloqueo/validación inmediata + gestión prioritaria,Enviar a recuperación/cartera prioritaria; no mezclar con alerta preventiva.
2026-05-02,34727,2026-04-30,BARRIO CENTRO COMERCIAL NUESTRO MONTERIA,CERRADO CON SALDO,CERRADO CON SALDO,RECUPERACION,CÓRDOBA,MONTERÍA,REDEBAN,0.5990990412204712,0.9922250570885718,Crítico,Crítico,Recuperación prioritaria,21,21,0,0,27226734.73144198,45446133.04,1137.0,999.0,1.0099140675555556,1.0099140675555556,100.0,"1137 días sin compensar | 999 días sin transacciones | consumo cupo 101% | saldo expuesto $45,446,133 | mora operativa Mayor a 60",Bloqueo/validación inmediata + gestión prioritaria,Enviar a recuperación/cartera prioritaria; no mezclar con alerta preventiva.
2026-05-02,11686,2026-04-30,EL BAGRE II - ANTIOQUIA,CERRADO CON SALDO,CERRADO CON SALDO,RECUPERACION,ANTIOQUIA,EL BAGRE,REDEBAN,0.45364064952780203,0.9854399116340512,Crítico,Crítico,Recuperación prioritaria,22,22,0,0,26982026.746527627,59478855.73,4243.0,999.0,0.9913142621666666,0.9913142621666666,100.0,"4243 días sin compensar | 999 días sin transacciones | consumo cupo 99% | saldo expuesto $59,478,856 | mora operativa Mayor a 60",Bloqueo/validación inmediata + gestión prioritaria,Enviar a recuperación/cartera prioritaria; no mezclar con alerta preventiva.
2026-05-02,64734,2026-04-30,BARRIO CENTRO GALAPA 4,CERRADO CON SALDO,CERRADO CON SALDO,RECUPERACION,ATLÁNTICO,GALAPA,REDEBAN,0.6929035211215386,0.9950019638259028,Crítico,Crítico,Recuperación prioritaria,23,23,0,0,26975458.85434459,38931046.0,342.0,338.0,0.9982319487179487,0.9982319487179487,100.0,"342 días sin compensar | 338 días sin transacciones | consumo cupo 100% | saldo expuesto $38,931,046 | mora operativa Mayor a 60 | aparece en castigados: Inactividad",Bloqueo/validación inmediata + gestión prioritaria,Enviar a recuperación/cartera prioritaria; no mezclar con alerta preventiva.
2026-05-02,37493,2026-04-30,BARRIO OSPINA PEREZ MONTERIA,CERRADO CON SALDO,CERRADO CON SALDO,RECUPERACION,CÓRDOBA,MONTERÍA,REDEBAN,0.5990990412204712,0.9922250570885718,Crítico,Crítico,Recuperación prioritaria,24,24,0,0,26790072.660384417,44717268.46,156.0,999.0,0.9937170768888889,0.9937170768888889,100.0,"156 días sin compensar | 999 días sin transacciones | consumo cupo 99% | saldo expuesto $44,717,268 | mora operativa Mayor a 60",Bloqueo/validación inmediata + gestión prioritaria,Enviar a recuperación/cartera prioritaria; no mezclar con alerta preventiva.
2026-05-02,35050,2026-04-30,BARRIO NORMANDIA BOGOTA 4,CERRADO CON SALDO,CERRADO CON SALDO,RECUPERACION,CUNDINAMARCA,BOGOTÁ,REDEBAN,0.6310689943918739,0.9932727496265125,Crítico,Crítico,Recuperación prioritaria,25,25,0,0,26619886.423599333,42182212.5,802.0,804.0,0.9373825,0.9373825,100.0,"802 días sin compensar | 804 días sin transacciones | consumo cupo 94% | saldo expuesto $42,182,212 | mora operativa Mayor a 60 | aparece en castigados: Malas prácticas",Bloqueo/validación inmediata + gestión prioritaria,Enviar a recuperación/cartera prioritaria; no mezclar con alerta preventiva.
2026-05-02,37839,2026-04-30,BARRIO SAN ANTONIO VILLAVICENCIO 1,CERRADO CON SALDO,CERRADO CON SALDO,RECUPERACION,META,VILLAVICENCIO,REDEBAN,0.5886502803421935,0.9918559294361584,Crítico,Crítico,Recuperación prioritaria,26,26,0,0,26384167.137033433,44821463.64,261.0,275.0,0.9960325253333333,0.9960325253333333,100.0,"261 días sin compensar | 275 días sin transacciones | consumo cupo 100% | saldo expuesto $44,821,464 | mora operativa Mayor a 60 | aparece en castigados: Inactividad",Bloqueo/validación inmediata + gestión prioritaria,Enviar a recuperación/cartera prioritaria; no mezclar con alerta preventiva.
2026-05-02,35856,2026-04-30,BARRIO PORVENIR VILLAVICENCIO 1,CERRADO CON SALDO,CERRADO CON SALDO,RECUPERACION,META,VILLAVICENCIO,REDEBAN,0.6009695882943215,0.9922896805795977,Crítico,Crítico,Recuperación prioritaria,27,27,0,0,26334954.31242727,43820777.0,806.0,837.0,0.9737950444444444,0.9737950444444444,100.0,"806 días sin compensar | 837 días sin transacciones | consumo cupo 97% | saldo expuesto $43,820,777 | mora operativa Mayor a 60 | aparece en castigados: Inactividad",Bloqueo/validación inmediata + gestión prioritaria,Enviar a recuperación/cartera prioritaria; no mezclar con alerta preventiva.
2026-05-02,76899,2026-04-30,BARRIO CENTRO MILAN 3,CERRADO CON SALDO,CERRADO CON SALDO,RECUPERACION,CAQUETÁ,MILÁN,REDEBAN,0.5419576583473579,0.9900191993566735,Crítico,Crítico,Recuperación prioritaria,28,28,0,0,26269725.549012173,48471915.0,204.0,364.0,4.8471915,4.8471915,100.0,"204 días sin compensar | 364 días sin transacciones | consumo cupo 485% | saldo expuesto $48,471,915 | mora operativa Mayor a 60 | aparece en castigados: Malas prácticas-Alianzas",Bloqueo/validación inmediata + gestión prioritaria,Enviar a recuperación/cartera prioritaria; no mezclar con alerta preventiva.
2026-05-02,36378,2026-04-30,BARRIO CENTRO LEJANIAS,CERRADO CON SALDO,CERRADO CON SALDO,RECUPERACION,META,LEJANÍAS,REDEBAN,0.4791540282374712,0.9869452999974827,Crítico,Crítico,Recuperación prioritaria,29,29,0,0,26072369.61339304,54413337.0,1548.0,999.0,1.2091852666666667,1.2091852666666667,100.0,"1548 días sin compensar | 999 días sin transacciones | consumo cupo 121% | saldo expuesto $54,413,337 | mora operativa Mayor a 60",Bloqueo/validación inmediata + gestión prioritaria,Enviar a recuperación/cartera prioritaria; no mezclar con alerta preventiva.
2026-05-02,13918,2026-04-30,EL PLAYON - SANTANDER,CERRADO CON SALDO,CERRADO CON SALDO,RECUPERACION,SANTANDER,EL PLAYÓN,REDEBAN,0.6473990723966659,0.9937646741050223,Crítico,Crítico,Recuperación prioritaria,30,30,0,0,25893225.21351323,39995771.26,382.0,336.0,0.9998942814999999,0.9998942814999999,100.0,"382 días sin compensar | 336 días sin transacciones | consumo cupo 100% | saldo expuesto $39,995,771 | mora operativa Mayor a 60 | aparece en castigados: Seguridad y Riesgos",Bloqueo/validación inmediata + gestión prioritaria,Enviar a recuperación/cartera prioritaria; no mezclar con alerta preventiva.
2026-05-02,10506,2026-04-30,BARRIO SANTA CRUZ III,CERRADO CON SALDO,CERRADO CON SALDO,RECUPERACION,ANTIOQUIA,MEDELLÍN,REDEBAN,0.5770495504008022,0.991429250277236,Crítico,Crítico,Recuperación prioritaria,31,31,0,0,25732248.987830225,44592789.25,1.0,999.0,0.9909508722222222,0.9909508722222222,100.0,"999 días sin transacciones | consumo cupo 99% | saldo expuesto $44,592,789 | mora operativa Mayor a 60",Bloqueo/validación inmediata + gestión prioritaria,Enviar a recuperación/cartera prioritaria; no mezclar con alerta preventiva.
2026-05-02,28496,2026-04-30,BARRIO PARQUE 3 ITAGUI,CERRADO CON SALDO,CERRADO CON SALDO,RECUPERACION,ANTIOQUIA,ITAGÜÍ,REDEBAN,0.49217451561379927,0.9876506261893273,Crítico,Crítico,Recuperación prioritaria,32,32,0,0,25616593.863320682,52047786.0,808.0,846.0,1.1566174666666666,1.1566174666666666,100.0,"808 días sin compensar | 846 días sin transacciones | consumo cupo 116% | saldo expuesto $52,047,786 | mora operativa Mayor a 60 | aparece en castigados: Inactividad",Bloqueo/validación inmediata + gestión prioritaria,Enviar a recuperación/cartera prioritaria; no mezclar con alerta preventiva.
2026-05-02,10027,2026-04-30,BARRIO LAS PALMAS,CERRADO CON SALDO,CERRADO CON SALDO,RECUPERACION,ATLÁNTICO,BARRANQUILLA,REDEBAN,0.5327880938404111,0.9896180836054154,Crítico,Crítico,Recuperación prioritaria,33,33,0,0,24824770.785069935,46594079.47,2237.0,999.0,1.0354239882222223,1.0354239882222223,100.0,"2237 días sin compensar | 999 días sin transacciones | consumo cupo 104% | saldo expuesto $46,594,079 | mora operativa Mayor a 60",Bloqueo/validación inmediata + gestión prioritaria,Enviar a recuperación/cartera prioritaria; no mezclar con alerta preventiva.
2026-05-02,36002,2026-04-30,BARRIO PRADOS DEL NORTE CUCUTA 1,CERRADO CON SALDO,CERRADO CON SALDO,RECUPERACION,NORTE DE SANTANDER,CÚCUTA,REDEBAN,0.5751143979729884,0.9913562766227011,Crítico,Crítico,Recuperación prioritaria,34,34,0,0,24612685.57401411,42796156.14,218.0,242.0,1.006968379764706,1.006968379764706,100.0,"218 días sin compensar | 242 días sin transacciones | consumo cupo 101% | saldo expuesto $42,796,156 | mora operativa Mayor a 60 | aparece en castigados: Inactividad",Bloqueo/validación inmediata + gestión prioritaria,Enviar a recuperación/cartera prioritaria; no mezclar con alerta preventiva.
2026-05-02,32638,2026-04-30,BARRIO CENTRO URIBE,CERRADO CON SALDO,CERRADO CON SALDO,RECUPERACION,META,URIBE,REDEBAN,0.5201202812376104,0.989039233110356,Crítico,Crítico,Recuperación prioritaria,35,35,0,0,24432223.192385856,46974179.0,417.0,414.0,0.9889300842105263,0.9889300842105263,100.0,"417 días sin compensar | 414 días sin transacciones | consumo cupo 99% | saldo expuesto $46,974,179 | mora operativa Mayor a 60 | aparece en castigados: Confidencial",Bloqueo/validación inmediata + gestión prioritaria,Enviar a recuperación/cartera prioritaria; no mezclar con alerta preventiva.
2026-05-02,53520,2026-04-30,BARRIO NIQUIA BELLO 10,CERRADO CON SALDO,CERRADO CON SALDO,RECUPERACION,ANTIOQUIA,BELLO,REDEBAN,0.6034577768288792,0.9923749728733148,Crítico,Crítico,Recuperación prioritaria,36,36,0,0,24409516.46375983,40449419.0,1163.0,999.0,1.011235475,1.011235475,100.0,"1163 días sin compensar | 999 días sin transacciones | consumo cupo 101% | saldo expuesto $40,449,419 | mora operativa Mayor a 60",Bloqueo/validación inmediata + gestión prioritaria,Enviar a recuperación/cartera prioritaria; no mezclar con alerta preventiva.
2026-05-02,43659,2026-04-30,BARRIO BAHIA SOLANO BAHIA SOLANO,CERRADO CON SALDO,CERRADO CON SALDO,RECUPERACION,CHOCÓ,BAHÍA SOLANO,REDEBAN,0.5659217160201604,0.9910023212103387,Crítico,Crítico,Recuperación prioritaria,37,37,0,0,24383453.53502892,43086265.9,26.0,395.0,0.9574725755555555,0.9574725755555555,100.0,"395 días sin transacciones | consumo cupo 96% | saldo expuesto $43,086,266 | mora operativa Mayor a 60 | aparece en castigados: Inactividad",Bloqueo/validación inmediata + gestión prioritaria,Enviar a recuperación/cartera prioritaria; no mezclar con alerta preventiva.
2026-05-02,62249,2026-04-30,BARRIO LA MILAGROSA MEDELLIN 2,CERRADO CON SALDO,CERRADO CON SALDO,RECUPERACION,ANTIOQUIA,MEDELLÍN,REDEBAN,0.6184680523260228,0.9928738027067487,Crítico,Crítico,Recuperación prioritaria,38,38,0,0,24323454.19317881,39328554.0,85.0,688.0,0.98321385,0.98321385,100.0,"85 días sin compensar | 688 días sin transacciones | consumo cupo 98% | saldo expuesto $39,328,554 | mora operativa Mayor a 60 | aparece en castigados: Inactividad",Bloqueo/validación inmediata + gestión prioritaria,Enviar a recuperación/cartera prioritaria; no mezclar con alerta preventiva.
2026-05-02,41739,2026-04-30,BARRIO BELLA VISTA SAN MARTIN,CERRADO CON SALDO,CERRADO CON SALDO,RECUPERACION,ANTIOQUIA,BELLO,REDEBAN,0.583639583674616,0.9916738676735911,Crítico,Crítico,Recuperación prioritaria,39,39,0,0,23924012.19645621,40991072.0,711.0,709.0,0.759093925925926,0.759093925925926,100.0,"711 días sin compensar | 709 días sin transacciones | consumo cupo 76% | saldo expuesto $40,991,072 | mora operativa Mayor a 60 | aparece en castigados: Novedad en Operación del punto de servicio",Bloqueo/validación inmediata + gestión prioritaria,Enviar a recuperación/cartera prioritaria; no mezclar con alerta preventiva.
2026-05-02,68345,2026-04-30,BARRIO EL CENTRO GALAPA,CERRADO CON SALDO,CERRADO CON SALDO,RECUPERACION,ATLÁNTICO,GALAPA,REDEBAN,0.6985082987827649,0.9951420685202332,Crítico,Crítico,Recuperación prioritaria,40,40,0,0,23909381.657711614,34229202.0,338.0,334.0,0.8776718461538462,0.8776718461538462,100.0,"338 días sin compensar | 334 días sin transacciones | consumo cupo 88% | saldo expuesto $34,229,202 | mora operativa Mayor a 60 | aparece en castigados: Inactividad",Bloqueo/validación inmediata + gestión prioritaria,Enviar a recuperación/cartera prioritaria; no mezclar con alerta preventiva.
2026-05-02,61236,2026-04-30,BARRIO CENTRO CARMEN DE APICALA 5,CERRADO CON SALDO,CERRADO CON SALDO,RECUPERACION,TOLIMA,CARMEN DE APICALÁ,REDEBAN,0.5305475805257647,0.9895178357598123,Crítico,Crítico,Recuperación prioritaria,41,41,0,0,23785051.79811667,44831138.0,343.0,429.0,0.9962475111111111,0.9962475111111111,100.0,"343 días sin compensar | 429 días sin transacciones | consumo cupo 100% | saldo expuesto $44,831,138 | mora operativa Mayor a 60 | aparece en castigados: Novedad en Operación del punto de servicio",Bloqueo/validación inmediata + gestión prioritaria,Enviar a recuperación/cartera prioritaria; no mezclar con alerta preventiva.
2026-05-02,60867,2026-04-30,BARRIO MEISSEN BOGOTA,CERRADO CON SALDO,CERRADO CON SALDO,RECUPERACION,CUNDINAMARCA,BOGOTÁ,REDEBAN,0.6147981853169191,0.9927542763192999,Crítico,Crítico,Recuperación prioritaria,42,42,0,0,23704924.25681985,38557245.0,821.0,844.0,1.0710345833333332,1.0710345833333332,100.0,"821 días sin compensar | 844 días sin transacciones | consumo cupo 107% | saldo expuesto $38,557,245 | mora operativa Mayor a 60 | aparece en castigados: Inactividad",Bloqueo/validación inmediata + gestión prioritaria,Enviar a recuperación/cartera prioritaria; no mezclar con alerta preventiva.
2026-05-02,37180,2026-04-30,BARRIO NUEVA FLORESTA CALI 1,CERRADO CON SALDO,CERRADO CON SALDO,RECUPERACION,VALLE DEL CAUCA,CALI,REDEBAN,0.5340912304256523,0.989675979895185,Crítico,Crítico,Recuperación prioritaria,43,43,0,0,23643210.35863237,44268111.91,204.0,220.0,0.9837358202222222,0.9837358202222222,100.0,"204 días sin compensar | 220 días sin transacciones | consumo cupo 98% | saldo expuesto $44,268,112 | mora operativa Mayor a 60 | aparece en castigados: Inactividad",Bloqueo/validación inmediata + gestión prioritaria,Enviar a recuperación/cartera prioritaria; no mezclar con alerta preventiva.
2026-05-02,41094,2026-04-30,BARRIO GUASIMALITO BELLO,CERRADO CON SALDO,CERRADO CON SALDO,RECUPERACION,ANTIOQUIA,BELLO,REDEBAN,0.583639583674616,0.9916738676735911,Crítico,Crítico,Recuperación prioritaria,44,44,0,0,23595691.001416307,40428531.0,455.0,801.0,0.8984118,0.8984118,100.0,"455 días sin compensar | 801 días sin transacciones | consumo cupo 90% | saldo expuesto $40,428,531 | mora operativa Mayor a 60 | aparece en castigados: Inactividad",Bloqueo/validación inmediata + gestión prioritaria,Enviar a recuperación/cartera prioritaria; no mezclar con alerta preventiva.
2026-05-02,56121,2026-04-30,BARRIO EL CENTRO CUCUTA 66,CERRADO CON SALDO,CERRADO CON SALDO,RECUPERACION,NORTE DE SANTANDER,CÚCUTA,REDEBAN,0.5960274684467,0.9921179920314007,Crítico,Crítico,Recuperación prioritaria,45,45,0,0,23471502.700711668,39379901.0,773.0,773.0,0.8751089111111111,0.8751089111111111,100.0,"773 días sin compensar | 773 días sin transacciones | consumo cupo 88% | saldo expuesto $39,379,901 | mora operativa Mayor a 60 | aparece en castigados: Inactividad",Bloqueo/validación inmediata + gestión prioritaria,Enviar a recuperación/cartera prioritaria; no mezclar con alerta preventiva.
2026-05-02,13319,2026-04-30,BARRIO EL CARMEN FLORIDABLANCA,CERRADO CON SALDO,CERRADO CON SALDO,RECUPERACION,SANTANDER,FLORIDABLANCA,REDEBAN,0.4756663701460164,0.9867494847160319,Crítico,Crítico,Recuperación prioritaria,46,46,0,0,23297987.904595956,48979682.75,1061.0,1127.0,1.1661829226190477,1.1661829226190477,100.0,"1061 días sin compensar | 1127 días sin transacciones | consumo cupo 117% | saldo expuesto $48,979,683 | mora operativa Mayor a 60",Bloqueo/validación inmediata + gestión prioritaria,Enviar a recuperación/cartera prioritaria; no mezclar con alerta preventiva.
2026-05-02,12288,2026-04-30,BARRIO VALLE GRANDE - CALI,CERRADO CON SALDO,CERRADO CON SALDO,RECUPERACION,VALLE DEL CAUCA,CALI,REDEBAN,0.5350495653404244,0.9897183662669379,Crítico,Crítico,Recuperación prioritaria,47,47,0,0,23258067.415584646,43468996.0,3.0,326.0,0.9659776888888889,0.9659776888888889,100.0,"326 días sin transacciones | consumo cupo 97% | saldo expuesto $43,468,996 | mora operativa Mayor a 60 | aparece en castigados: Inactividad",Bloqueo/validación inmediata + gestión prioritaria,Enviar a recuperación/cartera prioritaria; no mezclar con alerta preventiva.
2026-05-02,10971,2026-04-30,BARRIO AEROPUERTO,CERRADO CON SALDO,CERRADO CON SALDO,RECUPERACION,NORTE DE SANTANDER,CÚCUTA,REDEBAN,0.5865853989205068,0.9917813075048856,Crítico,Crítico,Recuperación prioritaria,48,48,0,0,23194423.965315256,39541427.4,1305.0,999.0,0.988535685,0.988535685,100.0,"1305 días sin compensar | 999 días sin transacciones | consumo cupo 99% | saldo expuesto $39,541,427 | mora operativa Mayor a 60",Bloqueo/validación inmediata + gestión prioritaria,Enviar a recuperación/cartera prioritaria; no mezclar con alerta preventiva.
2026-05-02,41101,2026-04-30,BARRIO HORIZONTE TURBACO,CERRADO CON SALDO,CERRADO CON SALDO,RECUPERACION,BOLÍVAR,TURBACO,REDEBAN,0.4457348811096956,0.9849368471438149,Crítico,Crítico,Recuperación prioritaria,49,49,0,0,22807264.33494706,51167780.0,1101.0,1087.0,1.2039477647058823,1.2039477647058823,100.0,"1101 días sin compensar | 1087 días sin transacciones | consumo cupo 120% | saldo expuesto $51,167,780 | mora operativa Mayor a 60",Bloqueo/validación inmediata + gestión prioritaria,Enviar a recuperación/cartera prioritaria; no mezclar con alerta preventiva.
2026-05-02,53039,2026-04-30,BARRIO SAN FRANCISCO BUCARAMANGA 7,CERRADO CON SALDO,CERRADO CON SALDO,RECUPERACION,SANTANDER,BUCARAMANGA,REDEBAN,0.578666122587673,0.9914898095052006,Crítico,Crítico,Recuperación prioritaria,50,50,0,0,22699797.18764635,39227797.0,128.0,255.0,0.980694925,0.980694925,100.0,"128 días sin compensar | 255 días sin transacciones | consumo cupo 98% | saldo expuesto $39,227,797 | mora operativa Mayor a 60 | aparece en castigados: Asuntos Personales",Bloqueo/validación inmediata + gestión prioritaria,Enviar a recuperación/cartera prioritaria; no mezclar con alerta preventiva.
2026-05-02,36049,2026-04-30,BARRIO NIQUIA BELLO 2,CERRADO CON SALDO,CERRADO CON SALDO,RECUPERACION,ANTIOQUIA,BELLO,REDEBAN,0.5765794761983449,0.9914115722719814,Crítico,Crítico,Recuperación prioritaria,51,51,0,0,22668940.005843747,39316245.1,576.0,999.0,0.9829061275000001,0.9829061275000001,100.0,"576 días sin compensar | 999 días sin transacciones | consumo cupo 98% | saldo expuesto $39,316,245 | mora operativa Mayor a 60",Bloqueo/validación inmediata + gestión prioritaria,Enviar a recuperación/cartera prioritaria; no mezclar con alerta preventiva.
2026-05-02,25081,2026-04-30,BARRIO CENTRO ACACIAS - ACACÍAS,CERRADO CON SALDO,CERRADO CON SALDO,RECUPERACION,META,ACACÍAS,REDEBAN,0.5074624813405183,0.988430260484205,Crítico,Crítico,Recuperación prioritaria,52,52,0,0,22658838.93070014,44651259.48,946.0,989.0,0.9922502106666666,0.9922502106666666,100.0,"946 días sin compensar | 989 días sin transacciones | consumo cupo 99% | saldo expuesto $44,651,259 | mora operativa Mayor a 60",Bloqueo/validación inmediata + gestión prioritaria,Enviar a recuperación/cartera prioritaria; no mezclar con alerta preventiva.
2026-05-02,37711,2026-04-30,BARRIO MONTESOL LA CEJA,CERRADO CON SALDO,CERRADO CON SALDO,RECUPERACION,ANTIOQUIA,LA CEJA,REDEBAN,0.5228029592338692,0.9891642971566266,Crítico,Crítico,Recuperación prioritaria,53,53,0,0,22646389.18876462,43317255.17,275.0,753.0,0.9626056704444445,0.9626056704444445,100.0,"275 días sin compensar | 753 días sin transacciones | consumo cupo 96% | saldo expuesto $43,317,255 | mora operativa Mayor a 60 | aparece en castigados: Inactividad",Bloqueo/validación inmediata + gestión prioritaria,Enviar a recuperación/cartera prioritaria; no mezclar con alerta preventiva.
2026-05-02,46905,2026-04-30,BARRIO FUNZA FUNZA 3,CERRADO CON SALDO,CERRADO CON SALDO,RECUPERACION,CUNDINAMARCA,FUNZA,REDEBAN,0.5470514170594749,0.99023585308075,Crítico,Crítico,Recuperación prioritaria,54,54,0,0,22528499.650375254,41181685.94,21.0,358.0,0.9359474077272727,0.9359474077272727,100.0,"358 días sin transacciones | consumo cupo 94% | saldo expuesto $41,181,686 | mora operativa Mayor a 60 | aparece en castigados: Inactividad",Bloqueo/validación inmediata + gestión prioritaria,Enviar a recuperación/cartera prioritaria; no mezclar con alerta preventiva.
2026-05-02,33578,2026-04-30,BARRIO CIUDAD BOLIVAR PARQUE CIUDAD BOLIVAR,CERRADO CON SALDO,CERRADO CON SALDO,RECUPERACION,ANTIOQUIA,MEDELLÍN,REDEBAN,0.42127762257021334,0.9832558887483657,Crítico,Crítico,Recuperación prioritaria,55,55,0,0,22273283.242274746,52870796.0,665.0,701.0,0.8811799333333333,0.8811799333333333,100.0,"665 días sin compensar | 701 días sin transacciones | consumo cupo 88% | saldo expuesto $52,870,796 | mora operativa Mayor a 60 | aparece en castigados: Otro",Bloqueo/validación inmediata + gestión prioritaria,Enviar a recuperación/cartera prioritaria; no mezclar con alerta preventiva.
2026-05-02,50371,2026-04-30,BARRIO JUAN JOSE NEIRA VILLA DE SAN DIEGO DE UBATE,CERRADO CON SALDO,CERRADO CON SALDO,RECUPERACION,CUNDINAMARCA,VILLA DE SAN DIEGO DE UBATÉ,REDEBAN,0.53744665531397,0.9898236851690836,Crítico,Crítico,Recuperación prioritaria,56,56,0,0,22174638.926456396,41259237.0,737.0,760.0,0.9823627857142857,0.9823627857142857,100.0,"737 días sin compensar | 760 días sin transacciones | consumo cupo 98% | saldo expuesto $41,259,237 | mora operativa Mayor a 60 | aparece en castigados: Inactividad",Bloqueo/validación inmediata + gestión prioritaria,Enviar a recuperación/cartera prioritaria; no mezclar con alerta preventiva.
2026-05-02,11151,2026-04-30,OCAÑA I,CERRADO CON SALDO,CERRADO CON SALDO,RECUPERACION,NORTE DE SANTANDER,OCAÑA,REDEBAN,0.4536774464981971,0.985442210367879,Crítico,Crítico,Recuperación prioritaria,57,57,0,0,22171369.304966982,48870336.13,3599.0,999.0,0.8885515660000001,0.8885515660000001,100.0,"3599 días sin compensar | 999 días sin transacciones | consumo cupo 89% | saldo expuesto $48,870,336 | mora operativa Mayor a 60",Bloqueo/validación inmediata + gestión prioritaria,Enviar a recuperación/cartera prioritaria; no mezclar con alerta preventiva.
2026-05-02,15372,2026-04-30,BRR UNIVERSIDAD DE MEDELLIN,CERRADO CON SALDO,CERRADO CON SALDO,RECUPERACION,ANTIOQUIA,MEDELLÍN,REDEBAN,0.5770495504008022,0.991429250277236,Crítico,Crítico,Recuperación prioritaria,58,58,0,0,22058731.330162473,38226754.21,3060.0,999.0,0.95566885525,0.95566885525,100.0,"3060 días sin compensar | 999 días sin transacciones | consumo cupo 96% | saldo expuesto $38,226,754 | mora operativa Mayor a 60",Bloqueo/validación inmediata + gestión prioritaria,Enviar a recuperación/cartera prioritaria; no mezclar con alerta preventiva.
2026-05-02,32003,2026-04-30,BARRIO INSPECCIÓN DE SAN ADOLFO ACEVEDO,CERRADO CON SALDO,CERRADO CON SALDO,RECUPERACION,HUILA,ACEVEDO,REDEBAN,0.49063663366394494,0.9875693662258997,Crítico,Crítico,Recuperación prioritaria,59,59,0,0,22055802.657858584,44953436.3,2321.0,999.0,0.998965251111111,0.998965251111111,100.0,"2321 días sin compensar | 999 días sin transacciones | consumo cupo 100% | saldo expuesto $44,953,436 | mora operativa Mayor a 60",Bloqueo/validación inmediata + gestión prioritaria,Enviar a recuperación/cartera prioritaria; no mezclar con alerta preventiva.
2026-05-02,32894,2026-04-30,BARRIO TIMIZA BOGOTA 1,CERRADO CON SALDO,CERRADO CON SALDO,RECUPERACION,CUNDINAMARCA,BOGOTÁ,REDEBAN,0.6124583659504645,0.9926772592638311,Crítico,Crítico,Recuperación prioritaria,60,60,0,0,22009538.661457982,35936383.41,1166.0,999.0,1.1978794469999998,1.1978794469999998,100.0,"1166 días sin compensar | 999 días sin transacciones | consumo cupo 120% | saldo expuesto $35,936,383 | mora operativa Mayor a 60",Bloqueo/validación inmediata + gestión prioritaria,Enviar a recuperación/cartera prioritaria; no mezclar con alerta preventiva.
2026-05-02,13523,2026-04-30,EL BANCO IV - MAGDALENA,CERRADO CON SALDO,CERRADO CON SALDO,RECUPERACION,MAGDALENA,EL BANCO,REDEBAN,0.41216297494165893,0.9825763911783311,Crítico,Crítico,Recuperación prioritaria,62,61,0,0,21980309.597423993,53329170.58,3350.0,999.0,0.987577232962963,0.987577232962963,100.0,"3350 días sin compensar | 999 días sin transacciones | consumo cupo 99% | saldo expuesto $53,329,171 | mora operativa Mayor a 60",Bloqueo/validación inmediata + gestión prioritaria,Enviar a recuperación/cartera prioritaria; no mezclar con alerta preventiva.
2026-05-02,36836,2026-04-30,BARRIO KENEDY SINCELEJO,CERRADO CON SALDO,CERRADO CON SALDO,RECUPERACION,SUCRE,SINCELEJO,REDEBAN,0.48287044933065276,0.9871506948113122,Crítico,Crítico,Recuperación prioritaria,63,62,0,0,21944375.43886661,45445679.0,1445.0,999.0,1.0099039777777779,1.0099039777777779,100.0,"1445 días sin compensar | 999 días sin transacciones | consumo cupo 101% | saldo expuesto $45,445,679 | mora operativa Mayor a 60",Bloqueo/validación inmediata + gestión prioritaria,Enviar a recuperación/cartera prioritaria; no mezclar con alerta preventiva.
2026-05-02,59989,2026-04-30,BARRIO CADIZ IBAGUE 1,CERRADO CON SALDO,CERRADO CON SALDO,RECUPERACION,TOLIMA,IBAGUÉ,REDEBAN,0.6393802602134215,0.9935265406340578,Crítico,Crítico,Recuperación prioritaria,64,63,0,0,21913551.908264,34273113.0,396.0,694.0,0.9520309166666666,0.9520309166666666,100.0,"396 días sin compensar | 694 días sin transacciones | consumo cupo 95% | saldo expuesto $34,273,113 | mora operativa Mayor a 60 | aparece en castigados: Inactividad",Bloqueo/validación inmediata + gestión prioritaria,Enviar a recuperación/cartera prioritaria; no mezclar con alerta preventiva.
2026-05-02,65444,2026-04-30,BARRIO LA AMISTAD VALLE DEL GUAMUEZ 1,CERRADO CON SALDO,CERRADO CON SALDO,RECUPERACION,PUTUMAYO,VALLE DEL GUAMUEZ,REDEBAN,0.6010529934586906,0.9922925519543443,Crítico,Crítico,Recuperación prioritaria,65,64,0,0,21908381.61156927,36450000.0,469.0,465.0,1.0125,1.0125,100.0,"469 días sin compensar | 465 días sin transacciones | consumo cupo 101% | saldo expuesto $36,450,000 | mora operativa Mayor a 60 | aparece en castigados: Inactividad",Bloqueo/validación inmediata + gestión prioritaria,Enviar a recuperación/cartera prioritaria; no mezclar con alerta preventiva.
2026-05-02,62900,2026-04-30,BARRIO 20 DE MAYO EL TARRA,CERRADO CON SALDO,CERRADO CON SALDO,RECUPERACION,NORTE DE SANTANDER,EL TARRA,REDEBAN,0.5558878041776633,0.9906016759711381,Crítico,Crítico,Recuperación prioritaria,66,65,0,0,21906298.732838392,39407770.0,731.0,726.0,1.0104556410256411,1.0104556410256411,100.0,"731 días sin compensar | 726 días sin transacciones | consumo cupo 101% | saldo expuesto $39,407,770 | mora operativa Mayor a 60 | aparece en castigados: Malas prácticas",Bloqueo/validación inmediata + gestión prioritaria,Enviar a recuperación/cartera prioritaria; no mezclar con alerta preventiva.
2026-05-02,63108,2026-04-30,BARRIO ARAUCA ARAUCA 4,CERRADO CON SALDO,CERRADO CON SALDO,RECUPERACION,ARAUCA,ARAUCA,REDEBAN,0.5280879361181818,0.9894067444673657,Crítico,Crítico,Recuperación prioritaria,67,66,0,0,21858344.942692555,41391487.0,266.0,235.0,0.9855115952380953,0.9855115952380953,100.0,"266 días sin compensar | 235 días sin transacciones | consumo cupo 99% | saldo expuesto $41,391,487 | mora operativa Mayor a 60 | aparece en castigados: Inactividad",Bloqueo/validación inmediata + gestión prioritaria,Enviar a recuperación/cartera prioritaria; no mezclar con alerta preventiva.
2026-05-02,65076,2026-04-30,BARRIO URBANIZACION NUEVA CASTILLA IBAGUE 1,CERRADO CON SALDO,CERRADO CON SALDO,RECUPERACION,TOLIMA,IBAGUÉ,REDEBAN,0.6410401873985522,0.9935763691244541,Crítico,Crítico,Recuperación prioritaria,68,67,0,0,21791667.569669485,33994230.0,724.0,685.0,0.999830294117647,0.999830294117647,100.0,"724 días sin compensar | 685 días sin transacciones | consumo cupo 100% | saldo expuesto $33,994,230 | mora operativa Mayor a 60 | aparece en castigados: Inactividad",Bloqueo/validación inmediata + gestión prioritaria,Enviar a recuperación/cartera prioritaria; no mezclar con alerta preventiva.
2026-05-02,36249,2026-04-30,BARRIO CENTRO ZONA BANANERA,CERRADO CON SALDO,CERRADO CON SALDO,RECUPERACION,MAGDALENA,ZONA BANANERA,REDEBAN,0.49602629033915974,0.9878518241824297,Crítico,Crítico,Recuperación prioritaria,69,68,0,0,21687518.011006106,43722517.2,1179.0,1179.0,0.9716114933333334,0.9716114933333334,100.0,"1179 días sin compensar | 1179 días sin transacciones | consumo cupo 97% | saldo expuesto $43,722,517 | mora operativa Mayor a 60",Bloqueo/validación inmediata + gestión prioritaria,Enviar a recuperación/cartera prioritaria; no mezclar con alerta preventiva.
2026-05-02,40150,2026-04-30,BARRIO AIDA QUINTERO AGUSTIN CODAZZI,CERRADO CON SALDO,CERRADO CON SALDO,RECUPERACION,CESAR,AGUSTÍN CODAZZI,REDEBAN,0.4801172147425249,0.9869988525998099,Crítico,Crítico,Recuperación prioritaria,70,69,0,0,21605274.66341362,45000000.0,666.0,662.0,1.0,1.0,100.0,"666 días sin compensar | 662 días sin transacciones | consumo cupo 100% | saldo expuesto $45,000,000 | mora operativa Mayor a 60 | aparece en castigados: Inactividad",Bloqueo/validación inmediata + gestión prioritaria,Enviar a recuperación/cartera prioritaria; no mezclar con alerta preventiva.
2026-05-02,34229,2026-04-30,BARRIO MARIA AUXILIADORA SAN GIL,CERRADO CON SALDO,CERRADO CON SALDO,RECUPERACION,SANTANDER,SAN GIL,REDEBAN,0.524200283713955,0.9892289026526985,Crítico,Crítico,Recuperación prioritaria,71,70,0,0,21586637.4019784,41180133.0,535.0,534.0,0.9983062545454545,0.9983062545454545,100.0,"535 días sin compensar | 534 días sin transacciones | consumo cupo 100% | saldo expuesto $41,180,133 | mora operativa Mayor a 60 | aparece en castigados: Inactividad",Bloqueo/validación inmediata + gestión prioritaria,Enviar a recuperación/cartera prioritaria; no mezclar con alerta preventiva.
2026-05-02,45137,2026-04-30,BARRIO HOSPITAL URRAO,CERRADO CON SALDO,CERRADO CON SALDO,RECUPERACION,ANTIOQUIA,URRAO,REDEBAN,0.5556210285391079,0.9905908130238693,Crítico,Crítico,Recuperación prioritaria,72,71,0,0,21575002.143950205,38830427.64,10.0,54.0,0.9707606910000001,0.9707606910000001,80.0,"54 días sin transacciones | consumo cupo 97% | saldo expuesto $38,830,428 | mora operativa 31-60",Bloqueo/validación inmediata + gestión prioritaria,Enviar a recuperación/cartera prioritaria; no mezclar con alerta preventiva.
2026-05-02,49049,2026-04-30,BARRIO HOSPITAL SANTA BARBARA,CERRADO CON SALDO,CERRADO CON SALDO,RECUPERACION,ANTIOQUIA,SANTA BÁRBARA,REDEBAN,0.514771081097234,0.9887857407272269,Crítico,Crítico,Recuperación prioritaria,73,72,0,0,21545294.20417093,41854127.0,16.0,241.0,0.9300917111111111,0.9300917111111111,100.0,"241 días sin transacciones | consumo cupo 93% | saldo expuesto $41,854,127 | mora operativa Mayor a 60 | aparece en castigados: Inactividad",Bloqueo/validación inmediata + gestión prioritaria,Enviar a recuperación/cartera prioritaria; no mezclar con alerta preventiva.
2026-05-02,67272,2026-04-30,BARRIO CENTRO GACHANCIPA  7,CERRADO CON SALDO,CERRADO CON SALDO,RECUPERACION,CUNDINAMARCA,GACHANCIPÁ,REDEBAN,0.5015160518400085,0.9881329627817615,Crítico,Crítico,Recuperación prioritaria,74,73,0,0,21441102.1184778,42752574.0,571.0,667.0,0.9716494090909091,0.9716494090909091,100.0,"571 días sin compensar | 667 días sin transacciones | consumo cupo 97% | saldo expuesto $42,752,574 | mora operativa Mayor a 60 | aparece en castigados: Inactividad",Bloqueo/validación inmediata + gestión prioritaria,Enviar a recuperación/cartera prioritaria; no mezclar con alerta preventiva.
2026-05-02,56833,2026-04-30,BARRIO VILLA LUZ TUNJA 1,CERRADO CON SALDO,CERRADO CON SALDO,RECUPERACION,BOYACÁ,TUNJA,REDEBAN,0.5975253717011176,0.9921703522322071,Crítico,Crítico,Recuperación prioritaria,75,74,0,0,21323850.295799367,35686937.0,115.0,336.0,0.9913038055555555,0.9913038055555555,100.0,"115 días sin compensar | 336 días sin transacciones | consumo cupo 99% | saldo expuesto $35,686,937 | mora operativa Mayor a 60 | aparece en castigados: Inactividad",Bloqueo/validación inmediata + gestión prioritaria,Enviar a recuperación/cartera prioritaria; no mezclar con alerta preventiva.
2026-05-02,75312,2026-04-30,BARRIO POPULAR MEDELLIN 4,CERRADO CON SALDO,CERRADO CON SALDO,RECUPERACION,ANTIOQUIA,MEDELLÍN,REDEBAN,0.5930763347786713,0.9920139995985546,Crítico,Crítico,Recuperación prioritaria,76,75,0,0,21310952.01909989,35932898.97,647.0,576.0,0.89832247425,0.89832247425,100.0,"647 días sin compensar | 576 días sin transacciones | consumo cupo 90% | saldo expuesto $35,932,899 | mora operativa Mayor a 60 | aparece en castigados: Novedad en el establecimiento (Comercio)",Bloqueo/validación inmediata + gestión prioritaria,Enviar a recuperación/cartera prioritaria; no mezclar con alerta preventiva.
2026-05-02,40295,2026-04-30,BARRIO AY MI LLANURA VILLAVICENCIO 2,CERRADO CON SALDO,CERRADO CON SALDO,RECUPERACION,META,VILLAVICENCIO,REDEBAN,0.6115303767352855,0.992646537109543,Crítico,Crítico,Recuperación prioritaria,77,76,0,0,21308593.527253125,34844701.65,1022.0,1039.0,0.9955629042857143,0.9955629042857143,100.0,"1022 días sin compensar | 1039 días sin transacciones | consumo cupo 100% | saldo expuesto $34,844,702 | mora operativa Mayor a 60",Bloqueo/validación inmediata + gestión prioritaria,Enviar a recuperación/cartera prioritaria; no mezclar con alerta preventiva.
2026-05-02,43641,2026-04-30,BARRIO LA CASTELLANA MEDELLIN 1,CERRADO CON SALDO,CERRADO CON SALDO,RECUPERACION,ANTIOQUIA,MEDELLÍN,REDEBAN,0.6095879441295277,0.9925819031018455,Crítico,Crítico,Recuperación prioritaria,78,77,0,0,21265381.158183012,34884845.35,1592.0,999.0,0.9967098671428571,0.9967098671428571,100.0,"1592 días sin compensar | 999 días sin transacciones | consumo cupo 100% | saldo expuesto $34,884,845 | mora operativa Mayor a 60",Bloqueo/validación inmediata + gestión prioritaria,Enviar a recuperación/cartera prioritaria; no mezclar con alerta preventiva.
2026-05-02,30657,2026-04-30,BARRIO CORALINA 1,CERRADO CON SALDO,CERRADO CON SALDO,RECUPERACION,META,VILLAVICENCIO,REDEBAN,0.5111861784730769,0.9886127171051464,Crítico,Crítico,Recuperación prioritaria,79,78,0,0,21252938.02474228,41575729.0,423.0,367.0,1.8478101777777778,1.8478101777777778,100.0,"423 días sin compensar | 367 días sin transacciones | consumo cupo 185% | saldo expuesto $41,575,729 | mora operativa Mayor a 60 | aparece en castigados: Inactividad",Bloqueo/validación inmediata + gestión prioritaria,Enviar a recuperación/cartera prioritaria; no mezclar con alerta preventiva.
2026-05-02,19186,2026-04-30,EL CARMEN DE VIBORAL II - ANTIOQUIA,CERRADO CON SALDO,CERRADO CON SALDO,RECUPERACION,ANTIOQUIA,EL CARMEN DE VIBORAL,REDEBAN,0.37735309671455536,0.9796683854720681,Crítico,Crítico,Recuperación prioritaria,80,79,0,0,21174127.191746086,56112239.11,3720.0,999.0,0.9352039851666667,0.9352039851666667,100.0,"3720 días sin compensar | 999 días sin transacciones | consumo cupo 94% | saldo expuesto $56,112,239 | mora operativa Mayor a 60",Bloqueo/validación inmediata + gestión prioritaria,Enviar a recuperación/cartera prioritaria; no mezclar con alerta preventiva.
2026-05-02,17910,2026-04-30,BARRIO CENTRO XXXVI - NEIVA,CERRADO CON SALDO,CERRADO CON SALDO,RECUPERACION,HUILA,NEIVA,REDEBAN,0.4596872948150406,0.9858124955222708,Crítico,Crítico,Recuperación prioritaria,81,80,0,0,21036234.4866587,45762053.3,3371.0,999.0,0.9948272456521738,0.9948272456521738,100.0,"3371 días sin compensar | 999 días sin transacciones | consumo cupo 99% | saldo expuesto $45,762,053 | mora operativa Mayor a 60",Bloqueo/validación inmediata + gestión prioritaria,Enviar a recuperación/cartera prioritaria; no mezclar con alerta preventiva.
2026-05-02,16067,2026-04-30,BARRIO FERIA DE GANADO MEDELLIN,CERRADO CON SALDO,CERRADO CON SALDO,RECUPERACION,ANTIOQUIA,MEDELLÍN,REDEBAN,0.48106699930502966,0.9870514397624339,Crítico,Crítico,Recuperación prioritaria,82,81,0,0,20967485.891960017,43585375.68,3426.0,999.0,0.968563904,0.968563904,100.0,"3426 días sin compensar | 999 días sin transacciones | consumo cupo 97% | saldo expuesto $43,585,376 | mora operativa Mayor a 60",Bloqueo/validación inmediata + gestión prioritaria,Enviar a recuperación/cartera prioritaria; no mezclar con alerta preventiva.
2026-05-02,65882,2026-04-30,BARRIO SANTANDER NEIVA,CERRADO CON SALDO,CERRADO CON SALDO,RECUPERACION,HUILA,NEIVA,REDEBAN,0.6138074336908378,0.9927217424897664,Crítico,Crítico,Recuperación prioritaria,83,82,0,0,20868891.111686658,33999085.0,503.0,500.0,0.9999730882352941,0.9999730882352941,100.0,"503 días sin compensar | 500 días sin transacciones | consumo cupo 100% | saldo expuesto $33,999,085 | mora operativa Mayor a 60 | aparece en castigados: Inactividad",Bloqueo/validación inmediata + gestión prioritaria,Enviar a recuperación/cartera prioritaria; no mezclar con alerta preventiva.
2026-05-02,31208,2026-04-30,SANTA ANA 3,CERRADO CON SALDO,CERRADO CON SALDO,RECUPERACION,SANTANDER,FLORIDABLANCA,REDEBAN,0.46325328817859474,0.9860274642144974,Crítico,Crítico,Recuperación prioritaria,84,83,0,0,20846397.84759091,44999999.74,456.0,453.0,0.9999999942222223,0.9999999942222223,100.0,"456 días sin compensar | 453 días sin transacciones | consumo cupo 100% | saldo expuesto $45,000,000 | mora operativa Mayor a 60 | aparece en castigados: Inactividad",Bloqueo/validación inmediata + gestión prioritaria,Enviar a recuperación/cartera prioritaria; no mezclar con alerta preventiva.
2026-05-02,62901,2026-04-30,BARRIO MOTILANDIA EL TARRA,CERRADO CON SALDO,CERRADO CON SALDO,RECUPERACION,NORTE DE SANTANDER,EL TARRA,REDEBAN,0.5558878041776633,0.9906016759711381,Crítico,Crítico,Recuperación prioritaria,85,84,0,0,20817376.78388842,37448882.0,735.0,725.0,1.012131945945946,1.012131945945946,100.0,"735 días sin compensar | 725 días sin transacciones | consumo cupo 101% | saldo expuesto $37,448,882 | mora operativa Mayor a 60 | aparece en castigados: Malas prácticas",Bloqueo/validación inmediata + gestión prioritaria,Enviar a recuperación/cartera prioritaria; no mezclar con alerta preventiva.
2026-05-02,62899,2026-04-30,BARRIO PUENTE ROJO EL TARRA,CERRADO CON SALDO,CERRADO CON SALDO,RECUPERACION,NORTE DE SANTANDER,EL TARRA,REDEBAN,0.5558878041776633,0.9906016759711381,Crítico,Crítico,Recuperación prioritaria,86,85,0,0,20683060.39320399,37207257.0,731.0,725.0,1.0056015405405405,1.0056015405405405,100.0,"731 días sin compensar | 725 días sin transacciones | consumo cupo 101% | saldo expuesto $37,207,257 | mora operativa Mayor a 60 | aparece en castigados: Malas prácticas",Bloqueo/validación inmediata + gestión prioritaria,Enviar a recuperación/cartera prioritaria; no mezclar con alerta preventiva.
2026-05-02,40599,2026-04-30,BARRIO CENTRO RIONEGRO,CERRADO CON SALDO,CERRADO CON SALDO,RECUPERACION,ANTIOQUIA,RIONEGRO,REDEBAN,0.49890064060679196,0.987999836504467,Crítico,Crítico,Recuperación prioritaria,87,86,0,0,20662084.278976988,41415229.0,407.0,781.0,0.9520742298850575,0.9520742298850575,100.0,"407 días sin compensar | 781 días sin transacciones | consumo cupo 95% | saldo expuesto $41,415,229 | mora operativa Mayor a 60 | aparece en castigados: Inactividad",Bloqueo/validación inmediata + gestión prioritaria,Enviar a recuperación/cartera prioritaria; no mezclar con alerta preventiva.
2026-05-02,61364,2026-04-30,BARRIO CENTRO CAJICA 9,CERRADO CON SALDO,CERRADO CON SALDO,RECUPERACION,CUNDINAMARCA,CAJICÁ,REDEBAN,0.4792773721092617,0.9869521704512115,Crítico,Crítico,Recuperación prioritaria,88,87,0,0,20649216.494429875,43084063.0,266.0,260.0,1.9148472444444444,1.9148472444444444,100.0,"266 días sin compensar | 260 días sin transacciones | consumo cupo 191% | saldo expuesto $43,084,063 | mora operativa Mayor a 60 | aparece en castigados: Inactividad",Bloqueo/validación inmediata + gestión prioritaria,Enviar a recuperación/cartera prioritaria; no mezclar con alerta preventiva.
2026-05-02,62521,2026-04-30,BARRIO ASIS TUNJA 2,CERRADO CON SALDO,CERRADO CON SALDO,RECUPERACION,BOYACÁ,TUNJA,REDEBAN,0.5920469769752433,0.9919774644101251,Crítico,Crítico,Recuperación prioritaria,89,88,0,0,20629074.68904855,34843645.0,382.0,306.0,0.9955327142857143,0.9955327142857143,100.0,"382 días sin compensar | 306 días sin transacciones | consumo cupo 100% | saldo expuesto $34,843,645 | mora operativa Mayor a 60 | aparece en castigados: Inactividad",Bloqueo/validación inmediata + gestión prioritaria,Enviar a recuperación/cartera prioritaria; no mezclar con alerta preventiva.
2026-05-02,40853,2026-04-30,BARRIO CALLE EL ESTANCO SOPETRAN,CERRADO CON SALDO,CERRADO CON SALDO,RECUPERACION,ANTIOQUIA,SOPETRÁN,REDEBAN,0.5096844509804662,0.9885394728687796,Crítico,Crítico,Recuperación prioritaria,90,89,0,0,20532823.867343087,40285364.46,496.0,486.0,0.9478909284705882,0.9478909284705882,100.0,"496 días sin compensar | 486 días sin transacciones | consumo cupo 95% | saldo expuesto $40,285,364 | mora operativa Mayor a 60 | aparece en castigados: Seguridad y Riesgos",Bloqueo/validación inmediata + gestión prioritaria,Enviar a recuperación/cartera prioritaria; no mezclar con alerta preventiva.
2026-05-02,10732,2026-04-30,TIERRALTA III - CORDOBA,CERRADO CON SALDO,CERRADO CON SALDO,RECUPERACION,CÓRDOBA,TIERRALTA,REDEBAN,0.414918046908598,0.9827850442972013,Crítico,Crítico,Recuperación prioritaria,91,90,0,0,20506453.13640977,49422899.99,3865.0,999.0,0.9884579998,0.9884579998,100.0,"3865 días sin compensar | 999 días sin transacciones | consumo cupo 99% | saldo expuesto $49,422,900 | mora operativa Mayor a 60",Bloqueo/validación inmediata + gestión prioritaria,Enviar a recuperación/cartera prioritaria; no mezclar con alerta preventiva.
2026-05-02,43535,2026-04-30,BARRIO SOLEDAD 2000 SOLEDAD 2,CERRADO CON SALDO,CERRADO CON SALDO,RECUPERACION,ATLÁNTICO,SOLEDAD,REDEBAN,0.4810899897024346,0.9870527099816729,Crítico,Crítico,Recuperación prioritaria,92,91,0,0,20446324.56235347,42500000.0,540.0,529.0,1.0,1.0,100.0,"540 días sin compensar | 529 días sin transacciones | consumo cupo 100% | saldo expuesto $42,500,000 | mora operativa Mayor a 60 | aparece en castigados: Inactividad",Bloqueo/validación inmediata + gestión prioritaria,Enviar a recuperación/cartera prioritaria; no mezclar con alerta preventiva.
2026-05-02,37428,2026-04-30,BARRIO BUCARICA FLORIDABLANCA 1,CERRADO CON SALDO,CERRADO CON SALDO,RECUPERACION,SANTANDER,FLORIDABLANCA,REDEBAN,0.46356752545065616,0.9860462416229492,Crítico,Crítico,Recuperación prioritaria,93,92,0,0,20401118.19491155,44008946.0,837.0,872.0,0.9779765777777778,0.9779765777777778,100.0,"837 días sin compensar | 872 días sin transacciones | consumo cupo 98% | saldo expuesto $44,008,946 | mora operativa Mayor a 60",Bloqueo/validación inmediata + gestión prioritaria,Enviar a recuperación/cartera prioritaria; no mezclar con alerta preventiva.
2026-05-02,14689,2026-04-30,BARRIO FATIMA BOGOTA,CERRADO CON SALDO,CERRADO CON SALDO,RECUPERACION,CUNDINAMARCA,BOGOTÁ,REDEBAN,0.5128308980632498,0.9886924159424131,Crítico,Crítico,Recuperación prioritaria,94,93,0,0,20382724.018019326,39745506.94,4039.0,999.0,0.9936376735,0.9936376735,100.0,"4039 días sin compensar | 999 días sin transacciones | consumo cupo 99% | saldo expuesto $39,745,507 | mora operativa Mayor a 60",Bloqueo/validación inmediata + gestión prioritaria,Enviar a recuperación/cartera prioritaria; no mezclar con alerta preventiva.
2026-05-02,39460,2026-04-30,BARRIO EL SALVADOR MEDELLIN 2,CERRADO CON SALDO,CERRADO CON SALDO,RECUPERACION,ANTIOQUIA,MEDELLÍN,REDEBAN,0.5464965392176659,0.9902124608380193,Crítico,Crítico,Recuperación prioritaria,95,94,0,0,20381241.874807473,37294365.86,234.0,241.0,1.286012615862069,1.286012615862069,100.0,"234 días sin compensar | 241 días sin transacciones | consumo cupo 129% | saldo expuesto $37,294,366 | mora operativa Mayor a 60 | aparece en castigados: Inactividad",Bloqueo/validación inmediata + gestión prioritaria,Enviar a recuperación/cartera prioritaria; no mezclar con alerta preventiva.
2026-05-02,33110,2026-04-30,BARRIO CENTRO SAMACA,CERRADO CON SALDO,CERRADO CON SALDO,RECUPERACION,BOYACÁ,SAMACÁ,REDEBAN,0.45576347869272255,0.9855718928060043,Crítico,Crítico,Recuperación prioritaria,96,95,0,0,20202092.653688326,44325826.0,1250.0,1152.0,1.2312729444444444,1.2312729444444444,100.0,"1250 días sin compensar | 1152 días sin transacciones | consumo cupo 123% | saldo expuesto $44,325,826 | mora operativa Mayor a 60",Bloqueo/validación inmediata + gestión prioritaria,Enviar a recuperación/cartera prioritaria; no mezclar con alerta preventiva.
2026-05-02,33589,2026-04-30,BARRIO EL PROVENIR CARTAGENA,CERRADO CON SALDO,CERRADO CON SALDO,RECUPERACION,BOLÍVAR,TURBACO,REDEBAN,0.4283563969504369,0.9837629364447573,Crítico,Crítico,Recuperación prioritaria,97,96,0,0,20175899.300668396,47100730.71,1386.0,999.0,1.0466829046666666,1.0466829046666666,100.0,"1386 días sin compensar | 999 días sin transacciones | consumo cupo 105% | saldo expuesto $47,100,731 | mora operativa Mayor a 60",Bloqueo/validación inmediata + gestión prioritaria,Enviar a recuperación/cartera prioritaria; no mezclar con alerta preventiva.
2026-05-02,37472,2026-04-30,BARRIO LA CEIBA GIRARDOTA,CERRADO CON SALDO,CERRADO CON SALDO,RECUPERACION,ANTIOQUIA,GIRARDOTA,REDEBAN,0.5064434787626562,0.9883798370762651,Crítico,Crítico,Recuperación prioritaria,98,97,0,0,20170161.399054255,39827073.0,421.0,693.0,0.8850460666666666,0.8850460666666666,100.0,"421 días sin compensar | 693 días sin transacciones | consumo cupo 89% | saldo expuesto $39,827,073 | mora operativa Mayor a 60 | aparece en castigados: Inactividad",Bloqueo/validación inmediata + gestión prioritaria,Enviar a recuperación/cartera prioritaria; no mezclar con alerta preventiva.
2026-05-02,68662,2026-04-30,BARRIO CIUDADELA LA PALMA  EL CARMEN DE VIBORAL,CERRADO CON SALDO,CERRADO CON SALDO,RECUPERACION,ANTIOQUIA,EL CARMEN DE VIBORAL,REDEBAN,0.505228024146008,0.9883194119933241,Crítico,Crítico,Recuperación prioritaria,99,98,0,0,20141494.679124303,39866147.0,800.0,843.0,0.9723450487804878,0.9723450487804878,100.0,"800 días sin compensar | 843 días sin transacciones | consumo cupo 97% | saldo expuesto $39,866,147 | mora operativa Mayor a 60 | aparece en castigados: Inactividad",Bloqueo/validación inmediata + gestión prioritaria,Enviar a recuperación/cartera prioritaria; no mezclar con alerta preventiva.
2026-05-02,40172,2026-04-30,BARRIO SAN CAYETANO CALI 1,CERRADO CON SALDO,CERRADO CON SALDO,RECUPERACION,VALLE DEL CAUCA,CALI,REDEBAN,0.5478321319977993,0.9902686806577886,Crítico,Crítico,Recuperación prioritaria,100,99,0,0,20105416.290152907,36699958.1,1592.0,999.0,1.0124126372413793,1.0124126372413793,100.0,"1592 días sin compensar | 999 días sin transacciones | consumo cupo 101% | saldo expuesto $36,699,958 | mora operativa Mayor a 60",Bloqueo/validación inmediata + gestión prioritaria,Enviar a recuperación/cartera prioritaria; no mezclar con alerta preventiva.
2026-05-02,24427,2026-04-30,BARRIO VALLE GRANDE IV - CALI,CERRADO CON SALDO,CERRADO CON SALDO,RECUPERACION,VALLE DEL CAUCA,CALI,REDEBAN,0.5517414734486885,0.9904315739141196,Crítico,Crítico,Recuperación prioritaria,101,100,0,0,20058755.33677294,36355351.74,372.0,464.0,0.8078967053333334,0.8078967053333334,100.0,"372 días sin compensar | 464 días sin transacciones | consumo cupo 81% | saldo expuesto $36,355,352 | mora operativa Mayor a 60 | aparece en castigados: Seguridad y Riesgos",Bloqueo/validación inmediata + gestión prioritaria,Enviar a recuperación/cartera prioritaria; no mezclar con alerta preventiva.
2026-05-02,66044,2026-04-30,BARRIO BELLA VISTA BOGOTA 3,CERRADO CON SALDO,CERRADO CON SALDO,RECUPERACION,CUNDINAMARCA,BOGOTÁ,REDEBAN,0.6074695281435374,0.99251090379643,Crítico,Crítico,Recuperación prioritaria,102,101,0,0,20046058.265615527,32999282.0,651.0,633.0,0.9999782424242424,0.9999782424242424,100.0,"651 días sin compensar | 633 días sin transacciones | consumo cupo 100% | saldo expuesto $32,999,282 | mora operativa Mayor a 60 | aparece en castigados: Inactividad",Bloqueo/validación inmediata + gestión prioritaria,Enviar a recuperación/cartera prioritaria; no mezclar con alerta preventiva.
2026-05-02,36685,2026-04-30,BARRIO LOS PARQUES CALI,CERRADO CON SALDO,CERRADO CON SALDO,RECUPERACION,VALLE DEL CAUCA,CALI,REDEBAN,0.5496690498788088,0.9903455280899806,Crítico,Crítico,Recuperación prioritaria,103,102,0,0,19961819.14256326,36316069.0,578.0,578.0,0.8544957411764705,0.8544957411764705,100.0,"578 días sin compensar | 578 días sin transacciones | consumo cupo 85% | saldo expuesto $36,316,069 | mora operativa Mayor a 60 | aparece en castigados: Confidencial",Bloqueo/validación inmediata + gestión prioritaria,Enviar a recuperación/cartera prioritaria; no mezclar con alerta preventiva.
2026-05-02,28446,2026-04-30,BARRIO CONJUNTO MONTEREY IBAGUÉ,CERRADO CON SALDO,CERRADO CON SALDO,RECUPERACION,TOLIMA,IBAGUÉ,REDEBAN,0.5935427400345527,0.9920305089184703,Crítico,Crítico,Recuperación prioritaria,104,103,0,0,19922494.74394928,33565392.01,939.0,893.0,0.8950771202666666,0.8950771202666666,100.0,"939 días sin compensar | 893 días sin transacciones | consumo cupo 90% | saldo expuesto $33,565,392 | mora operativa Mayor a 60",Bloqueo/validación inmediata + gestión prioritaria,Enviar a recuperación/cartera prioritaria; no mezclar con alerta preventiva.
2026-05-02,11482,2026-04-30,SAN JOSE DE URE - CORDOBA,CERRADO CON SALDO,CERRADO CON SALDO,RECUPERACION,CÓRDOBA,SAN JOSÉ DE URÉ,REDEBAN,0.3802979762426472,0.9799356651146879,Crítico,Crítico,Recuperación prioritaria,105,104,0,0,19909779.326283768,52353103.54,2797.0,999.0,0.8725517256666666,0.8725517256666666,100.0,"2797 días sin compensar | 999 días sin transacciones | consumo cupo 87% | saldo expuesto $52,353,104 | mora operativa Mayor a 60",Bloqueo/validación inmediata + gestión prioritaria,Enviar a recuperación/cartera prioritaria; no mezclar con alerta preventiva.
2026-05-02,28066,2026-04-30,BARRIO BOSA SAN ANTONIO BOGOTA,CERRADO CON SALDO,CERRADO CON SALDO,RECUPERACION,CUNDINAMARCA,BOGOTÁ,REDEBAN,0.5853279917542514,0.991735589394925,Crítico,Crítico,Recuperación prioritaria,106,105,0,0,19863612.733217373,33935866.75,290.0,274.0,0.9695961928571428,0.9695961928571428,100.0,"290 días sin compensar | 274 días sin transacciones | consumo cupo 97% | saldo expuesto $33,935,867 | mora operativa Mayor a 60 | aparece en castigados: Inactividad",Bloqueo/validación inmediata + gestión prioritaria,Enviar a recuperación/cartera prioritaria; no mezclar con alerta preventiva.
2026-05-02,11481,2026-04-30,AMAGA - ANTIOQUIA,CERRADO CON SALDO,CERRADO CON SALDO,RECUPERACION,ANTIOQUIA,AMAGÁ,REDEBAN,0.3678536056336228,0.978776205818271,Crítico,Crítico,Recuperación prioritaria,107,106,0,0,19861662.84977854,53993389.07,2682.0,999.0,0.9998775753703704,0.9998775753703704,100.0,"2682 días sin compensar | 999 días sin transacciones | consumo cupo 100% | saldo expuesto $53,993,389 | mora operativa Mayor a 60",Bloqueo/validación inmediata + gestión prioritaria,Enviar a recuperación/cartera prioritaria; no mezclar con alerta preventiva.
2026-05-02,10467,2026-04-30,RESTREPO - META,CERRADO CON SALDO,CERRADO CON SALDO,RECUPERACION,META,RESTREPO,REDEBAN,0.39706352380582693,0.9813795983748107,Crítico,Crítico,Recuperación prioritaria,108,107,0,0,19853156.73417868,49999951.0,2248.0,999.0,0.99999902,0.99999902,100.0,"2248 días sin compensar | 999 días sin transacciones | consumo cupo 100% | saldo expuesto $49,999,951 | mora operativa Mayor a 60",Bloqueo/validación inmediata + gestión prioritaria,Enviar a recuperación/cartera prioritaria; no mezclar con alerta preventiva.
2026-05-02,43647,2026-04-30,BARRIO PABLO SEXTO MEDELLIN,CERRADO CON SALDO,CERRADO CON SALDO,RECUPERACION,ANTIOQUIA,MEDELLÍN,REDEBAN,0.5326221741218551,0.9896106904845554,Crítico,Crítico,Recuperación prioritaria,109,108,0,0,19837230.93162062,37244470.65,1.0,274.0,0.8276549033333332,0.8276549033333332,90.0,"274 días sin transacciones | consumo cupo 83% | saldo expuesto $37,244,471 | mora operativa Mayor a 60 | aparece en castigados: Inactividad",Bloqueo/validación inmediata + gestión prioritaria,Enviar a recuperación/cartera prioritaria; no mezclar con alerta preventiva.
2026-05-02,33925,2026-04-30,BARRIO LA PRADERA JAMUNDI 1,CERRADO CON SALDO,CERRADO CON SALDO,RECUPERACION,VALLE DEL CAUCA,JAMUNDÍ,REDEBAN,0.4766261639720612,0.986803672240491,Crítico,Crítico,Recuperación prioritaria,110,109,0,0,19781540.154255178,41503261.15,1442.0,999.0,0.9222946922222222,0.9222946922222222,100.0,"1442 días sin compensar | 999 días sin transacciones | consumo cupo 92% | saldo expuesto $41,503,261 | mora operativa Mayor a 60",Bloqueo/validación inmediata + gestión prioritaria,Enviar a recuperación/cartera prioritaria; no mezclar con alerta preventiva.
2026-05-02,12957,2026-04-30,LA DORADA II - CALDAS,CERRADO CON SALDO,CERRADO CON SALDO,RECUPERACION,CALDAS,LA DORADA,REDEBAN,0.4379288390646984,0.9844215427434234,Crítico,Crítico,Recuperación prioritaria,111,110,0,0,19705920.148517944,44997996.0,1488.0,999.0,0.9999554666666667,0.9999554666666667,100.0,"1488 días sin compensar | 999 días sin transacciones | consumo cupo 100% | saldo expuesto $44,997,996 | mora operativa Mayor a 60",Bloqueo/validación inmediata + gestión prioritaria,Enviar a recuperación/cartera prioritaria; no mezclar con alerta preventiva.
2026-05-02,10104,2026-04-30,LA CEJA III,CERRADO CON SALDO,CERRADO CON SALDO,RECUPERACION,ANTIOQUIA,LA CEJA,REDEBAN,0.49380726257229796,0.987736316202778,Crítico,Crítico,Recuperación prioritaria,112,111,0,0,19647387.56945285,39787563.0,4588.0,999.0,0.994689075,0.994689075,100.0,"4588 días sin compensar | 999 días sin transacciones | consumo cupo 99% | saldo expuesto $39,787,563 | mora operativa Mayor a 60",Bloqueo/validación inmediata + gestión prioritaria,Enviar a recuperación/cartera prioritaria; no mezclar con alerta preventiva.
2026-05-02,42313,2026-04-30,BARRIO LA CUMBRE FLORIDABLANCA 1,CERRADO CON SALDO,CERRADO CON SALDO,RECUPERACION,SANTANDER,FLORIDABLANCA,REDEBAN,0.4825418963008376,0.9871326705083141,Crítico,Crítico,Recuperación prioritaria,113,112,0,0,19637422.712976873,40695788.0,436.0,849.0,0.9689473333333334,0.9689473333333334,100.0,"436 días sin compensar | 849 días sin transacciones | consumo cupo 97% | saldo expuesto $40,695,788 | mora operativa Mayor a 60",Bloqueo/validación inmediata + gestión prioritaria,Enviar a recuperación/cartera prioritaria; no mezclar con alerta preventiva.
2026-05-02,80052,2026-04-30,BARRIO VILLA LAURA PUERTO RICO,CERRADO CON SALDO,CERRADO CON SALDO,RECUPERACION,CAQUETÁ,PUERTO RICO,REDEBAN,0.32852664818505123,0.9745192620777032,Crítico,Crítico,Recuperación prioritaria,114,113,0,0,19581943.549710307,59605343.0,137.0,133.0,5.9605343,5.9605343,100.0,"137 días sin compensar | 133 días sin transacciones | consumo cupo 596% | saldo expuesto $59,605,343 | mora operativa Mayor a 60",Bloqueo/validación inmediata + gestión prioritaria,Enviar a recuperación/cartera prioritaria; no mezclar con alerta preventiva.
2026-05-02,63547,2026-04-30,BARRIO CENTRO FLORENCIA 29,CERRADO CON SALDO,CERRADO CON SALDO,RECUPERACION,CAQUETÁ,FLORENCIA,REDEBAN,0.5663646388109269,0.991019657460198,Crítico,Crítico,Recuperación prioritaria,115,114,0,0,19578068.424100187,34567956.9,917.0,917.0,0.9876559114285713,0.9876559114285713,100.0,"917 días sin compensar | 917 días sin transacciones | consumo cupo 99% | saldo expuesto $34,567,957 | mora operativa Mayor a 60",Bloqueo/validación inmediata + gestión prioritaria,Enviar a recuperación/cartera prioritaria; no mezclar con alerta preventiva.
2026-05-02,15416,2026-04-30,PUERTO SALGAR III,CERRADO CON SALDO,CERRADO CON SALDO,RECUPERACION,CUNDINAMARCA,PUERTO SALGAR,REDEBAN,0.4402955920617455,0.9845797903700949,Crítico,Crítico,Recuperación prioritaria,116,115,0,0,19572618.460333917,44453360.0,3591.0,999.0,0.9878524444444444,0.9878524444444444,100.0,"3591 días sin compensar | 999 días sin transacciones | consumo cupo 99% | saldo expuesto $44,453,360 | mora operativa Mayor a 60",Bloqueo/validación inmediata + gestión prioritaria,Enviar a recuperación/cartera prioritaria; no mezclar con alerta preventiva.
2026-05-02,46462,2026-04-30,BARRIO LA PRIMAVERA FLORENCIA 1,CERRADO CON SALDO,CERRADO CON SALDO,RECUPERACION,CAQUETÁ,FLORENCIA,REDEBAN,0.5653022009932775,0.9909780243259291,Crítico,Crítico,Recuperación prioritaria,117,116,0,0,19538978.647438623,34563776.0,1172.0,1199.0,0.9932119540229885,0.9932119540229885,100.0,"1172 días sin compensar | 1199 días sin transacciones | consumo cupo 99% | saldo expuesto $34,563,776 | mora operativa Mayor a 60",Bloqueo/validación inmediata + gestión prioritaria,Enviar a recuperación/cartera prioritaria; no mezclar con alerta preventiva.
2026-05-02,66321,2026-04-30,BARRIO MOTILONES CUCUTA 17,CERRADO CON SALDO,CERRADO CON SALDO,RECUPERACION,NORTE DE SANTANDER,CÚCUTA,REDEBAN,0.5651121992408168,0.9909705612000813,Crítico,Crítico,Recuperación prioritaria,118,117,0,0,19206979.742137954,33987905.0,393.0,332.0,0.9996442647058823,0.9996442647058823,100.0,"393 días sin compensar | 332 días sin transacciones | consumo cupo 100% | saldo expuesto $33,987,905 | mora operativa Mayor a 60 | aparece en castigados: Inactividad",Bloqueo/validación inmediata + gestión prioritaria,Enviar a recuperación/cartera prioritaria; no mezclar con alerta preventiva.
2026-05-02,26526,2026-04-30,BARRIO SAN RAFAEL FACATATIVA,CERRADO CON SALDO,CERRADO CON SALDO,RECUPERACION,CUNDINAMARCA,FACATATIVÁ,REDEBAN,0.4546207166676724,0.9855010045593174,Crítico,Crítico,Recuperación prioritaria,119,118,0,0,19180931.302577123,42191063.01,1218.0,1193.0,1.205458943142857,1.205458943142857,100.0,"1218 días sin compensar | 1193 días sin transacciones | consumo cupo 121% | saldo expuesto $42,191,063 | mora operativa Mayor a 60",Bloqueo/validación inmediata + gestión prioritaria,Enviar a recuperación/cartera prioritaria; no mezclar con alerta preventiva.
2026-05-02,63128,2026-04-30,BARRIO LA CIENAGA SANTO TOMAS,CERRADO CON SALDO,CERRADO CON SALDO,RECUPERACION,ATLÁNTICO,SANTO TOMÁS,REDEBAN,0.508633081249633,0.9884879223360704,Crítico,Crítico,Recuperación prioritaria,120,119,0,0,19120272.33566628,37591484.0,231.0,235.0,0.9892495789473684,0.9892495789473684,100.0,"231 días sin compensar | 235 días sin transacciones | consumo cupo 99% | saldo expuesto $37,591,484 | mora operativa Mayor a 60 | aparece en castigados: Inactividad",Bloqueo/validación inmediata + gestión prioritaria,Enviar a recuperación/cartera prioritaria; no mezclar con alerta preventiva.
2026-05-02,51483,2026-04-30,BARRIO PARQUE PRINCIPAL ARMENIA,CERRADO CON SALDO,CERRADO CON SALDO,RECUPERACION,ANTIOQUIA,ARMENIA,REDEBAN,0.5079435490614833,0.988453991043155,Crítico,Crítico,Recuperación prioritaria,121,120,0,0,19006699.245263446,37418920.43,141.0,374.0,0.93547301075,0.93547301075,100.0,"141 días sin compensar | 374 días sin transacciones | consumo cupo 94% | saldo expuesto $37,418,920 | mora operativa Mayor a 60 | aparece en castigados: Confidencial",Bloqueo/validación inmediata + gestión prioritaria,Enviar a recuperación/cartera prioritaria; no mezclar con alerta preventiva.
2026-05-02,55726,2026-04-30,BARRIO GALICIA 3 SOACHA,CERRADO CON SALDO,CERRADO CON SALDO,RECUPERACION,CUNDINAMARCA,SOACHA,REDEBAN,0.5831436261318664,0.9916556644447481,Crítico,Crítico,Recuperación prioritaria,122,121,0,0,19003504.89841218,32588035.0,190.0,689.0,0.9875162121212121,0.9875162121212121,100.0,"190 días sin compensar | 689 días sin transacciones | consumo cupo 99% | saldo expuesto $32,588,035 | mora operativa Mayor a 60 | aparece en castigados: Inactividad",Bloqueo/validación inmediata + gestión prioritaria,Enviar a recuperación/cartera prioritaria; no mezclar con alerta preventiva.
2026-05-02,11187,2026-04-30,TAME - ARAUCA,CERRADO CON SALDO,CERRADO CON SALDO,RECUPERACION,ARAUCA,TAME,REDEBAN,0.4227275752496031,0.9833611832176389,Crítico,Crítico,Recuperación prioritaria,123,122,0,0,18995779.642755676,44936220.76,4250.0,999.0,0.9985826835555555,0.9985826835555555,100.0,"4250 días sin compensar | 999 días sin transacciones | consumo cupo 100% | saldo expuesto $44,936,221 | mora operativa Mayor a 60",Bloqueo/validación inmediata + gestión prioritaria,Enviar a recuperación/cartera prioritaria; no mezclar con alerta preventiva.
2026-05-02,67061,2026-04-30,BARRIO VEREDA PALO ALTO SAN MARCOS,CERRADO CON SALDO,CERRADO CON SALDO,RECUPERACION,SUCRE,SAN MARCOS,REDEBAN,0.6270591778662796,0.9931476867801996,Crítico,Crítico,Recuperación prioritaria,124,123,0,0,18917823.584149133,30169120.0,183.0,241.0,0.8380311111111111,0.8380311111111111,100.0,"183 días sin compensar | 241 días sin transacciones | consumo cupo 84% | saldo expuesto $30,169,120 | mora operativa Mayor a 60 | aparece en castigados: Inactividad",Bloqueo/validación inmediata + gestión prioritaria,Enviar a recuperación/cartera prioritaria; no mezclar con alerta preventiva.
2026-05-02,30561,2026-04-30,BARRIO NIQUIA 19,CERRADO CON SALDO,CERRADO CON SALDO,RECUPERACION,ANTIOQUIA,BELLO,REDEBAN,0.544603584483915,0.9901322769796793,Crítico,Crítico,Recuperación prioritaria,125,124,0,0,18861293.916639373,34633069.73,368.0,415.0,0.8658267432499999,0.8658267432499999,100.0,"368 días sin compensar | 415 días sin transacciones | consumo cupo 87% | saldo expuesto $34,633,070 | mora operativa Mayor a 60 | aparece en castigados: Inactividad",Bloqueo/validación inmediata + gestión prioritaria,Enviar a recuperación/cartera prioritaria; no mezclar con alerta preventiva.
2026-05-02,33470,2026-04-30,BARRIO CIUDAD VERDE SOACHA 2,CERRADO CON SALDO,CERRADO CON SALDO,RECUPERACION,CUNDINAMARCA,SOACHA,REDEBAN,0.45933109602696337,0.9857908311330619,Crítico,Crítico,Recuperación prioritaria,126,125,0,0,18855844.19109913,41050659.0,1437.0,999.0,4.1050659,4.1050659,100.0,"1437 días sin compensar | 999 días sin transacciones | consumo cupo 411% | saldo expuesto $41,050,659 | mora operativa Mayor a 60",Bloqueo/validación inmediata + gestión prioritaria,Enviar a recuperación/cartera prioritaria; no mezclar con alerta preventiva.
2026-05-02,64279,2026-04-30,BARRIO VEREDA SAN MARCOS ACEVEDO,CERRADO CON SALDO,CERRADO CON SALDO,RECUPERACION,HUILA,ACEVEDO,REDEBAN,0.5362403177544685,0.9897708082866792,Crítico,Crítico,Recuperación prioritaria,127,126,0,0,18766044.156643827,34995586.0,266.0,266.0,0.9998738857142857,0.9998738857142857,100.0,"266 días sin compensar | 266 días sin transacciones | consumo cupo 100% | saldo expuesto $34,995,586 | mora operativa Mayor a 60 | aparece en castigados: Inactividad",Bloqueo/validación inmediata + gestión prioritaria,Enviar a recuperación/cartera prioritaria; no mezclar con alerta preventiva.
2026-05-02,62369,2026-04-30,BARRIO LA LIBERTAD MEDELLIN,CERRADO CON SALDO,CERRADO CON SALDO,RECUPERACION,ANTIOQUIA,MEDELLÍN,REDEBAN,0.6047890156068216,0.9924202953435829,Crítico,Crítico,Recuperación prioritaria,128,127,0,0,18615760.91153013,30780587.0,304.0,577.0,0.9053113823529412,0.9053113823529412,100.0,"304 días sin compensar | 577 días sin transacciones | consumo cupo 91% | saldo expuesto $30,780,587 | mora operativa Mayor a 60 | aparece en castigados: Inactividad",Bloqueo/validación inmediata + gestión prioritaria,Enviar a recuperación/cartera prioritaria; no mezclar con alerta preventiva.
2026-05-02,67755,2026-04-30,BARRIO LA ANTONIA VILLAVICENCIO 1,CERRADO CON SALDO,CERRADO CON SALDO,RECUPERACION,META,VILLAVICENCIO,REDEBAN,0.5639063801233235,0.9909230722406485,Crítico,Crítico,Recuperación prioritaria,129,128,0,0,18608877.273593247,32999941.0,281.0,274.0,0.9999982121212121,0.9999982121212121,100.0,"281 días sin compensar | 274 días sin transacciones | consumo cupo 100% | saldo expuesto $32,999,941 | mora operativa Mayor a 60 | aparece en castigados: Inactividad",Bloqueo/validación inmediata + gestión prioritaria,Enviar a recuperación/cartera prioritaria; no mezclar con alerta preventiva.
2026-05-02,12600,2026-04-30,BARRIO PICACHO - MEDELLÍN,CERRADO CON SALDO,CERRADO CON SALDO,RECUPERACION,ANTIOQUIA,MEDELLÍN,REDEBAN,0.5833406826031001,0.9916629010260868,Crítico,Crítico,Recuperación prioritaria,130,129,0,0,18542947.898321006,31787510.2,24.0,265.0,1.0172003264,1.0172003264,100.0,"265 días sin transacciones | consumo cupo 102% | saldo expuesto $31,787,510 | mora operativa Mayor a 60 | aparece en castigados: Inactividad",Bloqueo/validación inmediata + gestión prioritaria,Enviar a recuperación/cartera prioritaria; no mezclar con alerta preventiva.
2026-05-02,18742,2026-04-30,MILAN CAQUETA,CERRADO CON SALDO,CERRADO CON SALDO,RECUPERACION,CAQUETÁ,MILÁN,REDEBAN,0.5266884289542162,0.9893430439616917,Crítico,Crítico,Recuperación prioritaria,131,130,0,0,18533885.77466119,35189468.3,3108.0,999.0,0.991252628169014,0.991252628169014,100.0,"3108 días sin compensar | 999 días sin transacciones | consumo cupo 99% | saldo expuesto $35,189,468 | mora operativa Mayor a 60",Bloqueo/validación inmediata + gestión prioritaria,Enviar a recuperación/cartera prioritaria; no mezclar con alerta preventiva.
2026-05-02,62850,2026-04-30,BARRIO FUERA DEL MUNICIPIO DE TIBU TIBU 19,CERRADO CON SALDO,CERRADO CON SALDO,RECUPERACION,NORTE DE SANTANDER,TIBÚ,REDEBAN,0.4684458660406326,0.98633437030904,Crítico,Crítico,Recuperación prioritaria,132,131,0,0,18480148.66051261,39449913.0,731.0,731.0,1.0115362307692308,1.0115362307692308,100.0,"731 días sin compensar | 731 días sin transacciones | consumo cupo 101% | saldo expuesto $39,449,913 | mora operativa Mayor a 60 | aparece en castigados: Malas prácticas",Bloqueo/validación inmediata + gestión prioritaria,Enviar a recuperación/cartera prioritaria; no mezclar con alerta preventiva.
2026-05-02,49778,2026-04-30,BARRIO CENTRO VILLAVICENCIO 9,CERRADO CON SALDO,CERRADO CON SALDO,RECUPERACION,META,VILLAVICENCIO,REDEBAN,0.6130683536671592,0.9926973988128205,Crítico,Crítico,Recuperación prioritaria,133,132,0,0,18421718.281222954,30048392.11,847.0,1032.0,0.6677420468888888,0.6677420468888888,100.0,"847 días sin compensar | 1032 días sin transacciones | saldo expuesto $30,048,392 | mora operativa Mayor a 60",Bloqueo/validación inmediata + gestión prioritaria,Enviar a recuperación/cartera prioritaria; no mezclar con alerta preventiva.
2026-05-02,12084,2026-04-30,BARRIO TOBERIN,CERRADO CON SALDO,CERRADO CON SALDO,RECUPERACION,CUNDINAMARCA,BOGOTÁ,REDEBAN,0.6122775281596919,0.9926712803223307,Crítico,Crítico,Recuperación prioritaria,134,133,0,0,18330597.438206613,29938380.22,1723.0,999.0,0.9979460073333333,0.9979460073333333,100.0,"1723 días sin compensar | 999 días sin transacciones | consumo cupo 100% | saldo expuesto $29,938,380 | mora operativa Mayor a 60",Bloqueo/validación inmediata + gestión prioritaria,Enviar a recuperación/cartera prioritaria; no mezclar con alerta preventiva.
2026-05-02,53463,2026-04-30,BARRIO PLAZA DE TOROS POPAYAN,CERRADO CON SALDO,CERRADO CON SALDO,RECUPERACION,CAUCA,POPAYÁN,REDEBAN,0.5887933331755323,0.9918610783326841,Crítico,Crítico,Recuperación prioritaria,135,134,0,0,18269438.705703653,31028610.0,604.0,779.0,0.8619058333333334,0.8619058333333334,100.0,"604 días sin compensar | 779 días sin transacciones | consumo cupo 86% | saldo expuesto $31,028,610 | mora operativa Mayor a 60 | aparece en castigados: Inactividad",Bloqueo/validación inmediata + gestión prioritaria,Enviar a recuperación/cartera prioritaria; no mezclar con alerta preventiva.
2026-05-02,17901,2026-04-30,BARRIO CENTRO VI - UBATE,CERRADO CON SALDO,CERRADO CON SALDO,RECUPERACION,CUNDINAMARCA,VILLA DE SAN DIEGO DE UBATÉ,REDEBAN,0.48641703112848667,0.987343631906514,Crítico,Crítico,Recuperación prioritaria,136,135,0,0,18240638.66731825,37500000.0,773.0,760.0,1.0,1.0,100.0,"773 días sin compensar | 760 días sin transacciones | consumo cupo 100% | saldo expuesto $37,500,000 | mora operativa Mayor a 60 | aparece en castigados: Inactividad",Bloqueo/validación inmediata + gestión prioritaria,Enviar a recuperación/cartera prioritaria; no mezclar con alerta preventiva.
2026-05-02,21160,2026-04-30,CENTRO SUSA I - CUNDINAMARCA,CERRADO CON SALDO,CERRADO CON SALDO,RECUPERACION,CUNDINAMARCA,SUSA,REDEBAN,0.674266839747345,0.9945174703072099,Crítico,Crítico,Recuperación prioritaria,137,136,0,0,18234946.826215632,27044110.36,21.0,400.0,1.319224895609756,1.319224895609756,100.0,"400 días sin transacciones | consumo cupo 132% | saldo expuesto $27,044,110 | mora operativa Mayor a 60 | aparece en castigados: Inactividad",Bloqueo/validación inmediata + gestión prioritaria,Enviar a recuperación/cartera prioritaria; no mezclar con alerta preventiva.
2026-05-02,40465,2026-04-30,BARRIO SAN FERNANDO BOGOTA 2,CERRADO CON SALDO,CERRADO CON SALDO,RECUPERACION,CUNDINAMARCA,BOGOTÁ,REDEBAN,0.5871428097545728,0.991801507133567,Crítico,Crítico,Recuperación prioritaria,138,137,0,0,18207535.736184444,31010404.0,891.0,917.0,1.0336801333333334,1.0336801333333334,100.0,"891 días sin compensar | 917 días sin transacciones | consumo cupo 103% | saldo expuesto $31,010,404 | mora operativa Mayor a 60",Bloqueo/validación inmediata + gestión prioritaria,Enviar a recuperación/cartera prioritaria; no mezclar con alerta preventiva.
2026-05-02,43219,2026-04-30,BARRIO ALBANIA IBAGUE,CERRADO CON SALDO,CERRADO CON SALDO,RECUPERACION,TOLIMA,IBAGUÉ,REDEBAN,0.5836721643824041,0.991675062327391,Crítico,Crítico,Recuperación prioritaria,139,138,0,0,18202940.073548924,31186925.1,1843.0,999.0,0.9979816032000001,0.9979816032000001,100.0,"1843 días sin compensar | 999 días sin transacciones | consumo cupo 100% | saldo expuesto $31,186,925 | mora operativa Mayor a 60",Bloqueo/validación inmediata + gestión prioritaria,Enviar a recuperación/cartera prioritaria; no mezclar con alerta preventiva.
2026-05-02,30183,2026-04-30,BARRIO VERSALLES 2 SINCELEJO,CERRADO CON SALDO,CERRADO CON SALDO,RECUPERACION,SUCRE,SINCELEJO,REDEBAN,0.3938872980154537,0.981115773477524,Crítico,Crítico,Recuperación prioritaria,140,139,0,0,18180401.56330478,46156354.0,955.0,949.0,1.0256967555555556,1.0256967555555556,100.0,"955 días sin compensar | 949 días sin transacciones | consumo cupo 103% | saldo expuesto $46,156,354 | mora operativa Mayor a 60",Bloqueo/validación inmediata + gestión prioritaria,Enviar a recuperación/cartera prioritaria; no mezclar con alerta preventiva.
2026-05-02,36027,2026-04-30,BARRIO SAN  CRISTOBAL NORTE BOGOTA,CERRADO CON SALDO,CERRADO CON SALDO,RECUPERACION,CUNDINAMARCA,BOGOTÁ,REDEBAN,0.6051797050073884,0.9924335556466916,Crítico,Crítico,Recuperación prioritaria,141,140,0,0,18154497.299797356,29998523.0,600.0,566.0,0.9999507666666667,0.9999507666666667,100.0,"600 días sin compensar | 566 días sin transacciones | consumo cupo 100% | saldo expuesto $29,998,523 | mora operativa Mayor a 60 | aparece en castigados: Inactividad",Bloqueo/validación inmediata + gestión prioritaria,Enviar a recuperación/cartera prioritaria; no mezclar con alerta preventiva.
2026-05-02,68524,2026-04-30,BARRIO URB EL PARQUE SANTA MARTA,CERRADO CON SALDO,CERRADO CON SALDO,RECUPERACION,MAGDALENA,SANTA MARTA,REDEBAN,0.5616503437943342,0.9908336372438957,Crítico,Crítico,Recuperación prioritaria,142,141,0,0,18138024.943248548,32294158.0,414.0,666.0,0.9786108484848485,0.9786108484848485,100.0,"414 días sin compensar | 666 días sin transacciones | consumo cupo 98% | saldo expuesto $32,294,158 | mora operativa Mayor a 60 | aparece en castigados: Inactividad",Bloqueo/validación inmediata + gestión prioritaria,Enviar a recuperación/cartera prioritaria; no mezclar con alerta preventiva.
2026-05-02,63454,2026-04-30,BARRIO CENTRO PUERTO LOPEZ 2,CERRADO CON SALDO,CERRADO CON SALDO,RECUPERACION,META,PUERTO LÓPEZ,REDEBAN,0.5131537602736311,0.9887079976548826,Crítico,Crítico,Recuperación prioritaria,143,142,0,0,18115090.638223037,35301486.69,424.0,504.0,0.9805968525,0.9805968525,100.0,"424 días sin compensar | 504 días sin transacciones | consumo cupo 98% | saldo expuesto $35,301,487 | mora operativa Mayor a 60 | aparece en castigados: Otro",Bloqueo/validación inmediata + gestión prioritaria,Enviar a recuperación/cartera prioritaria; no mezclar con alerta preventiva.
2026-05-02,22298,2026-04-30,CALLE REAL SEGOVIA - ANTIOQUIA,CERRADO CON SALDO,CERRADO CON SALDO,RECUPERACION,ANTIOQUIA,SEGOVIA,REDEBAN,0.5160185965741795,0.9888453558732754,Crítico,Crítico,Recuperación prioritaria,144,143,0,0,18060418.41887871,34999549.51,3388.0,999.0,0.9999871288571428,0.9999871288571428,100.0,"3388 días sin compensar | 999 días sin transacciones | consumo cupo 100% | saldo expuesto $34,999,550 | mora operativa Mayor a 60",Bloqueo/validación inmediata + gestión prioritaria,Enviar a recuperación/cartera prioritaria; no mezclar con alerta preventiva.
2026-05-02,56132,2026-04-30,BARRIO FUERA DEL MUNICIPIO DE SARDINATA SARDINATA 1,CERRADO CON SALDO,CERRADO CON SALDO,RECUPERACION,NORTE DE SANTANDER,SARDINATA,REDEBAN,0.4796345505157256,0.9869720449586824,Crítico,Crítico,Recuperación prioritaria,145,144,0,0,17958973.26216958,37443035.0,735.0,732.0,1.011973918918919,1.011973918918919,100.0,"735 días sin compensar | 732 días sin transacciones | consumo cupo 101% | saldo expuesto $37,443,035 | mora operativa Mayor a 60 | aparece en castigados: Malas prácticas",Bloqueo/validación inmediata + gestión prioritaria,Enviar a recuperación/cartera prioritaria; no mezclar con alerta preventiva.
2026-05-02,17119,2026-04-30,BARRIO JUAN DE APUNDIA JAMUNDI,CERRADO CON SALDO,CERRADO CON SALDO,RECUPERACION,VALLE DEL CAUCA,JAMUNDÍ,REDEBAN,0.46729694437156294,0.9862670783477121,Crítico,Crítico,Recuperación prioritaria,146,145,0,0,17950136.152800266,38412697.47,22.0,210.0,1.010860459736842,1.010860459736842,100.0,"210 días sin transacciones | consumo cupo 101% | saldo expuesto $38,412,697 | mora operativa Mayor a 60 | aparece en castigados: Inactividad",Bloqueo/validación inmediata + gestión prioritaria,Enviar a recuperación/cartera prioritaria; no mezclar con alerta preventiva.
2026-05-02,53201,2026-04-30,BARRIO VILLA SALEN GRANADA,CERRADO CON SALDO,CERRADO CON SALDO,RECUPERACION,META,GRANADA,REDEBAN,0.4403719612293523,0.984584867138475,Crítico,Crítico,Recuperación prioritaria,147,146,0,0,17907616.150773264,40664751.0,171.0,163.0,0.9918231951219513,0.9918231951219513,100.0,"171 días sin compensar | 163 días sin transacciones | consumo cupo 99% | saldo expuesto $40,664,751 | mora operativa Mayor a 60",Bloqueo/validación inmediata + gestión prioritaria,Enviar a recuperación/cartera prioritaria; no mezclar con alerta preventiva.
2026-05-02,68724,2026-04-30,LA CALLE DEL COMANDO,CERRADO CON SALDO,CERRADO CON SALDO,RECUPERACION,ANTIOQUIA,SAN PEDRO DE LOS MILAGROS,REDEBAN,0.4852924361720922,0.9872827736183603,Crítico,Crítico,Recuperación prioritaria,148,147,0,0,17885969.57156698,36856065.0,837.0,893.0,0.9961098648648649,0.9961098648648649,100.0,"837 días sin compensar | 893 días sin transacciones | consumo cupo 100% | saldo expuesto $36,856,065 | mora operativa Mayor a 60",Bloqueo/validación inmediata + gestión prioritaria,Enviar a recuperación/cartera prioritaria; no mezclar con alerta preventiva.
2026-05-02,68395,2026-04-30,BARRIO CENTRO EL PLAYON 1,CERRADO CON SALDO,CERRADO CON SALDO,RECUPERACION,SANTANDER,EL PLAYÓN,REDEBAN,0.5176579860228328,0.988923235814445,Crítico,Crítico,Recuperación prioritaria,149,148,0,0,17864377.097647958,34510000.0,30.0,311.0,1.8654054054054054,1.8654054054054054,100.0,"30 días sin compensar | 311 días sin transacciones | consumo cupo 187% | saldo expuesto $34,510,000 | mora operativa Mayor a 60 | aparece en castigados: Malas prácticas",Bloqueo/validación inmediata + gestión prioritaria,Enviar a recuperación/cartera prioritaria; no mezclar con alerta preventiva.
2026-05-02,41835,2026-04-30,BARRIO 6 DE OCTUBRE ARAUCA,CERRADO CON SALDO,CERRADO CON SALDO,RECUPERACION,ARAUCA,ARAUCA,REDEBAN,0.5023050623830454,0.9881728372223568,Crítico,Crítico,Recuperación prioritaria,150,149,0,0,17790907.92577589,35418532.0,1018.0,1071.0,0.843298380952381,0.843298380952381,100.0,"1018 días sin compensar | 1071 días sin transacciones | consumo cupo 84% | saldo expuesto $35,418,532 | mora operativa Mayor a 60",Bloqueo/validación inmediata + gestión prioritaria,Enviar a recuperación/cartera prioritaria; no mezclar con alerta preventiva.
2026-05-02,29332,2026-04-30,BARRIO CENTRO 15 VILLA DE SAN DIEGO DE UBATÉ,CERRADO CON SALDO,CERRADO CON SALDO,RECUPERACION,CUNDINAMARCA,VILLA DE SAN DIEGO DE UBATÉ,REDEBAN,0.4827864869006227,0.9871460911117628,Crítico,Crítico,Recuperación prioritaria,151,150,0,0,17779457.435098507,36826750.37,92.0,913.0,0.9820466765333332,0.9820466765333332,100.0,"92 días sin compensar | 913 días sin transacciones | consumo cupo 98% | saldo expuesto $36,826,750 | mora operativa Mayor a 60",Bloqueo/validación inmediata + gestión prioritaria,Enviar a recuperación/cartera prioritaria; no mezclar con alerta preventiva.
2026-05-02,58868,2026-04-30,BARRIO BRR VILLA NURIS AGUSTIN CODAZZI,CERRADO CON SALDO,CERRADO CON SALDO,RECUPERACION,CESAR,AGUSTÍN CODAZZI,REDEBAN,0.522002232462826,0.9891271104041911,Crítico,Crítico,Recuperación prioritaria,152,151,0,0,17745704.969596237,33995458.0,126.0,440.0,0.9187961621621622,0.9187961621621622,100.0,"126 días sin compensar | 440 días sin transacciones | consumo cupo 92% | saldo expuesto $33,995,458 | mora operativa Mayor a 60 | aparece en castigados: Inactividad",Bloqueo/validación inmediata + gestión prioritaria,Enviar a recuperación/cartera prioritaria; no mezclar con alerta preventiva.
2026-05-02,21257,2026-04-30,AYACUCHO MEDELLIN,CERRADO CON SALDO,CERRADO CON SALDO,RECUPERACION,ANTIOQUIA,MEDELLÍN,REDEBAN,0.48665420944453036,0.987356429260578,Crítico,Crítico,Recuperación prioritaria,153,152,0,0,17734702.83082769,36442103.01,592.0,999.0,0.8098245113333333,0.8098245113333333,100.0,"592 días sin compensar | 999 días sin transacciones | consumo cupo 81% | saldo expuesto $36,442,103 | mora operativa Mayor a 60",Bloqueo/validación inmediata + gestión prioritaria,Enviar a recuperación/cartera prioritaria; no mezclar con alerta preventiva.
2026-05-02,40006,2026-04-30,BARRIO CALLE PRINCIPAL BOLOMBOLO VENECIA,CERRADO CON SALDO,CERRADO CON SALDO,RECUPERACION,ANTIOQUIA,VENECIA,REDEBAN,0.4770829027473228,0.9868293782862494,Crítico,Crítico,Recuperación prioritaria,154,153,0,0,17677841.82932601,37054025.05,1464.0,999.0,0.8234227788888888,0.8234227788888888,100.0,"1464 días sin compensar | 999 días sin transacciones | consumo cupo 82% | saldo expuesto $37,054,025 | mora operativa Mayor a 60",Bloqueo/validación inmediata + gestión prioritaria,Enviar a recuperación/cartera prioritaria; no mezclar con alerta preventiva.
2026-05-02,65501,2026-04-30,BARRIO 3 7 ETAPA IBAGUE,CERRADO CON SALDO,CERRADO CON SALDO,RECUPERACION,TOLIMA,IBAGUÉ,REDEBAN,0.5893363260293774,0.9918805978027512,Crítico,Crítico,Recuperación prioritaria,155,154,0,0,17677013.44525945,29994780.0,188.0,876.0,0.999826,0.999826,100.0,"188 días sin compensar | 876 días sin transacciones | consumo cupo 100% | saldo expuesto $29,994,780 | mora operativa Mayor a 60",Bloqueo/validación inmediata + gestión prioritaria,Enviar a recuperación/cartera prioritaria; no mezclar con alerta preventiva.
2026-05-02,37406,2026-04-30,BARRIO CENTRO PLANETA RICA 1,CERRADO CON SALDO,CERRADO CON SALDO,RECUPERACION,CÓRDOBA,PLANETA RICA,REDEBAN,0.48406744387919387,0.9872161442649338,Crítico,Crítico,Recuperación prioritaria,156,155,0,0,17600503.114934467,36359609.26,1299.0,999.0,0.8079913168888888,0.8079913168888888,100.0,"1299 días sin compensar | 999 días sin transacciones | consumo cupo 81% | saldo expuesto $36,359,609 | mora operativa Mayor a 60",Bloqueo/validación inmediata + gestión prioritaria,Enviar a recuperación/cartera prioritaria; no mezclar con alerta preventiva.
2026-05-02,39098,2026-04-30,BARRIO SIMON BOLIVAR VALLEDUPAR 1,CERRADO CON SALDO,CERRADO CON SALDO,RECUPERACION,CESAR,VALLEDUPAR,REDEBAN,0.5019759145572322,0.9881562190484462,Crítico,Crítico,Recuperación prioritaria,157,156,0,0,17562701.66449879,34987140.13,1479.0,999.0,0.9996325751428572,0.9996325751428572,100.0,"1479 días sin compensar | 999 días sin transacciones | consumo cupo 100% | saldo expuesto $34,987,140 | mora operativa Mayor a 60",Bloqueo/validación inmediata + gestión prioritaria,Enviar a recuperación/cartera prioritaria; no mezclar con alerta preventiva.
2026-05-02,29364,2026-04-30,BARRIO VENECIA 12 BOGOTÁ,CERRADO CON SALDO,CERRADO CON SALDO,RECUPERACION,CUNDINAMARCA,BOGOTÁ,REDEBAN,0.6081167437126065,0.9925326521168812,Crítico,Crítico,Recuperación prioritaria,158,157,0,0,17539178.458226535,28841795.0,46.0,999.0,0.9613931666666666,0.9613931666666666,100.0,"46 días sin compensar | 999 días sin transacciones | consumo cupo 96% | saldo expuesto $28,841,795 | mora operativa Mayor a 60",Bloqueo/validación inmediata + gestión prioritaria,Enviar a recuperación/cartera prioritaria; no mezclar con alerta preventiva.
2026-05-02,24741,2026-04-30,LORETO MEDELLIN - ANTIOQUIA,CERRADO CON SALDO,CERRADO CON SALDO,RECUPERACION,ANTIOQUIA,MEDELLÍN,REDEBAN,0.5843662803431169,0.9917004798605719,Crítico,Crítico,Recuperación prioritaria,159,158,0,0,17530960.36071205,29999952.0,428.0,428.0,0.9999984,0.9999984,100.0,"428 días sin compensar | 428 días sin transacciones | consumo cupo 100% | saldo expuesto $29,999,952 | mora operativa Mayor a 60 | aparece en castigados: Inactividad",Bloqueo/validación inmediata + gestión prioritaria,Enviar a recuperación/cartera prioritaria; no mezclar con alerta preventiva.
2026-05-02,37914,2026-04-30,BARRIO CENTRO CHINACOTA,CERRADO CON SALDO,CERRADO CON SALDO,RECUPERACION,NORTE DE SANTANDER,CHINÁCOTA,REDEBAN,0.38646828601880673,0.9804820985086766,Crítico,Crítico,Recuperación prioritaria,160,159,0,0,17472751.7875562,45211347.01,1169.0,1187.0,1.0046966002222222,1.0046966002222222,100.0,"1169 días sin compensar | 1187 días sin transacciones | consumo cupo 100% | saldo expuesto $45,211,347 | mora operativa Mayor a 60",Bloqueo/validación inmediata + gestión prioritaria,Enviar a recuperación/cartera prioritaria; no mezclar con alerta preventiva.
2026-05-02,16213,2026-04-30,CLL COMERCIO SAN ONOFRE,CERRADO CON SALDO,CERRADO CON SALDO,RECUPERACION,SUCRE,SAN ONOFRE,REDEBAN,0.3865150308540944,0.9804861696015308,Crítico,Crítico,Recuperación prioritaria,161,160,0,0,17464293.847690597,45183996.62,2360.0,999.0,1.0040888137777777,1.0040888137777777,100.0,"2360 días sin compensar | 999 días sin transacciones | consumo cupo 100% | saldo expuesto $45,183,997 | mora operativa Mayor a 60",Bloqueo/validación inmediata + gestión prioritaria,Enviar a recuperación/cartera prioritaria; no mezclar con alerta preventiva.
2026-05-02,10059,2026-04-30,BARRIO LAS AMERICAS - DUITAMA,CERRADO CON SALDO,CERRADO CON SALDO,RECUPERACION,BOYACÁ,DUITAMA,REDEBAN,0.38148079922325595,0.9800418241341806,Crítico,Crítico,Recuperación prioritaria,162,161,0,0,17438819.581704967,45713492.31,1780.0,999.0,0.9142698462000001,0.9142698462000001,100.0,"1780 días sin compensar | 999 días sin transacciones | consumo cupo 91% | saldo expuesto $45,713,492 | mora operativa Mayor a 60",Bloqueo/validación inmediata + gestión prioritaria,Enviar a recuperación/cartera prioritaria; no mezclar con alerta preventiva.
2026-05-02,64537,2026-04-30,BARRIO P5 MONTERIA 2,CERRADO CON SALDO,CERRADO CON SALDO,RECUPERACION,CÓRDOBA,MONTERÍA,REDEBAN,0.48053520783887127,0.987022022691997,Crítico,Crítico,Recuperación prioritaria,163,162,0,0,17416899.137331866,36244793.0,231.0,231.0,3.6244793,3.6244793,100.0,"231 días sin compensar | 231 días sin transacciones | consumo cupo 362% | saldo expuesto $36,244,793 | mora operativa Mayor a 60 | aparece en castigados: Inactividad",Bloqueo/validación inmediata + gestión prioritaria,Enviar a recuperación/cartera prioritaria; no mezclar con alerta preventiva.
2026-05-02,27849,2026-04-30,BARRIO 20 DE JULIO BOGOTA,CERRADO CON SALDO,CERRADO CON SALDO,RECUPERACION,CUNDINAMARCA,BOGOTÁ,REDEBAN,0.5975389419817213,0.992170825297829,Crítico,Crítico,Recuperación prioritaria,164,163,0,0,17406913.34241315,29131010.75,783.0,863.0,0.6473557944444445,0.6473557944444445,100.0,"783 días sin compensar | 863 días sin transacciones | saldo expuesto $29,131,011 | mora operativa Mayor a 60",Bloqueo/validación inmediata + gestión prioritaria,Enviar a recuperación/cartera prioritaria; no mezclar con alerta preventiva.
2026-05-02,23824,2026-04-30,BARRIO GRAN COLOMBIA - FUSAGASUGÁ,CERRADO CON SALDO,CERRADO CON SALDO,RECUPERACION,CUNDINAMARCA,FUSAGASUGÁ,REDEBAN,0.4997409673713943,0.9880427697866023,Crítico,Crítico,Recuperación prioritaria,165,164,0,0,17404263.75204312,34826569.94,912.0,1179.0,0.9950448554285714,0.9950448554285714,100.0,"912 días sin compensar | 1179 días sin transacciones | consumo cupo 100% | saldo expuesto $34,826,570 | mora operativa Mayor a 60",Bloqueo/validación inmediata + gestión prioritaria,Enviar a recuperación/cartera prioritaria; no mezclar con alerta preventiva.
2026-05-02,11086,2026-04-30,TUCHIN - CORDOBA,CERRADO CON SALDO,CERRADO CON SALDO,RECUPERACION,CÓRDOBA,TUCHÍN,REDEBAN,0.4360896284825903,0.9842973336222512,Crítico,Crítico,Recuperación prioritaria,166,165,0,0,17404067.163786422,39909381.07,3255.0,999.0,0.99773452675,0.99773452675,100.0,"3255 días sin compensar | 999 días sin transacciones | consumo cupo 100% | saldo expuesto $39,909,381 | mora operativa Mayor a 60",Bloqueo/validación inmediata + gestión prioritaria,Enviar a recuperación/cartera prioritaria; no mezclar con alerta preventiva.
2026-05-02,19678,2026-04-30,BARRIO BARRIOS UNIDOS MEDELLIN,CERRADO CON SALDO,CERRADO CON SALDO,RECUPERACION,ANTIOQUIA,MEDELLÍN,REDEBAN,0.5567211627366031,0.9906355383386644,Crítico,Crítico,Recuperación prioritaria,167,166,0,0,17397016.14639881,31249065.62,1943.0,999.0,1.2499626248,1.2499626248,100.0,"1943 días sin compensar | 999 días sin transacciones | consumo cupo 125% | saldo expuesto $31,249,066 | mora operativa Mayor a 60",Bloqueo/validación inmediata + gestión prioritaria,Enviar a recuperación/cartera prioritaria; no mezclar con alerta preventiva.
2026-05-02,66950,2026-04-30,BARRIO CAPELLANIA BOGOTA 1,CERRADO CON SALDO,CERRADO CON SALDO,RECUPERACION,CUNDINAMARCA,BOGOTÁ,REDEBAN,0.5900692132828956,0.9919068823426661,Crítico,Crítico,Recuperación prioritaria,168,167,0,0,17376906.36705385,29448929.0,421.0,667.0,0.9499654516129032,0.9499654516129032,100.0,"421 días sin compensar | 667 días sin transacciones | consumo cupo 95% | saldo expuesto $29,448,929 | mora operativa Mayor a 60 | aparece en castigados: Inactividad",Bloqueo/validación inmediata + gestión prioritaria,Enviar a recuperación/cartera prioritaria; no mezclar con alerta preventiva.
2026-05-02,22012,2026-04-30,BARRIO EL SOSIEGO - MADRID,CERRADO CON SALDO,CERRADO CON SALDO,RECUPERACION,CUNDINAMARCA,MADRID,REDEBAN,0.4623333065192223,0.9859723367741263,Crítico,Crítico,Recuperación prioritaria,169,168,0,0,17337468.942805912,37499935.0,784.0,664.0,0.9999982666666667,0.9999982666666667,100.0,"784 días sin compensar | 664 días sin transacciones | consumo cupo 100% | saldo expuesto $37,499,935 | mora operativa Mayor a 60 | aparece en castigados: Otro",Bloqueo/validación inmediata + gestión prioritaria,Enviar a recuperación/cartera prioritaria; no mezclar con alerta preventiva.
2026-05-02,36061,2026-04-30,BARRIO PALMAR DE VARELA  3,CERRADO CON SALDO,CERRADO CON SALDO,RECUPERACION,ATLÁNTICO,PALMAR DE VARELA,REDEBAN,0.4328897622987391,0.9840786170329698,Crítico,Crítico,Recuperación prioritaria,170,169,0,0,17315590.232215706,39999999.4,557.0,548.0,0.999999985,0.999999985,100.0,"557 días sin compensar | 548 días sin transacciones | consumo cupo 100% | saldo expuesto $39,999,999 | mora operativa Mayor a 60 | aparece en castigados: Inactividad",Bloqueo/validación inmediata + gestión prioritaria,Enviar a recuperación/cartera prioritaria; no mezclar con alerta preventiva.
2026-05-02,63901,2026-04-30,BARRIO CENTRO LENGUAZAQUE 5,CERRADO CON SALDO,CERRADO CON SALDO,RECUPERACION,CUNDINAMARCA,LENGUAZAQUE,REDEBAN,0.5304075800699348,0.9895115418688278,Crítico,Crítico,Recuperación prioritaria,171,170,0,0,17309445.61378357,32634235.0,724.0,814.0,0.8820063513513513,0.8820063513513513,100.0,"724 días sin compensar | 814 días sin transacciones | consumo cupo 88% | saldo expuesto $32,634,235 | mora operativa Mayor a 60 | aparece en castigados: Inactividad",Bloqueo/validación inmediata + gestión prioritaria,Enviar a recuperación/cartera prioritaria; no mezclar con alerta preventiva.
2026-05-02,64896,2026-04-30,BARRIO EDMUNDO LOPEZ MONTERIA 4,CERRADO CON SALDO,CERRADO CON SALDO,RECUPERACION,CÓRDOBA,MONTERÍA,REDEBAN,0.608395651627177,0.9925420088179562,Crítico,Crítico,Recuperación prioritaria,172,171,0,0,17308759.553884577,28449841.0,639.0,637.0,1.01606575,1.01606575,100.0,"639 días sin compensar | 637 días sin transacciones | consumo cupo 102% | saldo expuesto $28,449,841 | mora operativa Mayor a 60 | aparece en castigados: Inactividad",Bloqueo/validación inmediata + gestión prioritaria,Enviar a recuperación/cartera prioritaria; no mezclar con alerta preventiva.
2026-05-02,69019,2026-04-30,BARRIO CENTRO MANIZALES 23,CERRADO CON SALDO,CERRADO CON SALDO,RECUPERACION,CALDAS,MANIZALES,REDEBAN,0.49874874544762143,0.9879920597405438,Crítico,Crítico,Recuperación prioritaria,173,172,0,0,17273366.795580633,34633404.0,366.0,344.0,0.9895258285714286,0.9895258285714286,100.0,"366 días sin compensar | 344 días sin transacciones | consumo cupo 99% | saldo expuesto $34,633,404 | mora operativa Mayor a 60 | aparece en castigados: Inactividad",Bloqueo/validación inmediata + gestión prioritaria,Enviar a recuperación/cartera prioritaria; no mezclar con alerta preventiva.
2026-05-02,37844,2026-04-30,BARRIO PORVENIR USME BOGOTA,CERRADO CON SALDO,CERRADO CON SALDO,RECUPERACION,CUNDINAMARCA,BOGOTÁ,REDEBAN Y CREDIBANCO,0.3843822848583326,0.9802993864064977,Crítico,Crítico,Recuperación prioritaria,174,173,0,0,17258392.569588553,44899032.16,62.0,274.0,0.9977562702222221,0.9977562702222221,100.0,"62 días sin compensar | 274 días sin transacciones | consumo cupo 100% | saldo expuesto $44,899,032 | mora operativa Mayor a 60 | aparece en castigados: Novedad en el establecimiento (Comercio)",Bloqueo/validación inmediata + gestión prioritaria,Enviar a recuperación/cartera prioritaria; no mezclar con alerta preventiva.
2026-05-02,39702,2026-04-30,BARRIO MARIA VALERIA VALLEDUPAR,CERRADO CON SALDO,CERRADO CON SALDO,RECUPERACION,CESAR,VALLEDUPAR,REDEBAN,0.5051048771129599,0.9883132727523177,Crítico,Crítico,Recuperación prioritaria,175,174,0,0,17167517.696042087,33988026.0,270.0,214.0,0.9996478235294117,0.9996478235294117,100.0,"270 días sin compensar | 214 días sin transacciones | consumo cupo 100% | saldo expuesto $33,988,026 | mora operativa Mayor a 60 | aparece en castigados: Inactividad",Bloqueo/validación inmediata + gestión prioritaria,Enviar a recuperación/cartera prioritaria; no mezclar con alerta preventiva.
2026-05-02,64590,2026-04-30,BARRIO AV LOS ESTUDIANTES BELEN,CERRADO CON SALDO,CERRADO CON SALDO,RECUPERACION,NARIÑO,BELÉN,REDEBAN,0.4977656453023539,0.9879416058766801,Crítico,Crítico,Recuperación prioritaria,176,175,0,0,17144745.707297903,34443409.0,262.0,304.0,1.0130414411764705,1.0130414411764705,100.0,"262 días sin compensar | 304 días sin transacciones | consumo cupo 101% | saldo expuesto $34,443,409 | mora operativa Mayor a 60 | aparece en castigados: Inactividad",Bloqueo/validación inmediata + gestión prioritaria,Enviar a recuperación/cartera prioritaria; no mezclar con alerta preventiva.
2026-05-02,59142,2026-04-30,BARRIO LOS PUENTES SILVANIA SILVANIA,CERRADO CON SALDO,CERRADO CON SALDO,RECUPERACION,CUNDINAMARCA,SILVANIA,REDEBAN,0.38250487932290783,0.9801331901551876,Crítico,Crítico,Recuperación prioritaria,177,176,0,0,17141513.402158104,44813842.46,101.0,69.0,6.401977494285714,6.401977494285714,100.0,"101 días sin compensar | 69 días sin transacciones | consumo cupo 640% | saldo expuesto $44,813,842 | mora operativa Mayor a 60",Bloqueo/validación inmediata + gestión prioritaria,Enviar a recuperación/cartera prioritaria; no mezclar con alerta preventiva.
2026-05-02,38754,2026-04-30,BARRIO FRITO LAY SABANETA,CERRADO CON SALDO,CERRADO CON SALDO,RECUPERACION,ANTIOQUIA,SABANETA,REDEBAN,0.48818665069075196,0.98743879982357,Crítico,Crítico,Recuperación prioritaria,178,177,0,0,17135982.527892474,35101292.72,1215.0,1186.0,1.1700430906666666,1.1700430906666666,100.0,"1215 días sin compensar | 1186 días sin transacciones | consumo cupo 117% | saldo expuesto $35,101,293 | mora operativa Mayor a 60",Bloqueo/validación inmediata + gestión prioritaria,Enviar a recuperación/cartera prioritaria; no mezclar con alerta preventiva.
2026-05-02,11138,2026-04-30,SAN PEDRO - SUCRE,CERRADO CON SALDO,CERRADO CON SALDO,RECUPERACION,SUCRE,SAN PEDRO,REDEBAN,0.42636053705188826,0.9836217433742988,Crítico,Crítico,Recuperación prioritaria,179,178,0,0,17037723.68133746,39960836.43,3643.0,999.0,0.99902091075,0.99902091075,100.0,"3643 días sin compensar | 999 días sin transacciones | consumo cupo 100% | saldo expuesto $39,960,836 | mora operativa Mayor a 60",Bloqueo/validación inmediata + gestión prioritaria,Enviar a recuperación/cartera prioritaria; no mezclar con alerta preventiva.
2026-05-02,52617,2026-04-30,BARRIO PLAYA RICA ITAGUI 4,CERRADO CON SALDO,CERRADO CON SALDO,RECUPERACION,ANTIOQUIA,ITAGÜÍ,REDEBAN,0.5432188318011105,0.9900732435851055,Crítico,Crítico,Recuperación prioritaria,180,179,0,0,17028001.505989864,31346486.0,706.0,814.0,0.8472023243243243,0.8472023243243243,100.0,"706 días sin compensar | 814 días sin transacciones | consumo cupo 85% | saldo expuesto $31,346,486 | mora operativa Mayor a 60 | aparece en castigados: Inactividad",Bloqueo/validación inmediata + gestión prioritaria,Enviar a recuperación/cartera prioritaria; no mezclar con alerta preventiva.
2026-05-02,27615,2026-04-30,CENTRO AGUSTIN CODAZZI II - CESAR,CERRADO CON SALDO,CERRADO CON SALDO,RECUPERACION,CESAR,AGUSTÍN CODAZZI,REDEBAN,0.4770659935805302,0.9868284275291529,Crítico,Crítico,Recuperación prioritaria,181,180,0,0,16985928.499576863,35604987.0,744.0,780.0,0.7912219333333333,0.7912219333333333,100.0,"744 días sin compensar | 780 días sin transacciones | consumo cupo 79% | saldo expuesto $35,604,987 | mora operativa Mayor a 60 | aparece en castigados: Seguridad y Riesgos",Bloqueo/validación inmediata + gestión prioritaria,Enviar a recuperación/cartera prioritaria; no mezclar con alerta preventiva.
2026-05-02,20583,2026-04-30,BARRIO UNIVERSIDAD BUCARMANGA,CERRADO CON SALDO,CERRADO CON SALDO,RECUPERACION,SANTANDER,BUCARAMANGA,REDEBAN,0.5642396706458087,0.9909362199610727,Crítico,Crítico,Recuperación prioritaria,182,181,0,0,16895790.745942492,29944351.0,1310.0,999.0,0.9981450333333334,0.9981450333333334,100.0,"1310 días sin compensar | 999 días sin transacciones | consumo cupo 100% | saldo expuesto $29,944,351 | mora operativa Mayor a 60",Bloqueo/validación inmediata + gestión prioritaria,Enviar a recuperación/cartera prioritaria; no mezclar con alerta preventiva.
2026-05-02,62902,2026-04-30,BARRIO BRISAS DEL RIO EL TARRA,CERRADO CON SALDO,CERRADO CON SALDO,RECUPERACION,NORTE DE SANTANDER,EL TARRA,REDEBAN,0.5206550384572411,0.9890642718447327,Crítico,Crítico,Recuperación prioritaria,183,182,0,0,16883280.93205296,32427000.0,731.0,725.0,1.01334375,1.01334375,100.0,"731 días sin compensar | 725 días sin transacciones | consumo cupo 101% | saldo expuesto $32,427,000 | mora operativa Mayor a 60 | aparece en castigados: Malas prácticas",Bloqueo/validación inmediata + gestión prioritaria,Enviar a recuperación/cartera prioritaria; no mezclar con alerta preventiva.
2026-05-02,43580,2026-04-30,BARRIO CIUDAD BLANCA SAN GIL,CERRADO CON SALDO,CERRADO CON SALDO,RECUPERACION,SANTANDER,SAN GIL,REDEBAN,0.4821262361544001,0.9871098305899122,Crítico,Crítico,Recuperación prioritaria,184,183,0,0,16854952.418619268,34959625.0,1463.0,999.0,1.1653208333333334,1.1653208333333334,100.0,"1463 días sin compensar | 999 días sin transacciones | consumo cupo 117% | saldo expuesto $34,959,625 | mora operativa Mayor a 60",Bloqueo/validación inmediata + gestión prioritaria,Enviar a recuperación/cartera prioritaria; no mezclar con alerta preventiva.
2026-05-02,42999,2026-04-30,BARRIO PRADO CENTRO MEDELLIN 3,CERRADO CON SALDO,CERRADO CON SALDO,RECUPERACION,ANTIOQUIA,MEDELLÍN,REDEBAN,0.5657060937777271,0.9909938711312899,Crítico,Crítico,Recuperación prioritaria,185,184,0,0,16851362.302727032,29788193.0,802.0,794.0,0.9929397666666666,0.9929397666666666,100.0,"802 días sin compensar | 794 días sin transacciones | consumo cupo 99% | saldo expuesto $29,788,193 | mora operativa Mayor a 60 | aparece en castigados: Inactividad",Bloqueo/validación inmediata + gestión prioritaria,Enviar a recuperación/cartera prioritaria; no mezclar con alerta preventiva.
2026-05-02,12083,2026-04-30,SABANAS DE SAN ANGEL - MAGDALENA,CERRADO CON SALDO,CERRADO CON SALDO,RECUPERACION,MAGDALENA,SABANAS DE SAN ÁNGEL,REDEBAN,0.39320114189891736,0.9810582019419568,Crítico,Crítico,Recuperación prioritaria,186,185,0,0,16840774.86696339,42829923.6,2452.0,999.0,0.9771828336755647,0.9771828336755647,100.0,"2452 días sin compensar | 999 días sin transacciones | consumo cupo 98% | saldo expuesto $42,829,924 | mora operativa Mayor a 60",Bloqueo/validación inmediata + gestión prioritaria,Enviar a recuperación/cartera prioritaria; no mezclar con alerta preventiva.
2026-05-02,37705,2026-04-30,BARRIO ZONA ROSA MEDELLIN,CERRADO CON SALDO,CERRADO CON SALDO,RECUPERACION,ANTIOQUIA,MEDELLÍN,REDEBAN,0.6131779887861024,0.9927010139647919,Crítico,Crítico,Recuperación prioritaria,187,186,0,0,16826810.25603019,27441967.2,1288.0,999.0,0.6098214933333334,0.6098214933333334,100.0,"1288 días sin compensar | 999 días sin transacciones | saldo expuesto $27,441,967 | mora operativa Mayor a 60",Bloqueo/validación inmediata + gestión prioritaria,Enviar a recuperación/cartera prioritaria; no mezclar con alerta preventiva.
2026-05-02,13535,2026-04-30,SAN LUIS IV - ANTIOQUIA,CERRADO CON SALDO,CERRADO CON SALDO,RECUPERACION,ANTIOQUIA,SAN LUIS,REDEBAN,0.37706579456506,0.979642079774541,Crítico,Crítico,Recuperación prioritaria,188,187,0,0,16765073.52894477,44461931.5,946.0,999.0,0.9880429222222222,0.9880429222222222,100.0,"946 días sin compensar | 999 días sin transacciones | consumo cupo 99% | saldo expuesto $44,461,932 | mora operativa Mayor a 60",Bloqueo/validación inmediata + gestión prioritaria,Enviar a recuperación/cartera prioritaria; no mezclar con alerta preventiva.
2026-05-02,70280,2026-04-30,BARRIO LA QUINTA SUESCA 1,CERRADO CON SALDO,CERRADO CON SALDO,RECUPERACION,CUNDINAMARCA,SUESCA,REDEBAN,0.4780583236531802,0.9868841042138797,Crítico,Crítico,Recuperación prioritaria,189,188,0,0,16676610.943292044,34884051.0,590.0,753.0,0.850830512195122,0.850830512195122,100.0,"590 días sin compensar | 753 días sin transacciones | consumo cupo 85% | saldo expuesto $34,884,051 | mora operativa Mayor a 60 | aparece en castigados: Inactividad",Bloqueo/validación inmediata + gestión prioritaria,Enviar a recuperación/cartera prioritaria; no mezclar con alerta preventiva.
2026-05-02,42509,2026-04-30,BARRIO EL OBRERO AGUSTIN CODAZZI,CERRADO CON SALDO,CERRADO CON SALDO,RECUPERACION,CESAR,AGUSTÍN CODAZZI,REDEBAN,0.44485685271783093,0.9848798253845932,Crítico,Crítico,Recuperación prioritaria,190,189,0,0,16671657.377464566,37476454.0,832.0,828.0,1.8738227,1.8738227,100.0,"832 días sin compensar | 828 días sin transacciones | consumo cupo 187% | saldo expuesto $37,476,454 | mora operativa Mayor a 60 | aparece en castigados: Inactividad",Bloqueo/validación inmediata + gestión prioritaria,Enviar a recuperación/cartera prioritaria; no mezclar con alerta preventiva.
2026-05-02,36828,2026-04-30,BARRIO SOACHA COMPARTIR SOACHA 3,CERRADO CON SALDO,CERRADO CON SALDO,RECUPERACION,CUNDINAMARCA,SOACHA,REDEBAN,0.5465135055754031,0.9902131768457766,Crítico,Crítico,Recuperación prioritaria,191,190,0,0,16641297.442312129,30449929.0,1092.0,999.0,1.0149976333333333,1.0149976333333333,100.0,"1092 días sin compensar | 999 días sin transacciones | consumo cupo 101% | saldo expuesto $30,449,929 | mora operativa Mayor a 60",Bloqueo/validación inmediata + gestión prioritaria,Enviar a recuperación/cartera prioritaria; no mezclar con alerta preventiva.
2026-05-02,69346,2026-04-30,BARRIO VIRREY BOGOTA 5,CERRADO CON SALDO,CERRADO CON SALDO,RECUPERACION,CUNDINAMARCA,BOGOTÁ,REDEBAN,0.5660356409316963,0.991006783066578,Crítico,Crítico,Recuperación prioritaria,192,191,0,0,16633689.192861622,29386293.0,639.0,609.0,1.013320448275862,1.013320448275862,100.0,"639 días sin compensar | 609 días sin transacciones | consumo cupo 101% | saldo expuesto $29,386,293 | mora operativa Mayor a 60 | aparece en castigados: Inactividad",Bloqueo/validación inmediata + gestión prioritaria,Enviar a recuperación/cartera prioritaria; no mezclar con alerta preventiva.
2026-05-02,40518,2026-04-30,BARRIO KENNEDY CENTRAL BOGOTA 4,CERRADO CON SALDO,CERRADO CON SALDO,RECUPERACION,CUNDINAMARCA,BOGOTÁ,REDEBAN,0.5582661189026467,0.9906980302732776,Crítico,Crítico,Recuperación prioritaria,194,192,0,0,16590831.096342186,29718499.0,236.0,235.0,0.9906166333333334,0.9906166333333334,100.0,"236 días sin compensar | 235 días sin transacciones | consumo cupo 99% | saldo expuesto $29,718,499 | mora operativa Mayor a 60 | aparece en castigados: Asuntos Personales",Bloqueo/validación inmediata + gestión prioritaria,Enviar a recuperación/cartera prioritaria; no mezclar con alerta preventiva.
2026-05-02,10768,2026-04-30,MAICAO V - LA GUAJIRA,CERRADO CON SALDO,CERRADO CON SALDO,RECUPERACION,LA GUAJIRA,MAICAO,REDEBAN,0.45957467942295743,0.985805649927757,Crítico,Crítico,Recuperación prioritaria,195,193,0,0,16565207.089938665,36044647.0,1103.0,1095.0,1.029847057142857,1.029847057142857,100.0,"1103 días sin compensar | 1095 días sin transacciones | consumo cupo 103% | saldo expuesto $36,044,647 | mora operativa Mayor a 60",Bloqueo/validación inmediata + gestión prioritaria,Enviar a recuperación/cartera prioritaria; no mezclar con alerta preventiva.
2026-05-02,43053,2026-04-30,BARRIO CIUDAD VERDA SOACHA,CERRADO CON SALDO,CERRADO CON SALDO,RECUPERACION,CUNDINAMARCA,SOACHA,REDEBAN,0.5520171615721506,0.9904429684673356,Crítico,Crítico,Recuperación prioritaria,196,194,0,0,16560509.531239254,29999990.37,293.0,999.0,0.9999996790000001,0.9999996790000001,100.0,"293 días sin compensar | 999 días sin transacciones | consumo cupo 100% | saldo expuesto $29,999,990 | mora operativa Mayor a 60",Bloqueo/validación inmediata + gestión prioritaria,Enviar a recuperación/cartera prioritaria; no mezclar con alerta preventiva.
2026-05-02,18182,2026-04-30,BARRIO GARUPAL II VALLEDUPAR,CERRADO CON SALDO,CERRADO CON SALDO,RECUPERACION,CESAR,VALLEDUPAR,REDEBAN,0.4765055171887904,0.9867968734045716,Crítico,Crítico,Recuperación prioritaria,197,195,0,0,16541042.850711437,34713224.2,274.0,999.0,0.9918064057142858,0.9918064057142858,100.0,"274 días sin compensar | 999 días sin transacciones | consumo cupo 99% | saldo expuesto $34,713,224 | mora operativa Mayor a 60",Bloqueo/validación inmediata + gestión prioritaria,Enviar a recuperación/cartera prioritaria; no mezclar con alerta preventiva.
2026-05-02,25761,2026-04-30,BARRIO MERCADO CERETE,CERRADO CON SALDO,CERRADO CON SALDO,RECUPERACION,CÓRDOBA,CERETÉ,REDEBAN,0.3640378906785534,0.9784043741683928,Crítico,Crítico,Recuperación prioritaria,198,196,0,0,16539157.238253945,45432515.85,1322.0,999.0,1.0096114633333333,1.0096114633333333,100.0,"1322 días sin compensar | 999 días sin transacciones | consumo cupo 101% | saldo expuesto $45,432,516 | mora operativa Mayor a 60",Bloqueo/validación inmediata + gestión prioritaria,Enviar a recuperación/cartera prioritaria; no mezclar con alerta preventiva.
2026-05-02,37804,2026-04-30,BARRIO TRONCAL SAMPUES,CERRADO CON SALDO,CERRADO CON SALDO,RECUPERACION,SUCRE,SAMPUÉS,REDEBAN,0.46238200631122356,0.9859752607285681,Crítico,Crítico,Recuperación prioritaria,199,197,0,0,16515537.131350694,35718382.0,291.0,658.0,0.8711800487804878,0.8711800487804878,100.0,"291 días sin compensar | 658 días sin transacciones | consumo cupo 87% | saldo expuesto $35,718,382 | mora operativa Mayor a 60 | aparece en castigados: Inactividad",Bloqueo/validación inmediata + gestión prioritaria,Enviar a recuperación/cartera prioritaria; no mezclar con alerta preventiva.
2026-05-02,37981,2026-04-30,BARRIO VILLA ANGELA PUERTO SALGAR,CERRADO CON SALDO,CERRADO CON SALDO,RECUPERACION,CUNDINAMARCA,PUERTO SALGAR,REDEBAN,0.6714064039727189,0.99444047253754,Crítico,Crítico,Recuperación prioritaria,200,198,0,0,16493458.187422369,24565536.0,366.0,410.0,0.8932922181818181,0.8932922181818181,100.0,"366 días sin compensar | 410 días sin transacciones | consumo cupo 89% | saldo expuesto $24,565,536 | mora operativa Mayor a 60 | aparece en castigados: Seguridad y Riesgos",Bloqueo/validación inmediata + gestión prioritaria,Enviar a recuperación/cartera prioritaria; no mezclar con alerta preventiva.
2026-05-02,61480,2026-04-30,BARRIO SAN CRISTOBAL NORTE BOGOTA 9,CERRADO CON SALDO,CERRADO CON SALDO,RECUPERACION,CUNDINAMARCA,BOGOTÁ,REDEBAN,0.5014163316986522,0.9881279137844171,Crítico,Crítico,Recuperación prioritaria,201,199,0,0,16482984.862312702,32872852.0,784.0,822.0,1.9922940606060606,1.9922940606060606,100.0,"784 días sin compensar | 822 días sin transacciones | consumo cupo 199% | saldo expuesto $32,872,852 | mora operativa Mayor a 60 | aparece en castigados: Inactividad",Bloqueo/validación inmediata + gestión prioritaria,Enviar a recuperación/cartera prioritaria; no mezclar con alerta preventiva.
2026-05-02,68312,2026-04-30,SAN JORGE 1 SAN JOSÉ,CERRADO CON SALDO,CERRADO CON SALDO,RECUPERACION,GUAVIARE,SAN JOSÉ DEL GUAVIARE,REDEBAN,0.5330980931637388,0.9896318836051414,Crítico,Crítico,Recuperación prioritaria,202,200,0,0,16482776.779227106,30918844.0,687.0,753.0,0.8833955428571428,0.8833955428571428,100.0,"687 días sin compensar | 753 días sin transacciones | consumo cupo 88% | saldo expuesto $30,918,844 | mora operativa Mayor a 60 | aparece en castigados: Inactividad",Bloqueo/validación inmediata + gestión prioritaria,Enviar a recuperación/cartera prioritaria; no mezclar con alerta preventiva.
2026-05-02,32026,2026-04-30,BARRIO CENTRO FRESNO IBAGUÉ,CERRADO CON SALDO,CERRADO CON SALDO,RECUPERACION,TOLIMA,FRESNO,REDEBAN,0.4318584039231465,0.984007403618548,Crítico,Crítico,Recuperación prioritaria,203,201,0,0,16475886.109664472,38151130.0,1528.0,999.0,1.0900322857142857,1.0900322857142857,100.0,"1528 días sin compensar | 999 días sin transacciones | consumo cupo 109% | saldo expuesto $38,151,130 | mora operativa Mayor a 60",Bloqueo/validación inmediata + gestión prioritaria,Enviar a recuperación/cartera prioritaria; no mezclar con alerta preventiva.
2026-05-02,10356,2026-04-30,SAN LUIS III - ANTIOQUIA,CERRADO CON SALDO,CERRADO CON SALDO,RECUPERACION,ANTIOQUIA,SAN LUIS,REDEBAN,0.3748752289389956,0.9794401459344605,Crítico,Crítico,Recuperación prioritaria,204,202,0,0,16317971.206377253,43529073.0,954.0,999.0,0.9673127333333333,0.9673127333333333,100.0,"954 días sin compensar | 999 días sin transacciones | consumo cupo 97% | saldo expuesto $43,529,073 | mora operativa Mayor a 60",Bloqueo/validación inmediata + gestión prioritaria,Enviar a recuperación/cartera prioritaria; no mezclar con alerta preventiva.
2026-05-02,10813,2026-04-30,BOAVITA - BOYACA,CERRADO CON SALDO,CERRADO CON SALDO,RECUPERACION,BOYACÁ,BOAVITA,REDEBAN,0.40760238518502206,0.9822245786944133,Crítico,Crítico,Recuperación prioritaria,205,203,0,0,16297352.033540381,39983456.0,1369.0,999.0,0.9995864,0.9995864,100.0,"1369 días sin compensar | 999 días sin transacciones | consumo cupo 100% | saldo expuesto $39,983,456 | mora operativa Mayor a 60",Bloqueo/validación inmediata + gestión prioritaria,Enviar a recuperación/cartera prioritaria; no mezclar con alerta preventiva.
2026-05-02,25051,2026-04-30,MEDIA CUADRA AL PARQUE VALDIVIA - ANTIOQUIA,CERRADO CON SALDO,CERRADO CON SALDO,RECUPERACION,ANTIOQUIA,VALDIVIA,REDEBAN,0.38954224779613156,0.9807476719702249,Crítico,Crítico,Recuperación prioritaria,206,204,0,0,16277542.979924839,41786335.3,137.0,999.0,0.9285852288888888,0.9285852288888888,100.0,"137 días sin compensar | 999 días sin transacciones | consumo cupo 93% | saldo expuesto $41,786,335 | mora operativa Mayor a 60",Bloqueo/validación inmediata + gestión prioritaria,Enviar a recuperación/cartera prioritaria; no mezclar con alerta preventiva.
2026-05-02,60791,2026-04-30,BARRIO BELLO BELLO 6,CERRADO CON SALDO,CERRADO CON SALDO,RECUPERACION,ANTIOQUIA,BELLO,REDEBAN,0.5446887890550168,0.9901358989115235,Crítico,Crítico,Recuperación prioritaria,207,205,0,0,16269382.428582031,29869134.0,1212.0,1179.0,0.9956378,0.9956378,100.0,"1212 días sin compensar | 1179 días sin transacciones | consumo cupo 100% | saldo expuesto $29,869,134 | mora operativa Mayor a 60",Bloqueo/validación inmediata + gestión prioritaria,Enviar a recuperación/cartera prioritaria; no mezclar con alerta preventiva.
2026-05-02,11449,2026-04-30,LA PRIMAVERA - VICHADA,CERRADO CON SALDO,CERRADO CON SALDO,RECUPERACION,VICHADA,LA PRIMAVERA,REDEBAN,0.43571674830967233,0.9842720185502851,Crítico,Crítico,Recuperación prioritaria,208,206,0,0,16258883.344313407,37315259.07,3628.0,999.0,0.93288147675,0.93288147675,100.0,"3628 días sin compensar | 999 días sin transacciones | consumo cupo 93% | saldo expuesto $37,315,259 | mora operativa Mayor a 60",Bloqueo/validación inmediata + gestión prioritaria,Enviar a recuperación/cartera prioritaria; no mezclar con alerta preventiva.
2026-05-02,19539,2026-04-30,PUEBLO NUEVO LA PINTADA - ANTIOQUIA,CERRADO CON SALDO,CERRADO CON SALDO,RECUPERACION,ANTIOQUIA,LA PINTADA,REDEBAN,0.42871404047394396,0.9837880929797614,Crítico,Crítico,Recuperación prioritaria,209,207,0,0,16211546.026048308,37814357.58,2916.0,999.0,0.9999830115033717,0.9999830115033717,100.0,"2916 días sin compensar | 999 días sin transacciones | consumo cupo 100% | saldo expuesto $37,814,358 | mora operativa Mayor a 60",Bloqueo/validación inmediata + gestión prioritaria,Enviar a recuperación/cartera prioritaria; no mezclar con alerta preventiva.
2026-05-02,64448,2026-04-30,BARRIO MARCO ANTONIO PINILLA VILLAVICENCIO 3,CERRADO CON SALDO,CERRADO CON SALDO,RECUPERACION,META,VILLAVICENCIO,REDEBAN,0.5746410943854845,0.9913383484193732,Crítico,Crítico,Recuperación prioritaria,210,208,0,0,16203970.928741533,28198420.0,661.0,927.0,1.0070864285714285,1.0070864285714285,100.0,"661 días sin compensar | 927 días sin transacciones | consumo cupo 101% | saldo expuesto $28,198,420 | mora operativa Mayor a 60",Bloqueo/validación inmediata + gestión prioritaria,Enviar a recuperación/cartera prioritaria; no mezclar con alerta preventiva.
2026-05-02,62526,2026-04-30,BARRIO OSPINA PEREZ AYAPEL,CERRADO CON SALDO,CERRADO CON SALDO,RECUPERACION,CÓRDOBA,AYAPEL,REDEBAN,0.637872394621857,0.9934810316195823,Crítico,Crítico,Recuperación prioritaria,211,209,0,0,16174901.552160097,25357582.0,634.0,766.0,0.6037519523809524,0.6037519523809524,100.0,"634 días sin compensar | 766 días sin transacciones | saldo expuesto $25,357,582 | mora operativa Mayor a 60 | aparece en castigados: Otro",Bloqueo/validación inmediata + gestión prioritaria,Enviar a recuperación/cartera prioritaria; no mezclar con alerta preventiva.
2026-05-02,38041,2026-04-30,BARRIO PARQUE ALTAMIRA BETULIA,CERRADO CON SALDO,CERRADO CON SALDO,RECUPERACION,ANTIOQUIA,BETULIA,REDEBAN,0.49070074231557215,0.9875727643541019,Crítico,Crítico,Recuperación prioritaria,212,210,0,0,16163779.610621925,32940198.0,555.0,577.0,0.7320044,0.7320044,100.0,"555 días sin compensar | 577 días sin transacciones | consumo cupo 73% | saldo expuesto $32,940,198 | mora operativa Mayor a 60 | aparece en castigados: Inactividad",Bloqueo/validación inmediata + gestión prioritaria,Enviar a recuperación/cartera prioritaria; no mezclar con alerta preventiva.
2026-05-02,40367,2026-04-30,BARRIO PRIMERO DE FEBRERO PEREIRA 2,CERRADO CON SALDO,CERRADO CON SALDO,RECUPERACION,RISARALDA,PEREIRA,REDEBAN,0.4557868364946854,0.985573337875635,Crítico,Crítico,Recuperación prioritaria,213,211,0,0,16157643.353736596,35450000.0,1589.0,999.0,1.012857142857143,1.012857142857143,100.0,"1589 días sin compensar | 999 días sin transacciones | consumo cupo 101% | saldo expuesto $35,450,000 | mora operativa Mayor a 60",Bloqueo/validación inmediata + gestión prioritaria,Enviar a recuperación/cartera prioritaria; no mezclar con alerta preventiva.
2026-05-02,66589,2026-04-30,BARRIO CENTRO NATAGAIMA 5,CERRADO CON SALDO,CERRADO CON SALDO,RECUPERACION,TOLIMA,NATAGAIMA,REDEBAN,0.38870912712403044,0.9806761225175162,Crítico,Crítico,Recuperación prioritaria,214,212,0,0,16119563.040832676,41469474.0,681.0,700.0,2.0229011707317075,2.0229011707317075,100.0,"681 días sin compensar | 700 días sin transacciones | consumo cupo 202% | saldo expuesto $41,469,474 | mora operativa Mayor a 60 | aparece en castigados: Inactividad",Bloqueo/validación inmediata + gestión prioritaria,Enviar a recuperación/cartera prioritaria; no mezclar con alerta preventiva.
2026-05-02,35764,2026-04-30,BARRIO COLOMBIA BARRANCABERMEJA 3,CERRADO CON SALDO,CERRADO CON SALDO,RECUPERACION,SANTANDER,BARRANCABERMEJA,REDEBAN,0.44597768457357245,0.9849525742231457,Crítico,Crítico,Recuperación prioritaria,215,213,0,0,16077554.89296688,36050133.11,732.0,731.0,1.030003803142857,1.030003803142857,100.0,"732 días sin compensar | 731 días sin transacciones | consumo cupo 103% | saldo expuesto $36,050,133 | mora operativa Mayor a 60 | aparece en castigados: Inactividad",Bloqueo/validación inmediata + gestión prioritaria,Enviar a recuperación/cartera prioritaria; no mezclar con alerta preventiva.
2026-05-02,41894,2026-04-30,BARRIO EL LLANO DE LA HORCA SAN CAYETANO,CERRADO CON SALDO,CERRADO CON SALDO,RECUPERACION,NORTE DE SANTANDER,SAN CAYETANO,REDEBAN,0.3540644789224706,0.9773936650739742,Crítico,Crítico,Recuperación prioritaria,216,214,0,0,16076273.235025732,45404931.0,583.0,578.0,6.486418714285715,6.486418714285715,100.0,"583 días sin compensar | 578 días sin transacciones | consumo cupo 649% | saldo expuesto $45,404,931 | mora operativa Mayor a 60 | aparece en castigados: Confidencial",Bloqueo/validación inmediata + gestión prioritaria,Enviar a recuperación/cartera prioritaria; no mezclar con alerta preventiva.
2026-05-02,33932,2026-04-30,BARRIO SIETE DE AGOSTO ARAUCA,CERRADO CON SALDO,CERRADO CON SALDO,RECUPERACION,ARAUCA,ARAUCA,REDEBAN,0.3534832141584726,0.9773329576132399,Crítico,Crítico,Recuperación prioritaria,217,215,0,0,16015785.057018742,45308474.11,371.0,999.0,1.0068549802222222,1.0068549802222222,100.0,"371 días sin compensar | 999 días sin transacciones | consumo cupo 101% | saldo expuesto $45,308,474 | mora operativa Mayor a 60",Bloqueo/validación inmediata + gestión prioritaria,Enviar a recuperación/cartera prioritaria; no mezclar con alerta preventiva.
2026-05-02,48747,2026-04-30,BARRIO ROBLEDO PILARICA MEDELLIN,CERRADO CON SALDO,CERRADO CON SALDO,RECUPERACION,ANTIOQUIA,MEDELLÍN,REDEBAN,0.5697549884617049,0.9911514033333724,Crítico,Crítico,Recuperación prioritaria,218,216,0,0,16003098.073336015,28087684.0,1179.0,1163.0,0.9362561333333334,0.9362561333333334,100.0,"1179 días sin compensar | 1163 días sin transacciones | consumo cupo 94% | saldo expuesto $28,087,684 | mora operativa Mayor a 60",Bloqueo/validación inmediata + gestión prioritaria,Enviar a recuperación/cartera prioritaria; no mezclar con alerta preventiva.
2026-05-02,29765,2026-04-30,BARRIO CRISTO REY 4 MEDELLÍN,CERRADO CON SALDO,CERRADO CON SALDO,RECUPERACION,ANTIOQUIA,MEDELLÍN,REDEBAN,0.523816629073591,0.9892112006658433,Crítico,Crítico,Recuperación prioritaria,219,217,0,0,15939715.403327806,30429953.0,1141.0,1098.0,1.52149765,1.52149765,100.0,"1141 días sin compensar | 1098 días sin transacciones | consumo cupo 152% | saldo expuesto $30,429,953 | mora operativa Mayor a 60",Bloqueo/validación inmediata + gestión prioritaria,Enviar a recuperación/cartera prioritaria; no mezclar con alerta preventiva.
2026-05-02,10348,2026-04-30,PUERTO PERALES - ANTIOQUIA,CERRADO CON SALDO,CERRADO CON SALDO,RECUPERACION,ANTIOQUIA,PUERTO TRIUNFO,REDEBAN,0.4513365422420099,0.9852951931463243,Crítico,Crítico,Recuperación prioritaria,220,218,0,0,15932933.673168493,35301670.0,633.0,995.0,1.008619142857143,1.008619142857143,100.0,"633 días sin compensar | 995 días sin transacciones | consumo cupo 101% | saldo expuesto $35,301,670 | mora operativa Mayor a 60",Bloqueo/validación inmediata + gestión prioritaria,Enviar a recuperación/cartera prioritaria; no mezclar con alerta preventiva.
2026-05-02,58911,2026-04-30,BARRIO LAS AMERICAS VILLAVICENCIO,CERRADO CON SALDO,CERRADO CON SALDO,RECUPERACION,META,VILLAVICENCIO,REDEBAN,0.6091946414735064,0.9925687617907551,Crítico,Crítico,Recuperación prioritaria,221,219,0,0,15911960.564277736,26119666.0,13.0,905.0,0.7682254705882353,0.7682254705882353,90.0,"905 días sin transacciones | consumo cupo 77% | saldo expuesto $26,119,666 | mora operativa Mayor a 60",Bloqueo/validación inmediata + gestión prioritaria,Enviar a recuperación/cartera prioritaria; no mezclar con alerta preventiva.
2026-05-02,15535,2026-04-30,BARRIO MARIA AUXILIADORA CANDELARIA,CERRADO CON SALDO,CERRADO CON SALDO,RECUPERACION,VALLE DEL CAUCA,CANDELARIA,REDEBAN,0.393168919331843,0.9810554932296699,Crítico,Crítico,Recuperación prioritaria,222,220,0,0,15887420.404385904,40408637.67,770.0,760.0,0.9507914745882353,0.9507914745882353,100.0,"770 días sin compensar | 760 días sin transacciones | consumo cupo 95% | saldo expuesto $40,408,638 | mora operativa Mayor a 60 | aparece en castigados: Inactividad",Bloqueo/validación inmediata + gestión prioritaria,Enviar a recuperación/cartera prioritaria; no mezclar con alerta preventiva.
2026-05-02,35946,2026-04-30,BARRIO CENTRO CALI 11,CERRADO CON SALDO,CERRADO CON SALDO,RECUPERACION,VALLE DEL CAUCA,CALI,REDEBAN,0.3536565036545195,0.9773510773870561,Crítico,Crítico,Recuperación prioritaria,223,221,0,0,15865515.617008256,44861371.0,2368.0,999.0,0.9969193555555556,0.9969193555555556,100.0,"2368 días sin compensar | 999 días sin transacciones | consumo cupo 100% | saldo expuesto $44,861,371 | mora operativa Mayor a 60",Bloqueo/validación inmediata + gestión prioritaria,Enviar a recuperación/cartera prioritaria; no mezclar con alerta preventiva.
2026-05-02,43085,2026-04-30,BARRIO CENTRO PIEDECUESTA 4,CERRADO CON SALDO,CERRADO CON SALDO,RECUPERACION,SANTANDER,PIEDECUESTA,REDEBAN,0.4590640018714277,0.9857745631347667,Crítico,Crítico,Recuperación prioritaria,224,222,0,0,15861871.903652921,34552637.19,261.0,294.0,0.9872182054285714,0.9872182054285714,100.0,"261 días sin compensar | 294 días sin transacciones | consumo cupo 99% | saldo expuesto $34,552,637 | mora operativa Mayor a 60 | aparece en castigados: Asuntos Personales",Bloqueo/validación inmediata + gestión prioritaria,Enviar a recuperación/cartera prioritaria; no mezclar con alerta preventiva.
2026-05-02,17649,2026-04-30,PARQUE PRINCIPAL III BETULIA,CERRADO CON SALDO,CERRADO CON SALDO,RECUPERACION,ANTIOQUIA,BETULIA,REDEBAN,0.38363007552701045,0.9802329985967996,Crítico,Crítico,Recuperación prioritaria,225,223,0,0,15803687.380574334,41195121.0,424.0,578.0,0.9154471333333334,0.9154471333333334,100.0,"424 días sin compensar | 578 días sin transacciones | consumo cupo 92% | saldo expuesto $41,195,121 | mora operativa Mayor a 60 | aparece en castigados: Confidencial",Bloqueo/validación inmediata + gestión prioritaria,Enviar a recuperación/cartera prioritaria; no mezclar con alerta preventiva.
2026-05-02,23991,2026-04-30,BARRIO CENTRO - PUERTO SALGAR,CERRADO CON SALDO,CERRADO CON SALDO,RECUPERACION,CUNDINAMARCA,PUERTO SALGAR,REDEBAN,0.6656771748499185,0.9942840576384938,Crítico,Crítico,Recuperación prioritaria,226,224,0,0,15709943.26969399,23599942.83,7.0,792.0,0.7866647609999999,0.7866647609999999,90.0,"792 días sin transacciones | consumo cupo 79% | saldo expuesto $23,599,943 | mora operativa Mayor a 60 | aparece en castigados: Novedad en el establecimiento (Comercio)",Bloqueo/validación inmediata + gestión prioritaria,Enviar a recuperación/cartera prioritaria; no mezclar con alerta preventiva.
2026-05-02,33711,2026-04-30,BARRIO LA CENTRAL PATIA 1,CERRADO CON SALDO,CERRADO CON SALDO,RECUPERACION,CAUCA,PATÍA,REDEBAN,0.36186759630330906,0.9781892953149802,Crítico,Crítico,Recuperación prioritaria,227,225,0,0,15681906.818766072,43336035.0,52.0,438.0,1.926046,1.926046,100.0,"52 días sin compensar | 438 días sin transacciones | consumo cupo 193% | saldo expuesto $43,336,035 | mora operativa Mayor a 60 | aparece en castigados: Inactividad",Bloqueo/validación inmediata + gestión prioritaria,Enviar a recuperación/cartera prioritaria; no mezclar con alerta preventiva.
2026-05-02,10316,2026-04-30,SAN JUAN DE URABA - ANTIOQUIA,CERRADO CON SALDO,CERRADO CON SALDO,RECUPERACION,ANTIOQUIA,SAN JUAN DE URABÁ,REDEBAN,0.3900109895591667,0.9807877895921134,Crítico,Crítico,Recuperación prioritaria,228,226,0,0,15594706.506622566,39985300.22,686.0,638.0,0.9996325054999999,0.9996325054999999,100.0,"686 días sin compensar | 638 días sin transacciones | consumo cupo 100% | saldo expuesto $39,985,300 | mora operativa Mayor a 60 | aparece en castigados: Inactividad",Bloqueo/validación inmediata + gestión prioritaria,Enviar a recuperación/cartera prioritaria; no mezclar con alerta preventiva.
2026-05-02,16415,2026-04-30,BARRIO BILBAO BOGOTA,CERRADO CON SALDO,CERRADO CON SALDO,RECUPERACION,CUNDINAMARCA,BOGOTÁ,REDEBAN,0.5785222437180493,0.9914844342945964,Crítico,Crítico,Recuperación prioritaria,229,227,0,0,15592760.596851809,26952741.69,1403.0,999.0,1.1978996306666667,1.1978996306666667,100.0,"1403 días sin compensar | 999 días sin transacciones | consumo cupo 120% | saldo expuesto $26,952,742 | mora operativa Mayor a 60",Bloqueo/validación inmediata + gestión prioritaria,Enviar a recuperación/cartera prioritaria; no mezclar con alerta preventiva.
2026-05-02,10653,2026-04-30,CALAMAR - BOLIVAR,CERRADO CON SALDO,CERRADO CON SALDO,RECUPERACION,BOLÍVAR,CALAMAR,REDEBAN,0.3931434280470479,0.9810533500418626,Crítico,Crítico,Recuperación prioritaria,230,228,0,0,15591330.559800241,39658123.34,4494.0,999.0,0.9914530835,0.9914530835,100.0,"4494 días sin compensar | 999 días sin transacciones | consumo cupo 99% | saldo expuesto $39,658,123 | mora operativa Mayor a 60",Bloqueo/validación inmediata + gestión prioritaria,Enviar a recuperación/cartera prioritaria; no mezclar con alerta preventiva.
2026-05-02,46045,2026-04-30,BARRIO CENTRO BUCARAMANGA 27,CERRADO CON SALDO,CERRADO CON SALDO,RECUPERACION,SANTANDER,BUCARAMANGA,REDEBAN,0.3893637519467472,0.9807323690877378,Crítico,Crítico,Recuperación prioritaria,231,229,0,0,15585985.301900813,40029369.0,172.0,344.0,1.9061604285714286,1.9061604285714286,100.0,"172 días sin compensar | 344 días sin transacciones | consumo cupo 191% | saldo expuesto $40,029,369 | mora operativa Mayor a 60 | aparece en castigados: Inactividad",Bloqueo/validación inmediata + gestión prioritaria,Enviar a recuperación/cartera prioritaria; no mezclar con alerta preventiva.
2026-05-02,24549,2026-04-30,SALAHONDA FRANCISCO PIZARRO - NARIÑO,CERRADO CON SALDO,CERRADO CON SALDO,RECUPERACION,NARIÑO,FRANCISCO PIZARRO,REDEBAN,0.3464080892489843,0.9765773170548094,Crítico,Crítico,Recuperación prioritaria,232,230,0,0,15583569.381840998,44986159.0,653.0,641.0,0.9996924222222222,0.9996924222222222,100.0,"653 días sin compensar | 641 días sin transacciones | consumo cupo 100% | saldo expuesto $44,986,159 | mora operativa Mayor a 60 | aparece en castigados: Inactividad",Bloqueo/validación inmediata + gestión prioritaria,Enviar a recuperación/cartera prioritaria; no mezclar con alerta preventiva.
2026-05-02,60262,2026-04-30,BARRIO CENTRO LA PRIMAVERA 2,CERRADO CON SALDO,CERRADO CON SALDO,RECUPERACION,VICHADA,LA PRIMAVERA,REDEBAN,0.503366576306825,0.988226275401748,Crítico,Crítico,Recuperación prioritaria,233,231,0,0,15576779.37712996,30945200.0,660.0,658.0,0.8143473684210526,0.8143473684210526,100.0,"660 días sin compensar | 658 días sin transacciones | consumo cupo 81% | saldo expuesto $30,945,200 | mora operativa Mayor a 60 | aparece en castigados: Confidencial",Bloqueo/validación inmediata + gestión prioritaria,Enviar a recuperación/cartera prioritaria; no mezclar con alerta preventiva.
2026-05-02,67303,2026-04-30,BARRIO VILLEMAR BOGOTA,CERRADO CON SALDO,CERRADO CON SALDO,RECUPERACION,CUNDINAMARCA,BOGOTÁ,REDEBAN,0.5118773306909544,0.9886462744346259,Crítico,Crítico,Recuperación prioritaria,234,232,0,0,15543540.078183511,30365752.0,731.0,823.0,1.840348606060606,1.840348606060606,100.0,"731 días sin compensar | 823 días sin transacciones | consumo cupo 184% | saldo expuesto $30,365,752 | mora operativa Mayor a 60 | aparece en castigados: Inactividad",Bloqueo/validación inmediata + gestión prioritaria,Enviar a recuperación/cartera prioritaria; no mezclar con alerta preventiva.
2026-05-02,43899,2026-04-30,BARRIO CENTRO IBAGUE 21,CERRADO CON SALDO,CERRADO CON SALDO,RECUPERACION,TOLIMA,IBAGUÉ,REDEBAN,0.5107831367070144,0.9885931040593999,Crítico,Crítico,Recuperación prioritaria,235,233,0,0,15532619.448931986,30409421.01,1299.0,999.0,1.5204710505,1.5204710505,100.0,"1299 días sin compensar | 999 días sin transacciones | consumo cupo 152% | saldo expuesto $30,409,421 | mora operativa Mayor a 60",Bloqueo/validación inmediata + gestión prioritaria,Enviar a recuperación/cartera prioritaria; no mezclar con alerta preventiva.
2026-05-02,36044,2026-04-30,BARRIO CENTRO SARAVENA,CERRADO CON SALDO,CERRADO CON SALDO,RECUPERACION,ARAUCA,SARAVENA,REDEBAN,0.3647231025331906,0.9784717343331787,Crítico,Crítico,Recuperación prioritaria,236,234,0,0,15526568.787535587,42570839.85,1385.0,999.0,0.9460186633333334,0.9460186633333334,100.0,"1385 días sin compensar | 999 días sin transacciones | consumo cupo 95% | saldo expuesto $42,570,840 | mora operativa Mayor a 60",Bloqueo/validación inmediata + gestión prioritaria,Enviar a recuperación/cartera prioritaria; no mezclar con alerta preventiva.
2026-05-02,57623,2026-04-30,BARRIO VILLA COLOMBIA TULUA,CERRADO CON SALDO,CERRADO CON SALDO,RECUPERACION,VALLE DEL CAUCA,TULUÁ,REDEBAN,0.4640402410238546,0.9860744388883921,Crítico,Crítico,Recuperación prioritaria,237,235,0,0,15521826.802562112,33449312.0,252.0,244.0,1.0136155151515152,1.0136155151515152,100.0,"252 días sin compensar | 244 días sin transacciones | consumo cupo 101% | saldo expuesto $33,449,312 | mora operativa Mayor a 60 | aparece en castigados: Inactividad",Bloqueo/validación inmediata + gestión prioritaria,Enviar a recuperación/cartera prioritaria; no mezclar con alerta preventiva.
2026-05-02,26584,2026-04-30,PUENTE TIERRA ANDES - ANTIOQUIA,CERRADO CON SALDO,CERRADO CON SALDO,RECUPERACION,ANTIOQUIA,ANDES,REDEBAN,0.5179116134755567,0.9889352379460586,Crítico,Crítico,Recuperación prioritaria,238,236,0,0,15500770.378653375,29929374.0,1074.0,1069.0,0.9976458,0.9976458,100.0,"1074 días sin compensar | 1069 días sin transacciones | consumo cupo 100% | saldo expuesto $29,929,374 | mora operativa Mayor a 60",Bloqueo/validación inmediata + gestión prioritaria,Enviar a recuperación/cartera prioritaria; no mezclar con alerta preventiva.
2026-05-02,13288,2026-04-30,BARRIO CENTRO LA UNION,CERRADO CON SALDO,CERRADO CON SALDO,RECUPERACION,VALLE DEL CAUCA,LA UNIÓN,REDEBAN,0.5321265929650958,0.9895885790505856,Crítico,Crítico,Recuperación prioritaria,239,237,0,0,15490564.30666419,29110675.0,452.0,477.0,0.7762846666666666,0.7762846666666666,100.0,"452 días sin compensar | 477 días sin transacciones | consumo cupo 78% | saldo expuesto $29,110,675 | mora operativa Mayor a 60 | aparece en castigados: Asuntos Personales",Bloqueo/validación inmediata + gestión prioritaria,Enviar a recuperación/cartera prioritaria; no mezclar con alerta preventiva.
2026-05-02,70554,2026-04-30,BARRIO BRISAS BAJAS FLORENCIA,CERRADO CON SALDO,CERRADO CON SALDO,RECUPERACION,CAQUETÁ,FLORENCIA,REDEBAN,0.5199877003166072,0.9890330168955973,Crítico,Crítico,Recuperación prioritaria,240,238,0,0,15442854.71785276,29698500.0,489.0,473.0,0.9580161290322581,0.9580161290322581,100.0,"489 días sin compensar | 473 días sin transacciones | consumo cupo 96% | saldo expuesto $29,698,500 | mora operativa Mayor a 60 | aparece en castigados: Inactividad",Bloqueo/validación inmediata + gestión prioritaria,Enviar a recuperación/cartera prioritaria; no mezclar con alerta preventiva.
2026-05-02,31289,2026-04-30,BARRIO ALTOS DE PLAN PAREJO,CERRADO CON SALDO,CERRADO CON SALDO,RECUPERACION,BOLÍVAR,TURBACO,REDEBAN,0.3423206369644828,0.9761262121569201,Crítico,Crítico,Recuperación prioritaria,241,239,0,0,15404428.45116293,44999999.38,804.0,791.0,0.9999999862222223,0.9999999862222223,100.0,"804 días sin compensar | 791 días sin transacciones | consumo cupo 100% | saldo expuesto $44,999,999 | mora operativa Mayor a 60 | aparece en castigados: Inactividad",Bloqueo/validación inmediata + gestión prioritaria,Enviar a recuperación/cartera prioritaria; no mezclar con alerta preventiva.
2026-05-02,60205,2026-04-30,BARRIO NUEVA ILSION CUCUTA,CERRADO CON SALDO,CERRADO CON SALDO,RECUPERACION,NORTE DE SANTANDER,CÚCUTA,REDEBAN,0.5989544540240116,0.9922200437841187,Crítico,Crítico,Recuperación prioritaria,242,240,0,0,15385049.572832314,25686510.0,560.0,723.0,0.7339002857142857,0.7339002857142857,100.0,"560 días sin compensar | 723 días sin transacciones | consumo cupo 73% | saldo expuesto $25,686,510 | mora operativa Mayor a 60 | aparece en castigados: Inactividad",Bloqueo/validación inmediata + gestión prioritaria,Enviar a recuperación/cartera prioritaria; no mezclar con alerta preventiva.
2026-05-02,62392,2026-04-30,BARRIO MANZANARES NEIVA 1,CERRADO CON SALDO,CERRADO CON SALDO,RECUPERACION,HUILA,NEIVA,REDEBAN,0.5572987840729572,0.9906589458066536,Crítico,Crítico,Recuperación prioritaria,243,241,0,0,15376192.784776162,27590573.0,41.0,336.0,0.8360779696969697,0.8360779696969697,100.0,"41 días sin compensar | 336 días sin transacciones | consumo cupo 84% | saldo expuesto $27,590,573 | mora operativa Mayor a 60 | aparece en castigados: Inactividad",Bloqueo/validación inmediata + gestión prioritaria,Enviar a recuperación/cartera prioritaria; no mezclar con alerta preventiva.
2026-05-02,13945,2026-04-30,BELLO VI ANTIOQUIA,CERRADO CON SALDO,CERRADO CON SALDO,RECUPERACION,ANTIOQUIA,BELLO,REDEBAN,0.5112365890667756,0.9886151679165419,Crítico,Crítico,Recuperación prioritaria,244,242,0,0,15316919.58815917,29960530.83,811.0,999.0,1.4980265414999998,1.4980265414999998,100.0,"811 días sin compensar | 999 días sin transacciones | consumo cupo 150% | saldo expuesto $29,960,531 | mora operativa Mayor a 60",Bloqueo/validación inmediata + gestión prioritaria,Enviar a recuperación/cartera prioritaria; no mezclar con alerta preventiva.
2026-05-02,14460,2026-04-30,BARRIO GIRARDOT BUCARAMANGA,CERRADO CON SALDO,CERRADO CON SALDO,RECUPERACION,SANTANDER,BUCARAMANGA,REDEBAN,0.5108568490792769,0.9885966935339946,Crítico,Crítico,Recuperación prioritaria,245,243,0,0,15307307.989780983,29963987.01,1817.0,999.0,1.4981993505,1.4981993505,100.0,"1817 días sin compensar | 999 días sin transacciones | consumo cupo 150% | saldo expuesto $29,963,987 | mora operativa Mayor a 60",Bloqueo/validación inmediata + gestión prioritaria,Enviar a recuperación/cartera prioritaria; no mezclar con alerta preventiva.
2026-05-02,34810,2026-04-30,BARRIO MANANTIAL 1 VILLAVICENCIO,CERRADO CON SALDO,CERRADO CON SALDO,RECUPERACION,META,VILLAVICENCIO,REDEBAN,0.5537289090465414,0.9905134467184641,Crítico,Crítico,Recuperación prioritaria,246,244,0,0,15298485.977962386,27628115.0,798.0,837.0,0.9209371666666667,0.9209371666666667,100.0,"798 días sin compensar | 837 días sin transacciones | consumo cupo 92% | saldo expuesto $27,628,115 | mora operativa Mayor a 60 | aparece en castigados: Inactividad",Bloqueo/validación inmediata + gestión prioritaria,Enviar a recuperación/cartera prioritaria; no mezclar con alerta preventiva.
2026-05-02,17878,2026-04-30,SIBUNDOY BRR CASTELVI,CERRADO CON SALDO,CERRADO CON SALDO,RECUPERACION,PUTUMAYO,SIBUNDOY,REDEBAN,0.33259873698865633,0.9750077816650184,Crítico,Crítico,Recuperación prioritaria,247,245,0,0,15298422.450627197,45996634.23,3529.0,999.0,0.9999268310869565,0.9999268310869565,100.0,"3529 días sin compensar | 999 días sin transacciones | consumo cupo 100% | saldo expuesto $45,996,634 | mora operativa Mayor a 60",Bloqueo/validación inmediata + gestión prioritaria,Enviar a recuperación/cartera prioritaria; no mezclar con alerta preventiva.
2026-05-02,20543,2026-04-30,BARRIO ROBLEDO KENNEDY MEDELLIN,CERRADO CON SALDO,CERRADO CON SALDO,RECUPERACION,ANTIOQUIA,MEDELLÍN,REDEBAN,0.5775526596320961,0.9914481364580559,Crítico,Crítico,Recuperación prioritaria,248,246,0,0,15296139.701628905,26484407.0,266.0,1179.0,0.8828135666666667,0.8828135666666667,100.0,"266 días sin compensar | 1179 días sin transacciones | consumo cupo 88% | saldo expuesto $26,484,407 | mora operativa Mayor a 60",Bloqueo/validación inmediata + gestión prioritaria,Enviar a recuperación/cartera prioritaria; no mezclar con alerta preventiva.
2026-05-02,15971,2026-04-30,BARRIO PARIS VI BELLO,CERRADO CON SALDO,CERRADO CON SALDO,RECUPERACION,ANTIOQUIA,BELLO,REDEBAN,0.5112365890667756,0.9886151679165419,Crítico,Crítico,Recuperación prioritaria,249,247,0,0,15264413.657987706,29857827.05,1865.0,999.0,1.4928913525,1.4928913525,100.0,"1865 días sin compensar | 999 días sin transacciones | consumo cupo 149% | saldo expuesto $29,857,827 | mora operativa Mayor a 60",Bloqueo/validación inmediata + gestión prioritaria,Enviar a recuperación/cartera prioritaria; no mezclar con alerta preventiva.
2026-05-02,25853,2026-04-30,BARRIO CENTRO 2 NEIVA,CERRADO CON SALDO,CERRADO CON SALDO,RECUPERACION,HUILA,NEIVA,REDEBAN,0.43377389786210163,0.9841393847660741,Crítico,Crítico,Recuperación prioritaria,250,248,0,0,15238269.687972452,35129522.0,1662.0,999.0,0.7806560444444445,0.7806560444444445,100.0,"1662 días sin compensar | 999 días sin transacciones | consumo cupo 78% | saldo expuesto $35,129,522 | mora operativa Mayor a 60",Bloqueo/validación inmediata + gestión prioritaria,Enviar a recuperación/cartera prioritaria; no mezclar con alerta preventiva.
2026-05-02,55169,2026-04-30,BARRIO MANRIQUE MEDELLIN 18,CERRADO CON SALDO,CERRADO CON SALDO,RECUPERACION,ANTIOQUIA,MEDELLÍN,REDEBAN,0.5626872423616821,0.9908748376537537,Crítico,Crítico,Recuperación prioritaria,251,249,0,0,15203834.046851315,27020044.0,102.0,489.0,0.9650015714285715,0.9650015714285715,100.0,"102 días sin compensar | 489 días sin transacciones | consumo cupo 97% | saldo expuesto $27,020,044 | mora operativa Mayor a 60 | aparece en castigados: Inactividad",Bloqueo/validación inmediata + gestión prioritaria,Enviar a recuperación/cartera prioritaria; no mezclar con alerta preventiva.
2026-05-02,67784,2026-04-30,BARRIO MANRIQUE CENTRAL MEDELLIN 2,CERRADO CON SALDO,CERRADO CON SALDO,RECUPERACION,ANTIOQUIA,MEDELLÍN,REDEBAN,0.5444458170459,0.9901255673145615,Crítico,Crítico,Recuperación prioritaria,253,250,0,0,15135475.569133721,27799783.0,667.0,645.0,0.9999921942446043,0.9999921942446043,100.0,"667 días sin compensar | 645 días sin transacciones | consumo cupo 100% | saldo expuesto $27,799,783 | mora operativa Mayor a 60 | aparece en castigados: Otro",Bloqueo/validación inmediata + gestión prioritaria,Enviar a recuperación/cartera prioritaria; no mezclar con alerta preventiva.
2026-05-02,34833,2026-04-30,BARRIO CASTILLA BOGOTA 2,CERRADO CON SALDO,CERRADO CON SALDO,RECUPERACION,CUNDINAMARCA,BOGOTÁ,REDEBAN,0.5788466119560256,0.9914965484062536,Crítico,Crítico,Recuperación prioritaria,254,251,0,0,15079031.4769579,26050133.43,1115.0,1099.0,1.0420053372,1.0420053372,100.0,"1115 días sin compensar | 1099 días sin transacciones | consumo cupo 104% | saldo expuesto $26,050,133 | mora operativa Mayor a 60",Bloqueo/validación inmediata + gestión prioritaria,Enviar a recuperación/cartera prioritaria; no mezclar con alerta preventiva.
2026-05-02,63885,2026-04-30,BARRIO LAS MORAS SOLEDAD 6,CERRADO CON SALDO,CERRADO CON SALDO,RECUPERACION,ATLÁNTICO,SOLEDAD,REDEBAN,0.47375710062528453,0.9866410078361036,Crítico,Crítico,Recuperación prioritaria,255,252,0,0,15074525.981777294,31819103.0,632.0,606.0,0.99434696875,0.99434696875,100.0,"632 días sin compensar | 606 días sin transacciones | consumo cupo 99% | saldo expuesto $31,819,103 | mora operativa Mayor a 60 | aparece en castigados: Inactividad",Bloqueo/validación inmediata + gestión prioritaria,Enviar a recuperación/cartera prioritaria; no mezclar con alerta preventiva.
2026-05-02,40550,2026-04-30,BARRIO AGUA BLANCA PITALITO 1,CERRADO CON SALDO,CERRADO CON SALDO,RECUPERACION,HUILA,PITALITO,REDEBAN,0.4424648245446472,0.9847232836523757,Crítico,Crítico,Recuperación prioritaria,256,253,0,0,15073286.744500758,34066632.89,148.0,1028.0,0.9733323682857143,0.9733323682857143,100.0,"148 días sin compensar | 1028 días sin transacciones | consumo cupo 97% | saldo expuesto $34,066,633 | mora operativa Mayor a 60",Bloqueo/validación inmediata + gestión prioritaria,Enviar a recuperación/cartera prioritaria; no mezclar con alerta preventiva.
2026-05-02,30029,2026-04-30,BARRIO EL CENTRO - CALAMAR,CERRADO CON SALDO,CERRADO CON SALDO,RECUPERACION,GUAVIARE,CALAMAR,REDEBAN,0.447474216274594,0.9850491162184144,Crítico,Crítico,Recuperación prioritaria,257,254,0,0,15071418.456075633,33681088.0,1241.0,999.0,0.9623168,0.9623168,100.0,"1241 días sin compensar | 999 días sin transacciones | consumo cupo 96% | saldo expuesto $33,681,088 | mora operativa Mayor a 60",Bloqueo/validación inmediata + gestión prioritaria,Enviar a recuperación/cartera prioritaria; no mezclar con alerta preventiva.
2026-05-02,35095,2026-04-30,BARRIO LA FLORESTA NEIVA,CERRADO CON SALDO,CERRADO CON SALDO,RECUPERACION,HUILA,NEIVA,REDEBAN,0.5049739290196308,0.9883067411414606,Crítico,Crítico,Recuperación prioritaria,258,255,0,0,15061540.762215031,29826373.0,2087.0,999.0,0.9942124333333333,0.9942124333333333,100.0,"2087 días sin compensar | 999 días sin transacciones | consumo cupo 99% | saldo expuesto $29,826,373 | mora operativa Mayor a 60",Bloqueo/validación inmediata + gestión prioritaria,Enviar a recuperación/cartera prioritaria; no mezclar con alerta preventiva.
2026-05-02,59143,2026-04-30,BARRIO LOS SAMBULOS ZIPAQUIRA,CERRADO CON SALDO,CERRADO CON SALDO,RECUPERACION,CUNDINAMARCA,ZIPAQUIRÁ,REDEBAN,0.48608375680049226,0.9873256273604313,Crítico,Crítico,Recuperación prioritaria,259,256,0,0,15054176.786169773,30970335.0,554.0,547.0,0.999043064516129,0.999043064516129,100.0,"554 días sin compensar | 547 días sin transacciones | consumo cupo 100% | saldo expuesto $30,970,335 | mora operativa Mayor a 60 | aparece en castigados: Inactividad",Bloqueo/validación inmediata + gestión prioritaria,Enviar a recuperación/cartera prioritaria; no mezclar con alerta preventiva.
2026-05-02,12169,2026-04-30,PUERTO SALGAR,CERRADO CON SALDO,CERRADO CON SALDO,RECUPERACION,CUNDINAMARCA,PUERTO SALGAR,REDEBAN,0.43767812843149784,0.9844046752005833,Crítico,Crítico,Recuperación prioritaria,260,257,0,0,15052588.684000466,34391914.3,2323.0,999.0,0.7642647622222222,0.7642647622222222,100.0,"2323 días sin compensar | 999 días sin transacciones | consumo cupo 76% | saldo expuesto $34,391,914 | mora operativa Mayor a 60",Bloqueo/validación inmediata + gestión prioritaria,Enviar a recuperación/cartera prioritaria; no mezclar con alerta preventiva.
2026-05-02,40547,2026-04-30,BARRIO LA CENTRAL MARIA LA BAJA,CERRADO CON SALDO,CERRADO CON SALDO,RECUPERACION,BOLÍVAR,MARÍA LA BAJA,REDEBAN,0.42995400128465516,0.983874974822829,Crítico,Crítico,Recuperación prioritaria,261,258,0,0,15040716.969768424,34982153.73,1112.0,1026.0,0.9994901065714284,0.9994901065714284,100.0,"1112 días sin compensar | 1026 días sin transacciones | consumo cupo 100% | saldo expuesto $34,982,154 | mora operativa Mayor a 60",Bloqueo/validación inmediata + gestión prioritaria,Enviar a recuperación/cartera prioritaria; no mezclar con alerta preventiva.
2026-05-02,32623,2026-04-30,BARRIO SOACHA COMPARTIR SOACHA 1,CERRADO CON SALDO,CERRADO CON SALDO,RECUPERACION,CUNDINAMARCA,SOACHA,REDEBAN,0.5352304683377583,0.9897263493859856,Crítico,Crítico,Recuperación prioritaria,262,259,0,0,15039923.172474643,28099901.0,2333.0,999.0,1.0035678928571428,1.0035678928571428,100.0,"2333 días sin compensar | 999 días sin transacciones | consumo cupo 100% | saldo expuesto $28,099,901 | mora operativa Mayor a 60",Bloqueo/validación inmediata + gestión prioritaria,Enviar a recuperación/cartera prioritaria; no mezclar con alerta preventiva.
2026-05-02,42169,2026-04-30,BARRIO PRADO ANDES,CERRADO CON SALDO,CERRADO CON SALDO,RECUPERACION,ANTIOQUIA,ANDES,REDEBAN,0.4534591440360529,0.9854285671549362,Crítico,Crítico,Recuperación prioritaria,263,260,0,0,15006388.629267871,33093143.73,163.0,999.0,0.735403194,0.735403194,100.0,"163 días sin compensar | 999 días sin transacciones | consumo cupo 74% | saldo expuesto $33,093,144 | mora operativa Mayor a 60",Bloqueo/validación inmediata + gestión prioritaria,Enviar a recuperación/cartera prioritaria; no mezclar con alerta preventiva.
2026-05-02,39659,2026-04-30,BARRIO EL EDEN MONTERIA,CERRADO CON SALDO,CERRADO CON SALDO,RECUPERACION,CÓRDOBA,MONTERÍA,REDEBAN,0.5757535635289102,0.9913804373781887,Crítico,Crítico,Recuperación prioritaria,264,261,0,0,14962779.679228928,25988166.86,1085.0,1079.0,1.0395266744,1.0395266744,100.0,"1085 días sin compensar | 1079 días sin transacciones | consumo cupo 104% | saldo expuesto $25,988,167 | mora operativa Mayor a 60",Bloqueo/validación inmediata + gestión prioritaria,Enviar a recuperación/cartera prioritaria; no mezclar con alerta preventiva.
2026-05-02,68856,2026-04-30,SAN ANTONIO BOGOTÁ 1,CERRADO CON SALDO,CERRADO CON SALDO,RECUPERACION,CUNDINAMARCA,BOGOTÁ,REDEBAN,0.5555181467662206,0.9905866207659834,Crítico,Crítico,Recuperación prioritaria,265,262,0,0,14956577.818736795,26923653.0,387.0,414.0,0.9971723333333333,0.9971723333333333,100.0,"387 días sin compensar | 414 días sin transacciones | consumo cupo 100% | saldo expuesto $26,923,653 | mora operativa Mayor a 60 | aparece en castigados: Novedad en Operación del punto de servicio",Bloqueo/validación inmediata + gestión prioritaria,Enviar a recuperación/cartera prioritaria; no mezclar con alerta preventiva.
2026-05-02,53169,2026-04-30,BARRIO CENTRO FLORENCIA 6,CERRADO CON SALDO,CERRADO CON SALDO,RECUPERACION,CAQUETÁ,FLORENCIA,REDEBAN,0.5668116060757854,0.9910371226533582,Crítico,Crítico,Recuperación prioritaria,266,263,0,0,14935669.467057314,26350324.0,408.0,947.0,0.5855627555555556,0.5855627555555556,100.0,"408 días sin compensar | 947 días sin transacciones | saldo expuesto $26,350,324 | mora operativa Mayor a 60",Bloqueo/validación inmediata + gestión prioritaria,Enviar a recuperación/cartera prioritaria; no mezclar con alerta preventiva.
2026-05-02,59733,2026-04-30,BARRIO CENTRO CALAMAR 1,CERRADO CON SALDO,CERRADO CON SALDO,RECUPERACION,GUAVIARE,CALAMAR,REDEBAN,0.40506060016344364,0.9820249425838897,Crítico,Crítico,Recuperación prioritaria,267,264,0,0,14926243.320147602,36849408.0,315.0,313.0,5.264201142857143,5.264201142857143,100.0,"315 días sin compensar | 313 días sin transacciones | consumo cupo 526% | saldo expuesto $36,849,408 | mora operativa Mayor a 60 | aparece en castigados: Confidencial",Bloqueo/validación inmediata + gestión prioritaria,Enviar a recuperación/cartera prioritaria; no mezclar con alerta preventiva.
2026-05-02,29999,2026-04-30,BARRIO BELLA VISTA BELLO,CERRADO CON SALDO,CERRADO CON SALDO,RECUPERACION,ANTIOQUIA,BELLO,REDEBAN,0.5027567215283606,0.9881956034826769,Crítico,Crítico,Recuperación prioritaria,268,265,0,0,14924943.207941242,29686213.17,1163.0,1185.0,1.4843106585,1.4843106585,100.0,"1163 días sin compensar | 1185 días sin transacciones | consumo cupo 148% | saldo expuesto $29,686,213 | mora operativa Mayor a 60",Bloqueo/validación inmediata + gestión prioritaria,Enviar a recuperación/cartera prioritaria; no mezclar con alerta preventiva.
2026-05-02,10062,2026-04-30,BARRIO POPULAR - CALI,CERRADO CON SALDO,CERRADO CON SALDO,RECUPERACION,VALLE DEL CAUCA,CALI,REDEBAN,0.4964652498367061,0.9878745447907797,Crítico,Crítico,Recuperación prioritaria,269,266,0,0,14864463.422998402,29940591.87,4104.0,999.0,0.998019729,0.998019729,100.0,"4104 días sin compensar | 999 días sin transacciones | consumo cupo 100% | saldo expuesto $29,940,592 | mora operativa Mayor a 60",Bloqueo/validación inmediata + gestión prioritaria,Enviar a recuperación/cartera prioritaria; no mezclar con alerta preventiva.
2026-05-02,11033,2026-04-30,PLANADAS II - TOLIMA,CERRADO CON SALDO,CERRADO CON SALDO,RECUPERACION,TOLIMA,PLANADAS,REDEBAN,0.2981478175834328,0.9704464578583775,Crítico,Crítico,Recuperación prioritaria,270,267,0,0,14849291.940957906,49805133.78,968.0,999.0,1.1067807506666667,1.1067807506666667,100.0,"968 días sin compensar | 999 días sin transacciones | consumo cupo 111% | saldo expuesto $49,805,134 | mora operativa Mayor a 60",Bloqueo/validación inmediata + gestión prioritaria,Enviar a recuperación/cartera prioritaria; no mezclar con alerta preventiva.
2026-05-02,17283,2026-04-30,BARRIO MOLINOS DE CONFANDI PALMIRA,CERRADO CON SALDO,CERRADO CON SALDO,RECUPERACION,VALLE DEL CAUCA,PALMIRA,REDEBAN,0.504211870783316,0.9882686591497697,Crítico,Crítico,Recuperación prioritaria,271,268,0,0,14845880.202986328,29443734.0,275.0,852.0,0.9814578,0.9814578,100.0,"275 días sin compensar | 852 días sin transacciones | consumo cupo 98% | saldo expuesto $29,443,734 | mora operativa Mayor a 60",Bloqueo/validación inmediata + gestión prioritaria,Enviar a recuperación/cartera prioritaria; no mezclar con alerta preventiva.
2026-05-02,31045,2026-04-30,BARRIO CENTRO,CERRADO CON SALDO,CERRADO CON SALDO,RECUPERACION,CUNDINAMARCA,ARBELÁEZ,REDEBAN,0.4252656257582958,0.9835437015094012,Crítico,Crítico,Recuperación prioritaria,272,269,0,0,14838574.820757419,34892485.83,410.0,999.0,1.3956994332,1.3956994332,100.0,"410 días sin compensar | 999 días sin transacciones | consumo cupo 140% | saldo expuesto $34,892,486 | mora operativa Mayor a 60",Bloqueo/validación inmediata + gestión prioritaria,Enviar a recuperación/cartera prioritaria; no mezclar con alerta preventiva.
2026-05-02,33126,2026-04-30,BARRIO BOCA GRANDE SAN PELAYO,CERRADO CON SALDO,CERRADO CON SALDO,RECUPERACION,CÓRDOBA,SAN PELAYO,REDEBAN,0.42543086531722785,0.9835555059887656,Crítico,Crítico,Recuperación prioritaria,273,270,0,0,14836973.86605176,34875170.27,703.0,752.0,0.9964334362857143,0.9964334362857143,100.0,"703 días sin compensar | 752 días sin transacciones | consumo cupo 100% | saldo expuesto $34,875,170 | mora operativa Mayor a 60 | aparece en castigados: Inactividad",Bloqueo/validación inmediata + gestión prioritaria,Enviar a recuperación/cartera prioritaria; no mezclar con alerta preventiva.
2026-05-02,11996,2026-04-30,BARRIO ESPIRITU SANTO,CERRADO CON SALDO,CERRADO CON SALDO,RECUPERACION,ANTIOQUIA,BELLO,REDEBAN,0.5490610781255031,0.9903201542072864,Crítico,Crítico,Recuperación prioritaria,274,271,0,0,14824506.726869803,26999740.68,979.0,999.0,0.899991356,0.899991356,100.0,"979 días sin compensar | 999 días sin transacciones | consumo cupo 90% | saldo expuesto $26,999,741 | mora operativa Mayor a 60",Bloqueo/validación inmediata + gestión prioritaria,Enviar a recuperación/cartera prioritaria; no mezclar con alerta preventiva.
2026-05-02,10642,2026-04-30,BARRIO PAN DE YUCA,CERRADO CON SALDO,CERRADO CON SALDO,RECUPERACION,CHOCÓ,QUIBDÓ,REDEBAN,0.3959839069810566,0.9812904128449927,Crítico,Crítico,Recuperación prioritaria,275,272,0,0,14795666.524607914,37364312.7,832.0,999.0,0.8303180600000001,0.8303180600000001,100.0,"832 días sin compensar | 999 días sin transacciones | consumo cupo 83% | saldo expuesto $37,364,313 | mora operativa Mayor a 60",Bloqueo/validación inmediata + gestión prioritaria,Enviar a recuperación/cartera prioritaria; no mezclar con alerta preventiva.
2026-05-02,10307,2026-04-30,PUERTO NARE - ANTIOQUIA,CERRADO CON SALDO,CERRADO CON SALDO,RECUPERACION,ANTIOQUIA,PUERTO NARE,REDEBAN,0.4258066571532557,0.9835823166156308,Crítico,Crítico,Recuperación prioritaria,276,273,0,0,14791064.221703036,34736573.45,3297.0,999.0,0.9924735271428572,0.9924735271428572,100.0,"3297 días sin compensar | 999 días sin transacciones | consumo cupo 99% | saldo expuesto $34,736,573 | mora operativa Mayor a 60",Bloqueo/validación inmediata + gestión prioritaria,Enviar a recuperación/cartera prioritaria; no mezclar con alerta preventiva.
2026-05-02,66908,2026-04-30,BARRIO LAS ACACIAS NEIVA,CERRADO CON SALDO,CERRADO CON SALDO,RECUPERACION,HUILA,NEIVA,REDEBAN,0.4525150671081462,0.9853694071502008,Crítico,Crítico,Recuperación prioritaria,277,274,0,0,14784614.356458593,32672093.0,784.0,793.0,3.2672093,3.2672093,100.0,"784 días sin compensar | 793 días sin transacciones | consumo cupo 327% | saldo expuesto $32,672,093 | mora operativa Mayor a 60 | aparece en castigados: Inactividad",Bloqueo/validación inmediata + gestión prioritaria,Enviar a recuperación/cartera prioritaria; no mezclar con alerta preventiva.
2026-05-02,24064,2026-04-30,BARRIO VILLA SOL - ITAGÜÍ,CERRADO CON SALDO,CERRADO CON SALDO,RECUPERACION,ANTIOQUIA,ITAGÜÍ,REDEBAN,0.4935954375084802,0.9877252328400239,Crítico,Crítico,Recuperación prioritaria,278,275,0,0,14779775.481631244,29943095.82,1470.0,999.0,0.7485773955,0.7485773955,100.0,"1470 días sin compensar | 999 días sin transacciones | consumo cupo 75% | saldo expuesto $29,943,096 | mora operativa Mayor a 60",Bloqueo/validación inmediata + gestión prioritaria,Enviar a recuperación/cartera prioritaria; no mezclar con alerta preventiva.
2026-05-02,53528,2026-04-30,BARRIO SANTA ISABEL PURIFICACION,CERRADO CON SALDO,CERRADO CON SALDO,RECUPERACION,TOLIMA,PURIFICACIÓN,REDEBAN,0.5886873006174209,0.9918572621638495,Crítico,Crítico,Recuperación prioritaria,279,276,0,0,14775939.983597448,25099811.0,232.0,248.0,0.7171374571428571,0.7171374571428571,100.0,"232 días sin compensar | 248 días sin transacciones | consumo cupo 72% | saldo expuesto $25,099,811 | mora operativa Mayor a 60 | aparece en castigados: Inactividad",Bloqueo/validación inmediata + gestión prioritaria,Enviar a recuperación/cartera prioritaria; no mezclar con alerta preventiva.
2026-05-02,11510,2026-04-30,TAME II - ARAUCA,CERRADO CON SALDO,CERRADO CON SALDO,RECUPERACION,ARAUCA,TAME,REDEBAN,0.36968279371782836,0.9789516626642416,Crítico,Crítico,Recuperación prioritaria,280,277,0,0,14766059.457539337,39942512.09,1403.0,999.0,0.99856280225,0.99856280225,100.0,"1403 días sin compensar | 999 días sin transacciones | consumo cupo 100% | saldo expuesto $39,942,512 | mora operativa Mayor a 60",Bloqueo/validación inmediata + gestión prioritaria,Enviar a recuperación/cartera prioritaria; no mezclar con alerta preventiva.
2026-05-02,10333,2026-04-30,VALDIVIA II,CERRADO CON SALDO,CERRADO CON SALDO,RECUPERACION,ANTIOQUIA,VALDIVIA,REDEBAN,0.38917616914267994,0.9807162715647553,Crítico,Crítico,Recuperación prioritaria,281,278,0,0,14741346.756538441,37878338.72,216.0,999.0,0.9469584679999999,0.9469584679999999,100.0,"216 días sin compensar | 999 días sin transacciones | consumo cupo 95% | saldo expuesto $37,878,339 | mora operativa Mayor a 60",Bloqueo/validación inmediata + gestión prioritaria,Enviar a recuperación/cartera prioritaria; no mezclar con alerta preventiva.
2026-05-02,18965,2026-04-30,BARRIO CENTRO II ACHI,CERRADO CON SALDO,CERRADO CON SALDO,RECUPERACION,BOLÍVAR,ACHÍ,REDEBAN,0.49035963537792887,0.9875546729806577,Crítico,Crítico,Recuperación prioritaria,282,279,0,0,14709535.70210984,29997444.0,1351.0,999.0,0.9999148,0.9999148,100.0,"1351 días sin compensar | 999 días sin transacciones | consumo cupo 100% | saldo expuesto $29,997,444 | mora operativa Mayor a 60",Bloqueo/validación inmediata + gestión prioritaria,Enviar a recuperación/cartera prioritaria; no mezclar con alerta preventiva.
2026-05-02,41726,2026-04-30,BARRIO SANTA ISABEL BOGOTA,CERRADO CON SALDO,CERRADO CON SALDO,RECUPERACION,CUNDINAMARCA,BOGOTÁ,REDEBAN,0.6014801768716789,0.9923072450583826,Crítico,Crítico,Recuperación prioritaria,283,280,0,0,14699040.529650075,24438113.0,1375.0,999.0,0.6741548413793104,0.6741548413793104,100.0,"1375 días sin compensar | 999 días sin transacciones | saldo expuesto $24,438,113 | mora operativa Mayor a 60",Bloqueo/validación inmediata + gestión prioritaria,Enviar a recuperación/cartera prioritaria; no mezclar con alerta preventiva.
2026-05-02,57480,2026-04-30,BARRIO BUENOS AIRES VDA EL TRIUNFO VILLANUEVA,CERRADO CON SALDO,CERRADO CON SALDO,RECUPERACION,CASANARE,VILLANUEVA,REDEBAN,0.3879060406191508,0.980606852572246,Crítico,Crítico,Recuperación prioritaria,284,281,0,0,14679222.237284474,37842211.0,400.0,396.0,1.9916953157894737,1.9916953157894737,100.0,"400 días sin compensar | 396 días sin transacciones | consumo cupo 199% | saldo expuesto $37,842,211 | mora operativa Mayor a 60 | aparece en castigados: Novedad en Operación del punto de servicio",Bloqueo/validación inmediata + gestión prioritaria,Enviar a recuperación/cartera prioritaria; no mezclar con alerta preventiva.
2026-05-02,25832,2026-04-30,CENTRO TAURAMENA III - CASANARE,CERRADO CON SALDO,CERRADO CON SALDO,RECUPERACION,CASANARE,TAURAMENA,REDEBAN,0.3921154344724478,0.9809666816222644,Crítico,Crítico,Recuperación prioritaria,285,282,0,0,14666984.267699244,37404761.4,1219.0,999.0,0.8312169199999999,0.8312169199999999,100.0,"1219 días sin compensar | 999 días sin transacciones | consumo cupo 83% | saldo expuesto $37,404,761 | mora operativa Mayor a 60",Bloqueo/validación inmediata + gestión prioritaria,Enviar a recuperación/cartera prioritaria; no mezclar con alerta preventiva.
2026-05-02,37777,2026-04-30,BARRIO PRADO VERANIEGO BOGOTA 1,CERRADO CON SALDO,CERRADO CON SALDO,RECUPERACION,CUNDINAMARCA,BOGOTÁ,REDEBAN,0.5161715367432009,0.9888526434842144,Crítico,Crítico,Recuperación prioritaria,286,283,0,0,14644912.35527541,28372181.17,2479.0,999.0,1.8914787446666668,1.8914787446666668,100.0,"2479 días sin compensar | 999 días sin transacciones | consumo cupo 189% | saldo expuesto $28,372,181 | mora operativa Mayor a 60",Bloqueo/validación inmediata + gestión prioritaria,Enviar a recuperación/cartera prioritaria; no mezclar con alerta preventiva.
2026-05-02,16581,2026-04-30,BARRIO OBRERO PALMIRA,CERRADO CON SALDO,CERRADO CON SALDO,RECUPERACION,VALLE DEL CAUCA,PALMIRA,REDEBAN,0.504211870783316,0.9882686591497697,Crítico,Crítico,Recuperación prioritaria,287,284,0,0,14613275.624741888,28982410.91,3000.0,999.0,0.9993934796551724,0.9993934796551724,100.0,"3000 días sin compensar | 999 días sin transacciones | consumo cupo 100% | saldo expuesto $28,982,411 | mora operativa Mayor a 60",Bloqueo/validación inmediata + gestión prioritaria,Enviar a recuperación/cartera prioritaria; no mezclar con alerta preventiva.
2026-05-02,35991,2026-04-30,BARRIO CENTRO IQUIRA,CERRADO CON SALDO,CERRADO CON SALDO,RECUPERACION,HUILA,ÍQUIRA,REDEBAN,0.4310043065508913,0.9839481615939609,Crítico,Crítico,Recuperación prioritaria,288,285,0,0,14592103.00799886,33856049.2,1221.0,999.0,0.9673156914285715,0.9673156914285715,100.0,"1221 días sin compensar | 999 días sin transacciones | consumo cupo 97% | saldo expuesto $33,856,049 | mora operativa Mayor a 60",Bloqueo/validación inmediata + gestión prioritaria,Enviar a recuperación/cartera prioritaria; no mezclar con alerta preventiva.
2026-05-02,30537,2026-04-30,BARRIO BAHONDO GIRON,CERRADO CON SALDO,CERRADO CON SALDO,RECUPERACION,SANTANDER,GIRÓN,REDEBAN,0.33069025650144224,0.9747803511249618,Crítico,Crítico,Recuperación prioritaria,289,286,0,0,14583037.530981183,44098782.0,658.0,658.0,0.9799729333333334,0.9799729333333334,100.0,"658 días sin compensar | 658 días sin transacciones | consumo cupo 98% | saldo expuesto $44,098,782 | mora operativa Mayor a 60 | aparece en castigados: Confidencial",Bloqueo/validación inmediata + gestión prioritaria,Enviar a recuperación/cartera prioritaria; no mezclar con alerta preventiva.
2026-05-02,42042,2026-04-30,BARRIO EL RECREO BOSCONIA 1,CERRADO CON SALDO,CERRADO CON SALDO,RECUPERACION,CESAR,BOSCONIA,REDEBAN,0.44102946970123647,0.9846285003983837,Crítico,Crítico,Recuperación prioritaria,290,287,0,0,14510456.563394852,32901331.0,795.0,999.0,0.7311406888888888,0.7311406888888888,100.0,"795 días sin compensar | 999 días sin transacciones | consumo cupo 73% | saldo expuesto $32,901,331 | mora operativa Mayor a 60",Bloqueo/validación inmediata + gestión prioritaria,Enviar a recuperación/cartera prioritaria; no mezclar con alerta preventiva.
2026-05-02,11730,2026-04-30,NUQUI - CHOCO,CERRADO CON SALDO,CERRADO CON SALDO,RECUPERACION,CHOCÓ,NUQUÍ,REDEBAN,0.2533988606698436,0.962649402843297,Crítico,Crítico,Recuperación prioritaria,291,288,0,0,14466177.822404087,57088566.95,3349.0,999.0,0.9514761158333334,0.9514761158333334,100.0,"3349 días sin compensar | 999 días sin transacciones | consumo cupo 95% | saldo expuesto $57,088,567 | mora operativa Mayor a 60",Bloqueo/validación inmediata + gestión prioritaria,Enviar a recuperación/cartera prioritaria; no mezclar con alerta preventiva.
2026-05-02,41128,2026-04-30,BARRIO CIUDAD PORFIA VILLAVICENCIO 4,CERRADO CON SALDO,CERRADO CON SALDO,RECUPERACION,META,VILLAVICENCIO,REDEBAN,0.4941406865015729,0.9877537417531586,Crítico,Medio,Recuperación prioritaria,292,289,0,0,14463510.405543221,29270025.32,7.0,35.0,0.9756675106666667,0.9756675106666667,55.0,"35 días sin transacciones | consumo cupo 98% | saldo expuesto $29,270,025",Monitoreo y recordatorio preventivo,Enviar a recuperación/cartera prioritaria; no mezclar con alerta preventiva.
2026-05-02,10870,2026-04-30,TOLUVIEJO - SUCRE,CERRADO CON SALDO,CERRADO CON SALDO,RECUPERACION,SUCRE,TOLÚ VIEJO,REDEBAN,0.38309555167852083,0.9801856599146971,Crítico,Crítico,Recuperación prioritaria,293,290,0,0,14444244.32683294,37704025.18,2005.0,999.0,0.9426006295,0.9426006295,100.0,"2005 días sin compensar | 999 días sin transacciones | consumo cupo 94% | saldo expuesto $37,704,025 | mora operativa Mayor a 60",Bloqueo/validación inmediata + gestión prioritaria,Enviar a recuperación/cartera prioritaria; no mezclar con alerta preventiva.
2026-05-02,70555,2026-04-30,BARRIO CICACIAS FLORENCIA,CERRADO CON SALDO,CERRADO CON SALDO,RECUPERACION,CAQUETÁ,FLORENCIA,REDEBAN,0.5142834855421458,0.9887623568691771,Crítico,Crítico,Recuperación prioritaria,294,291,0,0,14439480.852383416,28076890.0,443.0,473.0,0.9358963333333333,0.9358963333333333,100.0,"443 días sin compensar | 473 días sin transacciones | consumo cupo 94% | saldo expuesto $28,076,890 | mora operativa Mayor a 60 | aparece en castigados: Inactividad",Bloqueo/validación inmediata + gestión prioritaria,Enviar a recuperación/cartera prioritaria; no mezclar con alerta preventiva.
2026-05-02,31685,2026-04-30,BARRIO TACARIGUA  CARTAGENA DE INDIAS,CERRADO CON SALDO,CERRADO CON SALDO,RECUPERACION,BOLÍVAR,CARTAGENA DE INDIAS,REDEBAN,0.481623107990914,0.9870821290718066,Crítico,Crítico,Recuperación prioritaria,295,292,0,0,14427917.555226408,29956863.19,332.0,329.0,0.9985621063333334,0.9985621063333334,100.0,"332 días sin compensar | 329 días sin transacciones | consumo cupo 100% | saldo expuesto $29,956,863 | mora operativa Mayor a 60 | aparece en castigados: Inactividad",Bloqueo/validación inmediata + gestión prioritaria,Enviar a recuperación/cartera prioritaria; no mezclar con alerta preventiva.
2026-05-02,24119,2026-04-30,BARRIO LAS PALMAS II - LA DORADA,CERRADO CON SALDO,CERRADO CON SALDO,RECUPERACION,CALDAS,LA DORADA,REDEBAN,0.4118085074958273,0.9825493359417583,Crítico,Crítico,Recuperación prioritaria,296,293,0,0,14409771.857912777,34991438.0,3385.0,999.0,0.9997553714285714,0.9997553714285714,100.0,"3385 días sin compensar | 999 días sin transacciones | consumo cupo 100% | saldo expuesto $34,991,438 | mora operativa Mayor a 60",Bloqueo/validación inmediata + gestión prioritaria,Enviar a recuperación/cartera prioritaria; no mezclar con alerta preventiva.
2026-05-02,12488,2026-04-30,BARRIO LA ESPERANZA - CERETE,CERRADO CON SALDO,CERRADO CON SALDO,RECUPERACION,CÓRDOBA,CERETÉ,REDEBAN,0.4796481434991168,0.9869728007008234,Crítico,Crítico,Recuperación prioritaria,297,294,0,0,14370322.268366253,29960133.2,3927.0,999.0,0.9986711066666667,0.9986711066666667,100.0,"3927 días sin compensar | 999 días sin transacciones | consumo cupo 100% | saldo expuesto $29,960,133 | mora operativa Mayor a 60",Bloqueo/validación inmediata + gestión prioritaria,Enviar a recuperación/cartera prioritaria; no mezclar con alerta preventiva.
2026-05-02,43657,2026-04-30,BARRIO LA ESPERANZA VALLEDUPAR 3,CERRADO CON SALDO,CERRADO CON SALDO,RECUPERACION,CESAR,VALLEDUPAR,REDEBAN,0.4786051052612489,0.9869146790442744,Crítico,Crítico,Recuperación prioritaria,298,295,0,0,14357674.634095075,29999000.17,821.0,819.0,0.9999666723333334,0.9999666723333334,100.0,"821 días sin compensar | 819 días sin transacciones | consumo cupo 100% | saldo expuesto $29,999,000 | mora operativa Mayor a 60 | aparece en castigados: Inactividad",Bloqueo/validación inmediata + gestión prioritaria,Enviar a recuperación/cartera prioritaria; no mezclar con alerta preventiva.
2026-05-02,22977,2026-04-30,BARRIO SALECIANO III - TULUÁ,CERRADO CON SALDO,CERRADO CON SALDO,RECUPERACION,VALLE DEL CAUCA,TULUÁ,REDEBAN,0.36061901460104484,0.9780643564891277,Crítico,Crítico,Recuperación prioritaria,299,296,0,0,14337567.900884613,39758213.85,266.0,999.0,0.99395534625,0.99395534625,100.0,"266 días sin compensar | 999 días sin transacciones | consumo cupo 99% | saldo expuesto $39,758,214 | mora operativa Mayor a 60",Bloqueo/validación inmediata + gestión prioritaria,Enviar a recuperación/cartera prioritaria; no mezclar con alerta preventiva.
2026-05-02,42650,2026-04-30,BARRIO CENTRO EL PEÑON 1,CERRADO CON SALDO,CERRADO CON SALDO,RECUPERACION,CUNDINAMARCA,EL PEÑÓN,REDEBAN,0.47229858025127747,0.9865575213758495,Crítico,Crítico,Recuperación prioritaria,300,297,0,0,14333970.167070264,30349382.29,940.0,934.0,1.0116460763333333,1.0116460763333333,100.0,"940 días sin compensar | 934 días sin transacciones | consumo cupo 101% | saldo expuesto $30,349,382 | mora operativa Mayor a 60",Bloqueo/validación inmediata + gestión prioritaria,Enviar a recuperación/cartera prioritaria; no mezclar con alerta preventiva.
2026-05-02,10494,2026-04-30,SAN FRANCISCO - PUTUMAYO,CERRADO CON SALDO,CERRADO CON SALDO,RECUPERACION,PUTUMAYO,SAN FRANCISCO,REDEBAN,0.28617731386113987,0.968601011533935,Crítico,Crítico,Recuperación prioritaria,301,298,0,0,14308865.615789117,49999999.73,1431.0,999.0,0.9999999945999999,0.9999999945999999,100.0,"1431 días sin compensar | 999 días sin transacciones | consumo cupo 100% | saldo expuesto $50,000,000 | mora operativa Mayor a 60",Bloqueo/validación inmediata + gestión prioritaria,Enviar a recuperación/cartera prioritaria; no mezclar con alerta preventiva.
2026-05-02,41519,2026-04-30,BARRIO NIÑA CECI CUCUTA,CERRADO CON SALDO,CERRADO CON SALDO,RECUPERACION,NORTE DE SANTANDER,CÚCUTA,REDEBAN,0.5070888422218383,0.9884117964853361,Crítico,Crítico,Recuperación prioritaria,302,299,0,0,14294927.223995527,28190182.93,1123.0,1059.0,1.252897019111111,1.252897019111111,100.0,"1123 días sin compensar | 1059 días sin transacciones | consumo cupo 125% | saldo expuesto $28,190,183 | mora operativa Mayor a 60",Bloqueo/validación inmediata + gestión prioritaria,Enviar a recuperación/cartera prioritaria; no mezclar con alerta preventiva.
2026-05-02,26899,2026-04-30,URB VILLA RIVERA RIO SANTA MARTA,CERRADO CON SALDO,CERRADO CON SALDO,RECUPERACION,MAGDALENA,SANTA MARTA,REDEBAN,0.35611726222912027,0.9776064352418739,Crítico,Crítico,Recuperación prioritaria,303,300,0,0,14244690.360962596,39999999.64,1317.0,999.0,0.999999991,0.999999991,100.0,"1317 días sin compensar | 999 días sin transacciones | consumo cupo 100% | saldo expuesto $40,000,000 | mora operativa Mayor a 60",Bloqueo/validación inmediata + gestión prioritaria,Enviar a recuperación/cartera prioritaria; no mezclar con alerta preventiva.
2026-05-02,34175,2026-04-30,BARRIO FERRARA ITAGUI 1,CERRADO CON SALDO,CERRADO CON SALDO,RECUPERACION,ANTIOQUIA,ITAGÜÍ,REDEBAN,0.429298995981008,0.9838291447333343,Crítico,Crítico,Recuperación prioritaria,304,301,0,0,14175094.4427331,33019165.14,91.0,260.0,0.9434047182857143,0.9434047182857143,100.0,"91 días sin compensar | 260 días sin transacciones | consumo cupo 94% | saldo expuesto $33,019,165 | mora operativa Mayor a 60 | aparece en castigados: Confidencial",Bloqueo/validación inmediata + gestión prioritaria,Enviar a recuperación/cartera prioritaria; no mezclar con alerta preventiva.
2026-05-02,43421,2026-04-30,BARRIO ENCISO MEDELLIN 7,CERRADO CON SALDO,CERRADO CON SALDO,RECUPERACION,ANTIOQUIA,MEDELLÍN,REDEBAN,0.6057084065366004,0.9924514707838114,Crítico,Crítico,Recuperación prioritaria,305,302,0,0,14152443.473967379,23365109.88,176.0,304.0,0.6314894562162162,0.6314894562162162,100.0,"176 días sin compensar | 304 días sin transacciones | saldo expuesto $23,365,110 | mora operativa Mayor a 60 | aparece en castigados: Inactividad",Bloqueo/validación inmediata + gestión prioritaria,Enviar a recuperación/cartera prioritaria; no mezclar con alerta preventiva.
2026-05-02,41574,2026-04-30,BARRIO JORDAN 7 ETAPA IBAGUE 2,CERRADO CON SALDO,CERRADO CON SALDO,RECUPERACION,TOLIMA,IBAGUÉ,REDEBAN,0.4647302224878009,0.986115488276452,Crítico,Crítico,Recuperación prioritaria,306,303,0,0,14150570.54453105,30449000.0,1564.0,999.0,3.0449,3.0449,100.0,"1564 días sin compensar | 999 días sin transacciones | consumo cupo 304% | saldo expuesto $30,449,000 | mora operativa Mayor a 60",Bloqueo/validación inmediata + gestión prioritaria,Enviar a recuperación/cartera prioritaria; no mezclar con alerta preventiva.
2026-05-02,10203,2026-04-30,VALDIVIA - ANTIOQUIA,CERRADO CON SALDO,CERRADO CON SALDO,RECUPERACION,ANTIOQUIA,VALDIVIA,REDEBAN,0.35183738911432855,0.977159953616596,Crítico,Crítico,Recuperación prioritaria,307,304,0,0,14136406.264101848,40178806.18,2828.0,999.0,0.9896257679802956,0.9896257679802956,100.0,"2828 días sin compensar | 999 días sin transacciones | consumo cupo 99% | saldo expuesto $40,178,806 | mora operativa Mayor a 60",Bloqueo/validación inmediata + gestión prioritaria,Enviar a recuperación/cartera prioritaria; no mezclar con alerta preventiva.
2026-05-02,49086,2026-04-30,BARRIO SANTA ELENA POPAYAN 1,CERRADO CON SALDO,CERRADO CON SALDO,RECUPERACION,CAUCA,POPAYÁN,REDEBAN,0.48003818911259505,0.9869944673113793,Crítico,Crítico,Recuperación prioritaria,308,305,0,0,14125125.337167189,29425003.38,372.0,342.0,1.0146552889655172,1.0146552889655172,100.0,"372 días sin compensar | 342 días sin transacciones | consumo cupo 101% | saldo expuesto $29,425,003 | mora operativa Mayor a 60 | aparece en castigados: Inactividad",Bloqueo/validación inmediata + gestión prioritaria,Enviar a recuperación/cartera prioritaria; no mezclar con alerta preventiva.
2026-05-02,56107,2026-04-30,BARRIO LA FLORESTA MONTERIA 4,CERRADO CON SALDO,CERRADO CON SALDO,RECUPERACION,CÓRDOBA,MONTERÍA,REDEBAN,0.6049247211454235,0.9924249033914313,Crítico,Crítico,Recuperación prioritaria,309,306,0,0,14082459.376677183,23279689.0,1.0,372.0,0.7509577096774194,0.7509577096774194,90.0,"372 días sin transacciones | consumo cupo 75% | saldo expuesto $23,279,689 | mora operativa Mayor a 60 | aparece en castigados: Inactividad",Bloqueo/validación inmediata + gestión prioritaria,Enviar a recuperación/cartera prioritaria; no mezclar con alerta preventiva.
2026-05-02,10274,2026-04-30,BARRIO ALEJANDRO ECHAVARRIA,CERRADO CON SALDO,CERRADO CON SALDO,RECUPERACION,ANTIOQUIA,MEDELLÍN,REDEBAN,0.5638862666023503,0.990922278266602,Crítico,Crítico,Recuperación prioritaria,310,307,0,0,14076236.99206545,24962900.9,4215.0,999.0,0.9985160359999999,0.9985160359999999,100.0,"4215 días sin compensar | 999 días sin transacciones | consumo cupo 100% | saldo expuesto $24,962,901 | mora operativa Mayor a 60",Bloqueo/validación inmediata + gestión prioritaria,Enviar a recuperación/cartera prioritaria; no mezclar con alerta preventiva.
2026-05-02,61445,2026-04-30,BARRIO ALTO TRES ESQUINAS GIGANTE,CERRADO CON SALDO,CERRADO CON SALDO,RECUPERACION,HUILA,GIGANTE,REDEBAN,0.4658517485460286,0.9861819403694713,Crítico,Crítico,Recuperación prioritaria,311,308,0,0,14063215.506718753,30188178.0,765.0,792.0,0.9147932727272727,0.9147932727272727,100.0,"765 días sin compensar | 792 días sin transacciones | consumo cupo 91% | saldo expuesto $30,188,178 | mora operativa Mayor a 60 | aparece en castigados: Inactividad",Bloqueo/validación inmediata + gestión prioritaria,Enviar a recuperación/cartera prioritaria; no mezclar con alerta preventiva.
2026-05-02,10293,2026-04-30,BARRIO LA COLINITA II,CERRADO CON SALDO,CERRADO CON SALDO,RECUPERACION,ANTIOQUIA,MEDELLÍN,REDEBAN,0.5638862666023503,0.990922278266602,Crítico,Crítico,Recuperación prioritaria,312,309,0,0,14062497.023517108,24938534.34,4463.0,999.0,0.9975413736,0.9975413736,100.0,"4463 días sin compensar | 999 días sin transacciones | consumo cupo 100% | saldo expuesto $24,938,534 | mora operativa Mayor a 60",Bloqueo/validación inmediata + gestión prioritaria,Enviar a recuperación/cartera prioritaria; no mezclar con alerta preventiva.
2026-05-02,20605,2026-04-30,BARRIO ARAUCA III ARAUCA,CERRADO CON SALDO,CERRADO CON SALDO,RECUPERACION,ARAUCA,ARAUCA,REDEBAN,0.42553445646178717,0.9835629015399692,Crítico,Crítico,Recuperación prioritaria,313,310,0,0,14042637.063238977,33000000.0,412.0,638.0,0.9428571428571428,0.9428571428571428,100.0,"412 días sin compensar | 638 días sin transacciones | consumo cupo 94% | saldo expuesto $33,000,000 | mora operativa Mayor a 60 | aparece en castigados: Inactividad",Bloqueo/validación inmediata + gestión prioritaria,Enviar a recuperación/cartera prioritaria; no mezclar con alerta preventiva.
2026-05-02,25731,2026-04-30,BARRIO BOLIVAR - YUNBO,CERRADO CON SALDO,CERRADO CON SALDO,RECUPERACION,VALLE DEL CAUCA,YUMBO,REDEBAN,0.3057428162594367,0.971541649982133,Crítico,Crítico,Recuperación prioritaria,314,311,0,0,14020212.597497653,45856229.0,1745.0,999.0,1.019027311111111,1.019027311111111,100.0,"1745 días sin compensar | 999 días sin transacciones | consumo cupo 102% | saldo expuesto $45,856,229 | mora operativa Mayor a 60",Bloqueo/validación inmediata + gestión prioritaria,Enviar a recuperación/cartera prioritaria; no mezclar con alerta preventiva.
2026-05-02,31150,2026-04-30,BARRIO BOLOMBOLO,CERRADO CON SALDO,CERRADO CON SALDO,RECUPERACION,ANTIOQUIA,VENECIA,REDEBAN,0.45714874903619573,0.9856573282844523,Crítico,Crítico,Recuperación prioritaria,315,312,0,0,13988741.663235111,30599978.0,1743.0,999.0,1.0199992666666666,1.0199992666666666,100.0,"1743 días sin compensar | 999 días sin transacciones | consumo cupo 102% | saldo expuesto $30,599,978 | mora operativa Mayor a 60",Bloqueo/validación inmediata + gestión prioritaria,Enviar a recuperación/cartera prioritaria; no mezclar con alerta preventiva.
2026-05-02,16513,2026-04-30,BARRIO CENTRO VI ZIPAQUIRA,CERRADO CON SALDO,CERRADO CON SALDO,RECUPERACION,CUNDINAMARCA,ZIPAQUIRÁ,REDEBAN,0.5090342396554606,0.9885076183657445,Crítico,Crítico,Recuperación prioritaria,316,313,0,0,13976391.24533177,27456682.0,2961.0,999.0,0.9984248,0.9984248,100.0,"2961 días sin compensar | 999 días sin transacciones | consumo cupo 100% | saldo expuesto $27,456,682 | mora operativa Mayor a 60",Bloqueo/validación inmediata + gestión prioritaria,Enviar a recuperación/cartera prioritaria; no mezclar con alerta preventiva.
2026-05-02,40169,2026-04-30,BARRIO CENTRO MELGAR 3,CERRADO CON SALDO,CERRADO CON SALDO,RECUPERACION,TOLIMA,MELGAR,REDEBAN,0.4663000127229037,0.9862084071524508,Crítico,Crítico,Recuperación prioritaria,317,314,0,0,13966374.786967777,29951478.46,1148.0,1171.0,0.9983826153333334,0.9983826153333334,100.0,"1148 días sin compensar | 1171 días sin transacciones | consumo cupo 100% | saldo expuesto $29,951,478 | mora operativa Mayor a 60",Bloqueo/validación inmediata + gestión prioritaria,Enviar a recuperación/cartera prioritaria; no mezclar con alerta preventiva.
2026-05-02,10914,2026-04-30,BELEN - BOYACA,CERRADO CON SALDO,CERRADO CON SALDO,RECUPERACION,BOYACÁ,BELÉN,REDEBAN,0.23267299005479872,0.9580209371205723,Crítico,Crítico,Recuperación prioritaria,318,315,0,0,13934477.315343063,59888676.0,592.0,578.0,0.9981446,0.9981446,100.0,"592 días sin compensar | 578 días sin transacciones | consumo cupo 100% | saldo expuesto $59,888,676 | mora operativa Mayor a 60 | aparece en castigados: Confidencial",Bloqueo/validación inmediata + gestión prioritaria,Enviar a recuperación/cartera prioritaria; no mezclar con alerta preventiva.
2026-05-02,57364,2026-04-30,BARRIO FUENTE HIGUERAS TUNJA 1,CERRADO CON SALDO,CERRADO CON SALDO,RECUPERACION,BOYACÁ,TUNJA,REDEBAN,0.4557686583510342,0.9855722132676067,Crítico,Crítico,Recuperación prioritaria,319,316,0,0,13922195.660708135,30546628.0,837.0,822.0,1.90916425,1.90916425,100.0,"837 días sin compensar | 822 días sin transacciones | consumo cupo 191% | saldo expuesto $30,546,628 | mora operativa Mayor a 60 | aparece en castigados: Inactividad",Bloqueo/validación inmediata + gestión prioritaria,Enviar a recuperación/cartera prioritaria; no mezclar con alerta preventiva.
2026-05-02,24357,2026-04-30,BARRIO CENTRO - AGUSTÍN CODAZZI,CERRADO CON SALDO,CERRADO CON SALDO,RECUPERACION,CESAR,AGUSTÍN CODAZZI,REDEBAN,0.403581646269079,0.9819075861998812,Crítico,Crítico,Recuperación prioritaria,320,317,0,0,13847448.044928808,34311391.94,1639.0,999.0,1.1437130646666667,1.1437130646666667,100.0,"1639 días sin compensar | 999 días sin transacciones | consumo cupo 114% | saldo expuesto $34,311,392 | mora operativa Mayor a 60",Bloqueo/validación inmediata + gestión prioritaria,Enviar a recuperación/cartera prioritaria; no mezclar con alerta preventiva.
2026-05-02,24412,2026-04-30,BARRIO CENTRO V - MELGAR,CERRADO CON SALDO,CERRADO CON SALDO,RECUPERACION,TOLIMA,MELGAR,REDEBAN,0.4354756803690518,0.9842556282944585,Crítico,Crítico,Recuperación prioritaria,321,318,0,0,13824555.164561262,31745871.9,2695.0,999.0,0.9998699811023621,0.9998699811023621,100.0,"2695 días sin compensar | 999 días sin transacciones | consumo cupo 100% | saldo expuesto $31,745,872 | mora operativa Mayor a 60",Bloqueo/validación inmediata + gestión prioritaria,Enviar a recuperación/cartera prioritaria; no mezclar con alerta preventiva.
2026-05-02,41311,2026-04-30,BARRIO USME PUEBLO BOGOTA,CERRADO CON SALDO,CERRADO CON SALDO,RECUPERACION,CUNDINAMARCA,BOGOTÁ,REDEBAN,0.5479480500211329,0.9902735463015893,Crítico,Crítico,Recuperación prioritaria,322,319,0,0,13789120.651425937,25165014.55,823.0,818.0,1.0066005820000001,1.0066005820000001,100.0,"823 días sin compensar | 818 días sin transacciones | consumo cupo 101% | saldo expuesto $25,165,015 | mora operativa Mayor a 60 | aparece en castigados: Seguridad y Riesgos",Bloqueo/validación inmediata + gestión prioritaria,Enviar a recuperación/cartera prioritaria; no mezclar con alerta preventiva.
2026-05-02,13911,2026-04-30,BARRIO CAMPO HERMOSO BUCARAMANGA,CERRADO CON SALDO,CERRADO CON SALDO,RECUPERACION,SANTANDER,BUCARAMANGA,REDEBAN,0.5222955459378749,0.9891407462553751,Crítico,Crítico,Recuperación prioritaria,323,320,0,0,13786419.36362063,26395820.28,2654.0,999.0,0.8798606760000001,0.8798606760000001,100.0,"2654 días sin compensar | 999 días sin transacciones | consumo cupo 88% | saldo expuesto $26,395,820 | mora operativa Mayor a 60",Bloqueo/validación inmediata + gestión prioritaria,Enviar a recuperación/cartera prioritaria; no mezclar con alerta preventiva.
2026-05-02,67473,2026-04-30,BARRIO ENVIGADO ENVIGADO 5,CERRADO CON SALDO,CERRADO CON SALDO,RECUPERACION,ANTIOQUIA,ENVIGADO,REDEBAN,0.4942959109149843,0.9877618457229603,Crítico,Crítico,Recuperación prioritaria,324,321,0,0,13695253.648102084,27706589.0,738.0,814.0,0.8148996764705883,0.8148996764705883,100.0,"738 días sin compensar | 814 días sin transacciones | consumo cupo 81% | saldo expuesto $27,706,589 | mora operativa Mayor a 60 | aparece en castigados: Inactividad",Bloqueo/validación inmediata + gestión prioritaria,Enviar a recuperación/cartera prioritaria; no mezclar con alerta preventiva.
2026-05-02,32976,2026-04-30,BARRIO CAQUEZA CAQUEZA,CERRADO CON SALDO,CERRADO CON SALDO,RECUPERACION,CUNDINAMARCA,CÁQUEZA,REDEBAN,0.46169554932374335,0.9859339860607877,Crítico,Crítico,Recuperación prioritaria,325,322,0,0,13679332.409085166,29628469.3,462.0,999.0,0.9876156433333334,0.9876156433333334,100.0,"462 días sin compensar | 999 días sin transacciones | consumo cupo 99% | saldo expuesto $29,628,469 | mora operativa Mayor a 60",Bloqueo/validación inmediata + gestión prioritaria,Enviar a recuperación/cartera prioritaria; no mezclar con alerta preventiva.
2026-05-02,10320,2026-04-30,BARRIO MANRIQUE IV,CERRADO CON SALDO,CERRADO CON SALDO,RECUPERACION,ANTIOQUIA,MEDELLÍN,REDEBAN,0.46695838983167326,0.9862471832091951,Crítico,Crítico,Recuperación prioritaria,326,323,0,0,13657540.102343822,29247873.9,2331.0,999.0,0.8356535399999999,0.8356535399999999,100.0,"2331 días sin compensar | 999 días sin transacciones | consumo cupo 84% | saldo expuesto $29,247,874 | mora operativa Mayor a 60",Bloqueo/validación inmediata + gestión prioritaria,Enviar a recuperación/cartera prioritaria; no mezclar con alerta preventiva.
2026-05-02,68187,2026-04-30,BARRIO CENTRO BOGOTA 42,CERRADO CON SALDO,CERRADO CON SALDO,RECUPERACION,CUNDINAMARCA,BOGOTÁ,REDEBAN,0.5705407480285347,0.9911816982173951,Crítico,Crítico,Recuperación prioritaria,327,324,0,0,13623967.625966294,23879044.0,6.0,468.0,0.7702917419354839,0.7702917419354839,90.0,"468 días sin transacciones | consumo cupo 77% | saldo expuesto $23,879,044 | mora operativa Mayor a 60 | aparece en castigados: Inactividad",Bloqueo/validación inmediata + gestión prioritaria,Enviar a recuperación/cartera prioritaria; no mezclar con alerta preventiva.
2026-05-02,69645,2026-04-30,BARRIO ANDALUCIA BOGOTA 4,CERRADO CON SALDO,CERRADO CON SALDO,RECUPERACION,CUNDINAMARCA,BOGOTÁ,REDEBAN,0.5367981236360334,0.9897952897184831,Crítico,Crítico,Recuperación prioritaria,328,325,0,0,13595994.961951025,25327948.0,578.0,577.0,1.01311792,1.01311792,100.0,"578 días sin compensar | 577 días sin transacciones | consumo cupo 101% | saldo expuesto $25,327,948 | mora operativa Mayor a 60 | aparece en castigados: Seguridad y Riesgos",Bloqueo/validación inmediata + gestión prioritaria,Enviar a recuperación/cartera prioritaria; no mezclar con alerta preventiva.
2026-05-02,19185,2026-04-30,EL CARMEN DE VIBORAL,CERRADO CON SALDO,CERRADO CON SALDO,RECUPERACION,ANTIOQUIA,EL CARMEN DE VIBORAL,REDEBAN,0.3365393443073896,0.9754690616644448,Crítico,Crítico,Recuperación prioritaria,329,326,0,0,13571786.722450431,40327489.05,970.0,999.0,0.6721248175,0.6721248175,100.0,"970 días sin compensar | 999 días sin transacciones | saldo expuesto $40,327,489 | mora operativa Mayor a 60",Bloqueo/validación inmediata + gestión prioritaria,Enviar a recuperación/cartera prioritaria; no mezclar con alerta preventiva.
2026-05-02,12015,2026-04-30,MAICAO VI - LA GUAJIRA,CERRADO CON SALDO,CERRADO CON SALDO,RECUPERACION,LA GUAJIRA,MAICAO,REDEBAN,0.49037323209598316,0.9875553946195598,Crítico,Crítico,Recuperación prioritaria,330,327,0,0,13565701.613377469,27664033.69,3403.0,999.0,0.9221344563333334,0.9221344563333334,100.0,"3403 días sin compensar | 999 días sin transacciones | consumo cupo 92% | saldo expuesto $27,664,034 | mora operativa Mayor a 60",Bloqueo/validación inmediata + gestión prioritaria,Enviar a recuperación/cartera prioritaria; no mezclar con alerta preventiva.
2026-05-02,56910,2026-04-30,BARRIO ALCALA ENVIGADO 3,CERRADO CON SALDO,CERRADO CON SALDO,RECUPERACION,ANTIOQUIA,ENVIGADO,REDEBAN,0.46953183242341895,0.9863976581296756,Crítico,Crítico,Recuperación prioritaria,331,328,0,0,13527481.603390511,28810574.0,744.0,756.0,0.9934680689655172,0.9934680689655172,100.0,"744 días sin compensar | 756 días sin transacciones | consumo cupo 99% | saldo expuesto $28,810,574 | mora operativa Mayor a 60 | aparece en castigados: Inactividad",Bloqueo/validación inmediata + gestión prioritaria,Enviar a recuperación/cartera prioritaria; no mezclar con alerta preventiva.
2026-05-02,31012,2026-04-30,BARRIO 	BETANIA 4,CERRADO CON SALDO,CERRADO CON SALDO,RECUPERACION,ANTIOQUIA,BETANIA,REDEBAN,0.46584176457523235,0.9861813502809285,Crítico,Crítico,Recuperación prioritaria,332,329,0,0,13496308.553171553,28971873.24,2738.0,999.0,0.9657291079999999,0.9657291079999999,100.0,"2738 días sin compensar | 999 días sin transacciones | consumo cupo 97% | saldo expuesto $28,971,873 | mora operativa Mayor a 60",Bloqueo/validación inmediata + gestión prioritaria,Enviar a recuperación/cartera prioritaria; no mezclar con alerta preventiva.
2026-05-02,10694,2026-04-30,SANTA RITA - ANDES,CERRADO CON SALDO,CERRADO CON SALDO,RECUPERACION,ANTIOQUIA,ANDES,REDEBAN,0.4941864368816128,0.9877561308497497,Crítico,Crítico,Recuperación prioritaria,333,330,0,0,13491664.320187185,27300758.0,203.0,277.0,0.9100252666666667,0.9100252666666667,100.0,"203 días sin compensar | 277 días sin transacciones | consumo cupo 91% | saldo expuesto $27,300,758 | mora operativa Mayor a 60 | aparece en castigados: Inactividad",Bloqueo/validación inmediata + gestión prioritaria,Enviar a recuperación/cartera prioritaria; no mezclar con alerta preventiva.
2026-05-02,12105,2026-04-30,MAICAO VII - LA GUAJIRA,CERRADO CON SALDO,CERRADO CON SALDO,RECUPERACION,LA GUAJIRA,MAICAO,REDEBAN,0.4500046285806088,0.9852108317481276,Crítico,Crítico,Recuperación prioritaria,334,331,0,0,13489942.594043283,29977341.87,4651.0,999.0,0.999244729,0.999244729,100.0,"4651 días sin compensar | 999 días sin transacciones | consumo cupo 100% | saldo expuesto $29,977,342 | mora operativa Mayor a 60",Bloqueo/validación inmediata + gestión prioritaria,Enviar a recuperación/cartera prioritaria; no mezclar con alerta preventiva.
2026-05-02,55450,2026-04-30,BARRIO LA TRANQUILIDAD AGUSTIN CODAZZI,CERRADO CON SALDO,CERRADO CON SALDO,RECUPERACION,CESAR,AGUSTÍN CODAZZI,REDEBAN,0.4441338753837385,0.9848326967308545,Crítico,Crítico,Recuperación prioritaria,335,332,0,0,13486169.539414758,30365100.0,833.0,829.0,1.9590387096774193,1.9590387096774193,100.0,"833 días sin compensar | 829 días sin transacciones | consumo cupo 196% | saldo expuesto $30,365,100 | mora operativa Mayor a 60 | aparece en castigados: Inactividad",Bloqueo/validación inmediata + gestión prioritaria,Enviar a recuperación/cartera prioritaria; no mezclar con alerta preventiva.
2026-05-02,14261,2026-04-30,SAN JOSE DEL NUS III,CERRADO CON SALDO,CERRADO CON SALDO,RECUPERACION,ANTIOQUIA,MACEO,REDEBAN,0.301088126159367,0.970877080186359,Crítico,Crítico,Recuperación prioritaria,336,333,0,0,13481919.915196972,44777321.8,2373.0,999.0,0.9950515955555554,0.9950515955555554,100.0,"2373 días sin compensar | 999 días sin transacciones | consumo cupo 100% | saldo expuesto $44,777,322 | mora operativa Mayor a 60",Bloqueo/validación inmediata + gestión prioritaria,Enviar a recuperación/cartera prioritaria; no mezclar con alerta preventiva.
2026-05-02,69067,2026-04-30,LA CRUZ LA UNION 1,CERRADO CON SALDO,CERRADO CON SALDO,RECUPERACION,VALLE DEL CAUCA,LA UNIÓN,REDEBAN,0.4502349015039247,0.9852254541134348,Crítico,Crítico,Recuperación prioritaria,337,334,0,0,13464438.164744115,29905363.0,744.0,753.0,0.7668041794871795,0.7668041794871795,100.0,"744 días sin compensar | 753 días sin transacciones | consumo cupo 77% | saldo expuesto $29,905,363 | mora operativa Mayor a 60 | aparece en castigados: Inactividad",Bloqueo/validación inmediata + gestión prioritaria,Enviar a recuperación/cartera prioritaria; no mezclar con alerta preventiva.
2026-05-02,42838,2026-04-30,BARRIO GARUPAL VALLEDUPAR,CERRADO CON SALDO,CERRADO CON SALDO,RECUPERACION,CESAR,VALLEDUPAR,REDEBAN,0.481632285466899,0.9870826349144376,Crítico,Crítico,Recuperación prioritaria,338,335,0,0,13460211.677835695,27947071.0,1179.0,1206.0,1.39735355,1.39735355,100.0,"1179 días sin compensar | 1206 días sin transacciones | consumo cupo 140% | saldo expuesto $27,947,071 | mora operativa Mayor a 60",Bloqueo/validación inmediata + gestión prioritaria,Enviar a recuperación/cartera prioritaria; no mezclar con alerta preventiva.
2026-05-02,39214,2026-04-30,BARRIO PEDREGAL MEDELLIN 7,CERRADO CON SALDO,CERRADO CON SALDO,RECUPERACION,ANTIOQUIA,MEDELLÍN,REDEBAN,0.5516023845497731,0.9904258205814617,Crítico,Crítico,Recuperación prioritaria,339,336,0,0,13455449.829682812,24393385.9,1171.0,999.0,0.9757354359999999,0.9757354359999999,100.0,"1171 días sin compensar | 999 días sin transacciones | consumo cupo 98% | saldo expuesto $24,393,386 | mora operativa Mayor a 60",Bloqueo/validación inmediata + gestión prioritaria,Enviar a recuperación/cartera prioritaria; no mezclar con alerta preventiva.
2026-05-02,12072,2026-04-30,CAQUEZA - CUNDINAMARCA,CERRADO CON SALDO,CERRADO CON SALDO,RECUPERACION,CUNDINAMARCA,CÁQUEZA,REDEBAN,0.37996643680240266,0.9799057872246125,Crítico,Crítico,Recuperación prioritaria,340,337,0,0,13446344.977374006,35388244.0,2026.0,999.0,0.8847061,0.8847061,100.0,"2026 días sin compensar | 999 días sin transacciones | consumo cupo 88% | saldo expuesto $35,388,244 | mora operativa Mayor a 60",Bloqueo/validación inmediata + gestión prioritaria,Enviar a recuperación/cartera prioritaria; no mezclar con alerta preventiva.
2026-05-02,37424,2026-04-30,BARRIO SAN ALONSO BUCARAMANGA 1,CERRADO CON SALDO,CERRADO CON SALDO,RECUPERACION,SANTANDER,BUCARAMANGA,REDEBAN,0.42868617851004576,0.9837861347437742,Crítico,Crítico,Recuperación prioritaria,341,338,0,0,13445521.64427183,31364486.0,441.0,420.0,4.480640857142857,4.480640857142857,100.0,"441 días sin compensar | 420 días sin transacciones | consumo cupo 448% | saldo expuesto $31,364,486 | mora operativa Mayor a 60 | aparece en castigados: Confidencial",Bloqueo/validación inmediata + gestión prioritaria,Enviar a recuperación/cartera prioritaria; no mezclar con alerta preventiva.
2026-05-02,10376,2026-04-30,PUERTO TRIUNFO,CERRADO CON SALDO,CERRADO CON SALDO,RECUPERACION,ANTIOQUIA,PUERTO TRIUNFO,REDEBAN,0.49432368836633406,0.9877632953656823,Crítico,Crítico,Recuperación prioritaria,342,339,0,0,13438148.439372657,27184917.0,427.0,1207.0,0.9061639,0.9061639,100.0,"427 días sin compensar | 1207 días sin transacciones | consumo cupo 91% | saldo expuesto $27,184,917 | mora operativa Mayor a 60",Bloqueo/validación inmediata + gestión prioritaria,Enviar a recuperación/cartera prioritaria; no mezclar con alerta preventiva.
2026-05-02,40542,2026-04-30,BARRIO PABLO NERUDA SIBATE 1,CERRADO CON SALDO,CERRADO CON SALDO,RECUPERACION,CUNDINAMARCA,SIBATÉ,REDEBAN,0.4570200768791275,0.9856494153151263,Crítico,Crítico,Recuperación prioritaria,343,340,0,0,13389733.162861371,29297910.18,1211.0,999.0,0.976597006,0.976597006,100.0,"1211 días sin compensar | 999 días sin transacciones | consumo cupo 98% | saldo expuesto $29,297,910 | mora operativa Mayor a 60",Bloqueo/validación inmediata + gestión prioritaria,Enviar a recuperación/cartera prioritaria; no mezclar con alerta preventiva.
2026-05-02,38710,2026-04-30,BARRIO CENTRO SANTA ROSA DE CABAL 2,CERRADO CON SALDO,CERRADO CON SALDO,RECUPERACION,RISARALDA,SANTA ROSA DE CABAL,REDEBAN,0.3344928750258687,0.9752308886657949,Crítico,Crítico,Recuperación prioritaria,344,341,0,0,13378734.083954092,39997067.45,209.0,171.0,0.99992668625,0.99992668625,100.0,"209 días sin compensar | 171 días sin transacciones | consumo cupo 100% | saldo expuesto $39,997,067 | mora operativa Mayor a 60",Bloqueo/validación inmediata + gestión prioritaria,Enviar a recuperación/cartera prioritaria; no mezclar con alerta preventiva.
2026-05-02,51321,2026-04-30,BARRIO PRIMITIVO CRESPO CALI 1,CERRADO CON SALDO,CERRADO CON SALDO,RECUPERACION,VALLE DEL CAUCA,CALI,REDEBAN,0.5139436132378498,0.9887460297182415,Crítico,Crítico,Recuperación prioritaria,345,342,0,0,13358069.82995951,25991314.0,724.0,872.0,0.8384294838709677,0.8384294838709677,100.0,"724 días sin compensar | 872 días sin transacciones | consumo cupo 84% | saldo expuesto $25,991,314 | mora operativa Mayor a 60",Bloqueo/validación inmediata + gestión prioritaria,Enviar a recuperación/cartera prioritaria; no mezclar con alerta preventiva.
2026-05-02,67027,2026-04-30,BARRIO 5 DE ENERO VALLEDUPAR,CERRADO CON SALDO,CERRADO CON SALDO,RECUPERACION,CESAR,VALLEDUPAR,REDEBAN,0.4764389242484858,0.9867931191310128,Crítico,Crítico,Recuperación prioritaria,346,343,0,0,13340093.58612081,27999588.0,107.0,107.0,0.9999852857142857,0.9999852857142857,100.0,"107 días sin compensar | 107 días sin transacciones | consumo cupo 100% | saldo expuesto $27,999,588 | mora operativa Mayor a 60",Bloqueo/validación inmediata + gestión prioritaria,Enviar a recuperación/cartera prioritaria; no mezclar con alerta preventiva.
2026-05-02,38493,2026-04-30,BARRIO CENTRO MONTERIA 8,CERRADO CON SALDO,CERRADO CON SALDO,RECUPERACION,CÓRDOBA,MONTERÍA,REDEBAN,0.5342426898263783,0.9896826895577961,Crítico,Crítico,Recuperación prioritaria,347,344,0,0,13310773.99014317,24915219.7,931.0,952.0,0.6228804925,0.6228804925,100.0,"931 días sin compensar | 952 días sin transacciones | saldo expuesto $24,915,220 | mora operativa Mayor a 60",Bloqueo/validación inmediata + gestión prioritaria,Enviar a recuperación/cartera prioritaria; no mezclar con alerta preventiva.
2026-05-02,30619,2026-04-30,BARRIO MERCABASTOS 3,CERRADO CON SALDO,CERRADO CON SALDO,RECUPERACION,CESAR,VALLEDUPAR,REDEBAN,0.44329986742096406,0.9847781313881682,Crítico,Crítico,Recuperación prioritaria,348,345,0,0,13284128.18837549,29966461.0,1562.0,999.0,0.9988820333333334,0.9988820333333334,100.0,"1562 días sin compensar | 999 días sin transacciones | consumo cupo 100% | saldo expuesto $29,966,461 | mora operativa Mayor a 60",Bloqueo/validación inmediata + gestión prioritaria,Enviar a recuperación/cartera prioritaria; no mezclar con alerta preventiva.
2026-05-02,39100,2026-04-30,BARRIO CEDRITOS FUSAGASUGA,CERRADO CON SALDO,CERRADO CON SALDO,RECUPERACION,CUNDINAMARCA,FUSAGASUGÁ,REDEBAN,0.48752227269995374,0.9874031555184626,Crítico,Crítico,Recuperación prioritaria,349,346,0,0,13238150.453804173,27153939.82,16.0,999.0,1.2068417697777778,1.2068417697777778,100.0,"999 días sin transacciones | consumo cupo 121% | saldo expuesto $27,153,940 | mora operativa Mayor a 60",Bloqueo/validación inmediata + gestión prioritaria,Enviar a recuperación/cartera prioritaria; no mezclar con alerta preventiva.
2026-05-02,15131,2026-04-30,BARRIO CENTRO XVI MONTERIA,CERRADO CON SALDO,CERRADO CON SALDO,RECUPERACION,CÓRDOBA,MONTERÍA,REDEBAN,0.5758163230666546,0.9913828066196763,Crítico,Crítico,Recuperación prioritaria,350,347,0,0,13237451.913561914,22989018.17,423.0,595.0,0.9195607268000001,0.9195607268000001,100.0,"423 días sin compensar | 595 días sin transacciones | consumo cupo 92% | saldo expuesto $22,989,018 | mora operativa Mayor a 60 | aparece en castigados: Confidencial",Bloqueo/validación inmediata + gestión prioritaria,Enviar a recuperación/cartera prioritaria; no mezclar con alerta preventiva.
2026-05-02,64097,2026-04-30,BARRIO SAN PEDRO ALEJANDRINO IBAGUE 2,CERRADO CON SALDO,CERRADO CON SALDO,RECUPERACION,TOLIMA,IBAGUÉ,REDEBAN,0.5871014179220421,0.9918000085798464,Crítico,Crítico,Recuperación prioritaria,351,348,0,0,13179841.492236177,22449003.0,795.0,814.0,0.7741035517241379,0.7741035517241379,100.0,"795 días sin compensar | 814 días sin transacciones | consumo cupo 77% | saldo expuesto $22,449,003 | mora operativa Mayor a 60 | aparece en castigados: Inactividad",Bloqueo/validación inmediata + gestión prioritaria,Enviar a recuperación/cartera prioritaria; no mezclar con alerta preventiva.
2026-05-02,41126,2026-04-30,BARRIO LUIS R CALVO SANTA MARTA,CERRADO CON SALDO,CERRADO CON SALDO,RECUPERACION,MAGDALENA,SANTA MARTA,REDEBAN,0.4398318514968626,0.984548923028872,Crítico,Crítico,Recuperación prioritaria,352,349,0,0,13178458.666092142,29962492.76,1483.0,999.0,1.4981246380000002,1.4981246380000002,100.0,"1483 días sin compensar | 999 días sin transacciones | consumo cupo 150% | saldo expuesto $29,962,493 | mora operativa Mayor a 60",Bloqueo/validación inmediata + gestión prioritaria,Enviar a recuperación/cartera prioritaria; no mezclar con alerta preventiva.
2026-05-02,13390,2026-04-30,BARRIO CENTRO II MAICAO,CERRADO CON SALDO,CERRADO CON SALDO,RECUPERACION,LA GUAJIRA,MAICAO,REDEBAN,0.43847095930590757,0.9844579473892809,Crítico,Crítico,Recuperación prioritaria,353,350,0,0,13142114.674892245,29972600.0,1536.0,999.0,0.9990866666666667,0.9990866666666667,100.0,"1536 días sin compensar | 999 días sin transacciones | consumo cupo 100% | saldo expuesto $29,972,600 | mora operativa Mayor a 60",Bloqueo/validación inmediata + gestión prioritaria,Enviar a recuperación/cartera prioritaria; no mezclar con alerta preventiva.
2026-05-02,14260,2026-04-30,BARRIO SAN CRISTOBAL VI,CERRADO CON SALDO,CERRADO CON SALDO,RECUPERACION,ANTIOQUIA,MEDELLÍN,REDEBAN,0.5650913363915676,0.9909697413962678,Crítico,Crítico,Recuperación prioritaria,354,351,0,0,13127450.688975386,23230670.59,122.0,1152.0,0.9292268236,0.9292268236,100.0,"122 días sin compensar | 1152 días sin transacciones | consumo cupo 93% | saldo expuesto $23,230,671 | mora operativa Mayor a 60",Bloqueo/validación inmediata + gestión prioritaria,Enviar a recuperación/cartera prioritaria; no mezclar con alerta preventiva.
2026-05-02,10485,2026-04-30,UBAQUE - CUNDINAMARCA,CERRADO CON SALDO,CERRADO CON SALDO,RECUPERACION,CUNDINAMARCA,UBAQUE,REDEBAN,0.37800305007127977,0.9797277441688157,Crítico,Crítico,Recuperación prioritaria,355,352,0,0,13123837.783560414,34718867.43,2783.0,999.0,0.9919676408571428,0.9919676408571428,100.0,"2783 días sin compensar | 999 días sin transacciones | consumo cupo 99% | saldo expuesto $34,718,867 | mora operativa Mayor a 60",Bloqueo/validación inmediata + gestión prioritaria,Enviar a recuperación/cartera prioritaria; no mezclar con alerta preventiva.
2026-05-02,23568,2026-04-30,BARRIO METRÓPOLIS 3 - BUCARAMANGA,CERRADO CON SALDO,CERRADO CON SALDO,RECUPERACION,SANTANDER,BUCARAMANGA,REDEBAN,0.5270565775370146,0.9893598354967423,Crítico,Crítico,Recuperación prioritaria,356,353,0,0,13033499.394924123,24728843.07,2114.0,999.0,0.9999936540094626,0.9999936540094626,100.0,"2114 días sin compensar | 999 días sin transacciones | consumo cupo 100% | saldo expuesto $24,728,843 | mora operativa Mayor a 60",Bloqueo/validación inmediata + gestión prioritaria,Enviar a recuperación/cartera prioritaria; no mezclar con alerta preventiva.
2026-05-02,66618,2026-04-30,BARRIO PORVENIR USME BOGOTA 1,CERRADO CON SALDO,CERRADO CON SALDO,RECUPERACION,CUNDINAMARCA,BOGOTÁ,REDEBAN,0.5879988055487344,0.9918324468634743,Crítico,Crítico,Recuperación prioritaria,357,354,0,0,13028645.273820665,22157605.0,65.0,450.0,0.7640553448275862,0.7640553448275862,100.0,"65 días sin compensar | 450 días sin transacciones | consumo cupo 76% | saldo expuesto $22,157,605 | mora operativa Mayor a 60 | aparece en castigados: Inactividad",Bloqueo/validación inmediata + gestión prioritaria,Enviar a recuperación/cartera prioritaria; no mezclar con alerta preventiva.
2026-05-02,43264,2026-04-30,BARRIO EL BOSQUE CHIGORODO 1,CERRADO CON SALDO,CERRADO CON SALDO,RECUPERACION,ANTIOQUIA,CHIGORODÓ,REDEBAN,0.5206160368924103,0.9890624475289878,Crítico,Crítico,Recuperación prioritaria,358,355,0,0,13011235.973190477,24991999.96,1809.0,999.0,0.8330666653333334,0.8330666653333334,100.0,"1809 días sin compensar | 999 días sin transacciones | consumo cupo 83% | saldo expuesto $24,992,000 | mora operativa Mayor a 60",Bloqueo/validación inmediata + gestión prioritaria,Enviar a recuperación/cartera prioritaria; no mezclar con alerta preventiva.
2026-05-02,40281,2026-04-30,BARRIO KENNEDY GIRARDOT,CERRADO CON SALDO,CERRADO CON SALDO,RECUPERACION,CUNDINAMARCA,GIRARDOT,REDEBAN,0.4191075919336745,0.9830968908007789,Crítico,Crítico,Recuperación prioritaria,359,356,0,0,12995265.41074956,31006991.19,816.0,814.0,1.033566373,1.033566373,100.0,"816 días sin compensar | 814 días sin transacciones | consumo cupo 103% | saldo expuesto $31,006,991 | mora operativa Mayor a 60 | aparece en castigados: Inactividad",Bloqueo/validación inmediata + gestión prioritaria,Enviar a recuperación/cartera prioritaria; no mezclar con alerta preventiva.
2026-05-02,66377,2026-04-30,BARRIO JUAN 23 MEDELLIN 2,CERRADO CON SALDO,CERRADO CON SALDO,RECUPERACION,ANTIOQUIA,MEDELLÍN,REDEBAN,0.6085913561952386,0.9925485687109726,Crítico,Crítico,Recuperación prioritaria,360,357,0,0,12986710.428149667,21338966.28,302.0,435.0,0.6276166552941177,0.6276166552941177,100.0,"302 días sin compensar | 435 días sin transacciones | saldo expuesto $21,338,966 | mora operativa Mayor a 60 | aparece en castigados: Novedad en el establecimiento (Comercio)",Bloqueo/validación inmediata + gestión prioritaria,Enviar a recuperación/cartera prioritaria; no mezclar con alerta preventiva.
2026-05-02,17242,2026-04-30,BARRIO OLAYA III BOGOTA,CERRADO CON SALDO,CERRADO CON SALDO,RECUPERACION,CUNDINAMARCA,BOGOTÁ,REDEBAN,0.5785222437180493,0.9914844342945964,Crítico,Crítico,Recuperación prioritaria,361,358,0,0,12976172.499590041,22429859.25,3041.0,999.0,0.9991028619153675,0.9991028619153675,100.0,"3041 días sin compensar | 999 días sin transacciones | consumo cupo 100% | saldo expuesto $22,429,859 | mora operativa Mayor a 60",Bloqueo/validación inmediata + gestión prioritaria,Enviar a recuperación/cartera prioritaria; no mezclar con alerta preventiva.
2026-05-02,18980,2026-04-30,BARRIO POPULAR 1 MEDELLIN,CERRADO CON SALDO,CERRADO CON SALDO,RECUPERACION,ANTIOQUIA,MEDELLÍN,REDEBAN,0.5285652346134171,0.9894283876360467,Crítico,Crítico,Recuperación prioritaria,362,359,0,0,12940589.89937923,24482484.0,261.0,284.0,0.97929936,0.97929936,100.0,"261 días sin compensar | 284 días sin transacciones | consumo cupo 98% | saldo expuesto $24,482,484 | mora operativa Mayor a 60 | aparece en castigados: Seguridad y Riesgos",Bloqueo/validación inmediata + gestión prioritaria,Enviar a recuperación/cartera prioritaria; no mezclar con alerta preventiva.
2026-05-02,33397,2026-04-30,BARRIO SAN JAVIER 20 JULIO MEDELLIN,CERRADO CON SALDO,CERRADO CON SALDO,RECUPERACION,ANTIOQUIA,MEDELLÍN,REDEBAN,0.5528445944804946,0.990477094660274,Crítico,Crítico,Recuperación prioritaria,363,360,0,0,12936814.043428456,23400453.17,675.0,781.0,0.9360181268000001,0.9360181268000001,100.0,"675 días sin compensar | 781 días sin transacciones | consumo cupo 94% | saldo expuesto $23,400,453 | mora operativa Mayor a 60 | aparece en castigados: Inactividad",Bloqueo/validación inmediata + gestión prioritaria,Enviar a recuperación/cartera prioritaria; no mezclar con alerta preventiva.
2026-05-02,12738,2026-04-30,BARRIO CENTRO - MAICAO,CERRADO CON SALDO,CERRADO CON SALDO,RECUPERACION,LA GUAJIRA,MAICAO,REDEBAN,0.49658412853473577,0.9878806906937856,Crítico,Crítico,Recuperación prioritaria,364,361,0,0,12920327.469372941,26018406.0,417.0,578.0,0.8672802,0.8672802,100.0,"417 días sin compensar | 578 días sin transacciones | consumo cupo 87% | saldo expuesto $26,018,406 | mora operativa Mayor a 60 | aparece en castigados: Confidencial",Bloqueo/validación inmediata + gestión prioritaria,Enviar a recuperación/cartera prioritaria; no mezclar con alerta preventiva.
2026-05-02,52233,2026-04-30,BARRIO CENTRO SABANAS DE SAN ANGEL,CERRADO CON SALDO,CERRADO CON SALDO,RECUPERACION,MAGDALENA,SABANAS DE SAN ÁNGEL,REDEBAN,0.4250333333643558,0.9835270907595681,Crítico,Crítico,Recuperación prioritaria,365,362,0,0,12918696.90260958,30394550.0,240.0,1084.0,1.5197275,1.5197275,100.0,"240 días sin compensar | 1084 días sin transacciones | consumo cupo 152% | saldo expuesto $30,394,550 | mora operativa Mayor a 60",Bloqueo/validación inmediata + gestión prioritaria,Enviar a recuperación/cartera prioritaria; no mezclar con alerta preventiva.
2026-05-02,30371,2026-04-30,BARRIO CENTRO 2 TIMANA,CERRADO CON SALDO,CERRADO CON SALDO,RECUPERACION,HUILA,TIMANÁ,REDEBAN,0.46821768660066065,0.986321033421785,Crítico,Crítico,Recuperación prioritaria,366,363,0,0,12915528.53569581,27584452.5,112.0,999.0,0.6896113125,0.6896113125,100.0,"112 días sin compensar | 999 días sin transacciones | saldo expuesto $27,584,452 | mora operativa Mayor a 60",Bloqueo/validación inmediata + gestión prioritaria,Enviar a recuperación/cartera prioritaria; no mezclar con alerta preventiva.
2026-05-02,61359,2026-04-30,BARRIO CENTRO EL COPEY 8,CERRADO CON SALDO,CERRADO CON SALDO,RECUPERACION,CESAR,EL COPEY,REDEBAN,0.3794776244420783,0.979861638125324,Crítico,Crítico,Recuperación prioritaria,367,364,0,0,12862507.164796326,33895298.0,141.0,146.0,0.9684370857142857,0.9684370857142857,100.0,"141 días sin compensar | 146 días sin transacciones | consumo cupo 97% | saldo expuesto $33,895,298 | mora operativa Mayor a 60",Bloqueo/validación inmediata + gestión prioritaria,Enviar a recuperación/cartera prioritaria; no mezclar con alerta preventiva.
2026-05-02,30681,2026-04-30,BARRIO EL CENTRO,CERRADO CON SALDO,CERRADO CON SALDO,RECUPERACION,SANTANDER,SAN GIL,REDEBAN,0.3552532626996921,0.9775171888317281,Crítico,Crítico,Recuperación prioritaria,368,365,0,0,12846974.355252918,36162860.99,784.0,999.0,0.9040715247500001,0.9040715247500001,100.0,"784 días sin compensar | 999 días sin transacciones | consumo cupo 90% | saldo expuesto $36,162,861 | mora operativa Mayor a 60",Bloqueo/validación inmediata + gestión prioritaria,Enviar a recuperación/cartera prioritaria; no mezclar con alerta preventiva.
2026-05-02,42901,2026-04-30,BARRIO CENTRO CALARCA 4,CERRADO CON SALDO,CERRADO CON SALDO,RECUPERACION,QUINDÍO,CALARCÁ,REDEBAN,0.33992722016461435,0.9758569230704768,Crítico,Crítico,Recuperación prioritaria,369,366,0,0,12841736.190729564,37777899.0,417.0,547.0,3.7777899,3.7777899,100.0,"417 días sin compensar | 547 días sin transacciones | consumo cupo 378% | saldo expuesto $37,777,899 | mora operativa Mayor a 60 | aparece en castigados: Inactividad",Bloqueo/validación inmediata + gestión prioritaria,Enviar a recuperación/cartera prioritaria; no mezclar con alerta preventiva.
2026-05-02,39459,2026-04-30,BARRIO EL SABANAL MONTERIA,CERRADO CON SALDO,CERRADO CON SALDO,RECUPERACION,CÓRDOBA,MONTERÍA,REDEBAN,0.5592270746974806,0.9907367141741465,Crítico,Crítico,Recuperación prioritaria,370,367,0,0,12834193.69783114,22949879.0,2236.0,999.0,0.9786728784648188,0.9786728784648188,100.0,"2236 días sin compensar | 999 días sin transacciones | consumo cupo 98% | saldo expuesto $22,949,879 | mora operativa Mayor a 60",Bloqueo/validación inmediata + gestión prioritaria,Enviar a recuperación/cartera prioritaria; no mezclar con alerta preventiva.
2026-05-02,51041,2026-04-30,BARRIO BRISAS DEL CESAR BOSCONIA 1,CERRADO CON SALDO,CERRADO CON SALDO,RECUPERACION,CESAR,BOSCONIA,REDEBAN,0.42470328706733795,0.9835034573932208,Crítico,Crítico,Recuperación prioritaria,371,368,0,0,12818164.845788091,30181459.0,876.0,843.0,1.0060486333333334,1.0060486333333334,100.0,"876 días sin compensar | 843 días sin transacciones | consumo cupo 101% | saldo expuesto $30,181,459 | mora operativa Mayor a 60 | aparece en castigados: Inactividad",Bloqueo/validación inmediata + gestión prioritaria,Enviar a recuperación/cartera prioritaria; no mezclar con alerta preventiva.
2026-05-02,43149,2026-04-30,BARRIO NUEVOS ALPES CARTAGENA DE INDIAS,CERRADO CON SALDO,CERRADO CON SALDO,RECUPERACION,BOLÍVAR,CARTAGENA DE INDIAS,REDEBAN,0.5276171613691978,0.9893853564673849,Crítico,Crítico,Recuperación prioritaria,372,369,0,0,12817683.797264379,24293530.87,570.0,557.0,1.1042514031818182,1.1042514031818182,100.0,"570 días sin compensar | 557 días sin transacciones | consumo cupo 110% | saldo expuesto $24,293,531 | mora operativa Mayor a 60 | aparece en castigados: Inactividad",Bloqueo/validación inmediata + gestión prioritaria,Enviar a recuperación/cartera prioritaria; no mezclar con alerta preventiva.
2026-05-02,34645,2026-04-30,BARRIO CENTRO  1 CARMEN DE APICALA,CERRADO CON SALDO,CERRADO CON SALDO,RECUPERACION,TOLIMA,CARMEN DE APICALÁ,REDEBAN,0.3814570258873983,0.9800396971358797,Crítico,Crítico,Recuperación prioritaria,373,370,0,0,12810382.03943244,33582766.0,806.0,815.0,0.9595076,0.9595076,100.0,"806 días sin compensar | 815 días sin transacciones | consumo cupo 96% | saldo expuesto $33,582,766 | mora operativa Mayor a 60 | aparece en castigados: Confidencial",Bloqueo/validación inmediata + gestión prioritaria,Enviar a recuperación/cartera prioritaria; no mezclar con alerta preventiva.
2026-05-02,10997,2026-04-30,SAN PEDRO DE URABA II - ANTIOQUIA,CERRADO CON SALDO,CERRADO CON SALDO,RECUPERACION,ANTIOQUIA,SAN PEDRO DE URABÁ,REDEBAN,0.2991270006854618,0.970590814768683,Crítico,Crítico,Recuperación prioritaria,374,371,0,0,12756524.185150297,42645846.6,1648.0,999.0,0.9476854800000001,0.9476854800000001,100.0,"1648 días sin compensar | 999 días sin transacciones | consumo cupo 95% | saldo expuesto $42,645,847 | mora operativa Mayor a 60",Bloqueo/validación inmediata + gestión prioritaria,Enviar a recuperación/cartera prioritaria; no mezclar con alerta preventiva.
2026-05-02,31367,2026-04-30,BARRIO SAN JUAN,CERRADO CON SALDO,CERRADO CON SALDO,RECUPERACION,CÓRDOBA,SAHAGÚN,REDEBAN,0.426839758189826,0.9836557699920259,Crítico,Crítico,Recuperación prioritaria,375,372,0,0,12741330.773801403,29850384.2,1780.0,999.0,0.9966739298831385,0.9966739298831385,100.0,"1780 días sin compensar | 999 días sin transacciones | consumo cupo 100% | saldo expuesto $29,850,384 | mora operativa Mayor a 60",Bloqueo/validación inmediata + gestión prioritaria,Enviar a recuperación/cartera prioritaria; no mezclar con alerta preventiva.
2026-05-02,20556,2026-04-30,BARRIO CHINO II CARTAGENA,CERRADO CON SALDO,CERRADO CON SALDO,RECUPERACION,BOLÍVAR,CARTAGENA DE INDIAS,REDEBAN,0.4357769283996983,0.9842761072643105,Crítico,Crítico,Recuperación prioritaria,376,373,0,0,12713444.95969073,29174203.89,1786.0,999.0,0.9991165715753425,0.9991165715753425,100.0,"1786 días sin compensar | 999 días sin transacciones | consumo cupo 100% | saldo expuesto $29,174,204 | mora operativa Mayor a 60",Bloqueo/validación inmediata + gestión prioritaria,Enviar a recuperación/cartera prioritaria; no mezclar con alerta preventiva.
2026-05-02,34828,2026-04-30,BARRIO BOSA LA PAZ 6 BOGOTA,CERRADO CON SALDO,CERRADO CON SALDO,RECUPERACION,CUNDINAMARCA,BOGOTÁ,REDEBAN,0.5646614546290615,0.9909528348202347,Crítico,Crítico,Recuperación prioritaria,377,374,0,0,12704774.87881605,22499809.0,1661.0,999.0,0.9999915111111111,0.9999915111111111,100.0,"1661 días sin compensar | 999 días sin transacciones | consumo cupo 100% | saldo expuesto $22,499,809 | mora operativa Mayor a 60",Bloqueo/validación inmediata + gestión prioritaria,Enviar a recuperación/cartera prioritaria; no mezclar con alerta preventiva.
2026-05-02,59840,2026-04-30,BARRIO MOGAMBITO MONTERIA,CERRADO CON SALDO,CERRADO CON SALDO,RECUPERACION,CÓRDOBA,MONTERÍA,REDEBAN,0.6007489401104623,0.9922820802177196,Crítico,Crítico,Recuperación prioritaria,378,375,0,0,12701156.644599177,21142204.0,280.0,939.0,0.7047401333333333,0.7047401333333333,100.0,"280 días sin compensar | 939 días sin transacciones | consumo cupo 70% | saldo expuesto $21,142,204 | mora operativa Mayor a 60",Bloqueo/validación inmediata + gestión prioritaria,Enviar a recuperación/cartera prioritaria; no mezclar con alerta preventiva.
2026-05-02,27249,2026-04-30,BARRIO CHINAUTA FUSAGASUGA,CERRADO CON SALDO,CERRADO CON SALDO,RECUPERACION,CUNDINAMARCA,FUSAGASUGÁ,REDEBAN,0.5071630757698481,0.9884154671444602,Crítico,Crítico,Recuperación prioritaria,379,376,0,0,12679076.894246202,25000000.0,1386.0,999.0,0.8333333333333334,0.8333333333333334,100.0,"1386 días sin compensar | 999 días sin transacciones | consumo cupo 83% | saldo expuesto $25,000,000 | mora operativa Mayor a 60",Bloqueo/validación inmediata + gestión prioritaria,Enviar a recuperación/cartera prioritaria; no mezclar con alerta preventiva.
2026-05-02,28568,2026-04-30,BARRIO BOSA 14 BOGOTÁ,CERRADO CON SALDO,CERRADO CON SALDO,RECUPERACION,CUNDINAMARCA,BOGOTÁ,REDEBAN,0.5383299514371032,0.9898622427458731,Crítico,Crítico,Recuperación prioritaria,380,377,0,0,12675433.057065606,23545844.0,343.0,350.0,1.0464819555555556,1.0464819555555556,100.0,"343 días sin compensar | 350 días sin transacciones | consumo cupo 105% | saldo expuesto $23,545,844 | mora operativa Mayor a 60 | aparece en castigados: Inactividad",Bloqueo/validación inmediata + gestión prioritaria,Enviar a recuperación/cartera prioritaria; no mezclar con alerta preventiva.
2026-05-02,24493,2026-04-30,BARRIO SAMARIA 2 (II) - PEREIRA,CERRADO CON SALDO,CERRADO CON SALDO,RECUPERACION,RISARALDA,PEREIRA,REDEBAN,0.38219991720864027,0.980106034845263,Crítico,Crítico,Recuperación prioritaria,381,378,0,0,12655844.086687092,33113152.35,1086.0,1117.0,0.8278288087500001,0.8278288087500001,100.0,"1086 días sin compensar | 1117 días sin transacciones | consumo cupo 83% | saldo expuesto $33,113,152 | mora operativa Mayor a 60",Bloqueo/validación inmediata + gestión prioritaria,Enviar a recuperación/cartera prioritaria; no mezclar con alerta preventiva.
2026-05-02,66378,2026-04-30,BARRIO SANTO DOMINGO MEDELLIN 4,CERRADO CON SALDO,CERRADO CON SALDO,RECUPERACION,ANTIOQUIA,MEDELLÍN,REDEBAN,0.5394067580976863,0.9899090660359983,Crítico,Crítico,Recuperación prioritaria,382,379,0,0,12635043.404223397,23423962.0,231.0,578.0,0.93695848,0.93695848,100.0,"231 días sin compensar | 578 días sin transacciones | consumo cupo 94% | saldo expuesto $23,423,962 | mora operativa Mayor a 60 | aparece en castigados: Confidencial",Bloqueo/validación inmediata + gestión prioritaria,Enviar a recuperación/cartera prioritaria; no mezclar con alerta preventiva.
2026-05-02,63464,2026-04-30,BARRIO LA CUMBRE FLORIDABLANCA 5,CERRADO CON SALDO,CERRADO CON SALDO,RECUPERACION,SANTANDER,FLORIDABLANCA,REDEBAN,0.44533328013098744,0.9849107950644587,Crítico,Crítico,Recuperación prioritaria,383,380,0,0,12627043.952826357,28354144.0,751.0,816.0,0.886067,0.886067,100.0,"751 días sin compensar | 816 días sin transacciones | consumo cupo 89% | saldo expuesto $28,354,144 | mora operativa Mayor a 60 | aparece en castigados: Inactividad",Bloqueo/validación inmediata + gestión prioritaria,Enviar a recuperación/cartera prioritaria; no mezclar con alerta preventiva.
2026-05-02,14653,2026-04-30,BARRIO CALLE 11 LA DORADA,CERRADO CON SALDO,CERRADO CON SALDO,RECUPERACION,CALDAS,LA DORADA,REDEBAN,0.4324789298897939,0.9840502921115943,Crítico,Crítico,Recuperación prioritaria,384,381,0,0,12624140.292119522,29190185.74,2916.0,999.0,0.7297546435,0.7297546435,100.0,"2916 días sin compensar | 999 días sin transacciones | consumo cupo 73% | saldo expuesto $29,190,186 | mora operativa Mayor a 60",Bloqueo/validación inmediata + gestión prioritaria,Enviar a recuperación/cartera prioritaria; no mezclar con alerta preventiva.
2026-05-02,12262,2026-04-30,MAICAO VIII - LA GUAJIRA,CERRADO CON SALDO,CERRADO CON SALDO,RECUPERACION,LA GUAJIRA,MAICAO,REDEBAN,0.49658412853473577,0.9878806906937856,Crítico,Crítico,Recuperación prioritaria,385,382,0,0,12610781.603875574,25395055.7,3940.0,999.0,0.8465018566666667,0.8465018566666667,100.0,"3940 días sin compensar | 999 días sin transacciones | consumo cupo 85% | saldo expuesto $25,395,056 | mora operativa Mayor a 60",Bloqueo/validación inmediata + gestión prioritaria,Enviar a recuperación/cartera prioritaria; no mezclar con alerta preventiva.
2026-05-02,19791,2026-04-30,CENTRO VILLETA - CUNDINAMARCA,CERRADO CON SALDO,CERRADO CON SALDO,RECUPERACION,CUNDINAMARCA,VILLETA,REDEBAN,0.45052411702372286,0.9852437972549409,Crítico,Crítico,Recuperación prioritaria,386,383,0,0,12610574.155626973,27990897.0,2601.0,999.0,0.9330299,0.9330299,100.0,"2601 días sin compensar | 999 días sin transacciones | consumo cupo 93% | saldo expuesto $27,990,897 | mora operativa Mayor a 60",Bloqueo/validación inmediata + gestión prioritaria,Enviar a recuperación/cartera prioritaria; no mezclar con alerta preventiva.
2026-05-02,12081,2026-04-30,PELAYA II,CERRADO CON SALDO,CERRADO CON SALDO,RECUPERACION,CESAR,PELAYA,REDEBAN,0.31634020960861503,0.9729807943835768,Crítico,Crítico,Recuperación prioritaria,387,384,0,0,12606724.835605325,39851793.9,408.0,999.0,0.88559542,0.88559542,100.0,"408 días sin compensar | 999 días sin transacciones | consumo cupo 89% | saldo expuesto $39,851,794 | mora operativa Mayor a 60",Bloqueo/validación inmediata + gestión prioritaria,Enviar a recuperación/cartera prioritaria; no mezclar con alerta preventiva.
2026-05-02,31427,2026-04-30,BARRIO TERRANOVA V,CERRADO CON SALDO,CERRADO CON SALDO,RECUPERACION,VALLE DEL CAUCA,JAMUNDÍ,REDEBAN,0.4318312086765795,0.9840055210518054,Crítico,Crítico,Recuperación prioritaria,388,385,0,0,12600732.830428649,29179764.17,1421.0,999.0,0.9726588056666667,0.9726588056666667,100.0,"1421 días sin compensar | 999 días sin transacciones | consumo cupo 97% | saldo expuesto $29,179,764 | mora operativa Mayor a 60",Bloqueo/validación inmediata + gestión prioritaria,Enviar a recuperación/cartera prioritaria; no mezclar con alerta preventiva.
2026-05-02,32973,2026-04-30,BARRIO FURATENA MONTERIA,CERRADO CON SALDO,CERRADO CON SALDO,RECUPERACION,CÓRDOBA,MONTERÍA,REDEBAN,0.5615277003377753,0.9908287533489497,Crítico,Crítico,Recuperación prioritaria,389,386,0,0,12599950.441591624,22438697.92,1117.0,1101.0,0.9972754631111111,0.9972754631111111,100.0,"1117 días sin compensar | 1101 días sin transacciones | consumo cupo 100% | saldo expuesto $22,438,698 | mora operativa Mayor a 60",Bloqueo/validación inmediata + gestión prioritaria,Enviar a recuperación/cartera prioritaria; no mezclar con alerta preventiva.
2026-05-02,39694,2026-04-30,BARRIO ESTADIO MEDELLIN 1,CERRADO CON SALDO,CERRADO CON SALDO,RECUPERACION,ANTIOQUIA,MEDELLÍN,REDEBAN,0.49168299190853454,0.9876247127478996,Crítico,Crítico,Recuperación prioritaria,390,387,0,0,12552619.581857663,25529904.0,807.0,999.0,0.8509968,0.8509968,100.0,"807 días sin compensar | 999 días sin transacciones | consumo cupo 85% | saldo expuesto $25,529,904 | mora operativa Mayor a 60",Bloqueo/validación inmediata + gestión prioritaria,Enviar a recuperación/cartera prioritaria; no mezclar con alerta preventiva.
2026-05-02,42422,2026-04-30,BARRIO 2 DE SEPTIEMBRE MONTERIA 1,CERRADO CON SALDO,CERRADO CON SALDO,RECUPERACION,CÓRDOBA,MONTERÍA,REDEBAN,0.5574592225763774,0.9906654382187186,Crítico,Crítico,Recuperación prioritaria,391,388,0,0,12542832.496819306,22499999.98,1659.0,999.0,1.4999999986666668,1.4999999986666668,100.0,"1659 días sin compensar | 999 días sin transacciones | consumo cupo 150% | saldo expuesto $22,500,000 | mora operativa Mayor a 60",Bloqueo/validación inmediata + gestión prioritaria,Enviar a recuperación/cartera prioritaria; no mezclar con alerta preventiva.
2026-05-02,10646,2026-04-30,EL BANCO II - MAGDALENA,CERRADO CON SALDO,CERRADO CON SALDO,RECUPERACION,MAGDALENA,EL BANCO,REDEBAN,0.3105978869682429,0.9722133376190829,Crítico,Crítico,Recuperación prioritaria,392,389,0,0,12515905.876108875,40296172.0,1434.0,999.0,1.0074043,1.0074043,100.0,"1434 días sin compensar | 999 días sin transacciones | consumo cupo 101% | saldo expuesto $40,296,172 | mora operativa Mayor a 60",Bloqueo/validación inmediata + gestión prioritaria,Enviar a recuperación/cartera prioritaria; no mezclar con alerta preventiva.
2026-05-02,20526,2026-04-30,CENTRO SAMANA I - CALDAS,CERRADO CON SALDO,CERRADO CON SALDO,RECUPERACION,CALDAS,SAMANÁ,REDEBAN,0.32566028382238665,0.9741679300444367,Crítico,Crítico,Recuperación prioritaria,393,390,0,0,12497808.014796318,38376825.9,2841.0,999.0,0.8528183533333333,0.8528183533333333,100.0,"2841 días sin compensar | 999 días sin transacciones | consumo cupo 85% | saldo expuesto $38,376,826 | mora operativa Mayor a 60",Bloqueo/validación inmediata + gestión prioritaria,Enviar a recuperación/cartera prioritaria; no mezclar con alerta preventiva.
2026-05-02,19781,2026-04-30,CENTRO FONSECA - GUAJIRA,CERRADO CON SALDO,CERRADO CON SALDO,RECUPERACION,LA GUAJIRA,FONSECA,REDEBAN,0.2804542403965588,0.9676625567091667,Crítico,Crítico,Recuperación prioritaria,394,391,0,0,12492780.291250557,44544808.0,3244.0,999.0,0.9898846222222222,0.9898846222222222,100.0,"3244 días sin compensar | 999 días sin transacciones | consumo cupo 99% | saldo expuesto $44,544,808 | mora operativa Mayor a 60",Bloqueo/validación inmediata + gestión prioritaria,Enviar a recuperación/cartera prioritaria; no mezclar con alerta preventiva.
2026-05-02,42171,2026-04-30,BARRIO CENTRO MARIA LA BAJA 1,CERRADO CON SALDO,CERRADO CON SALDO,RECUPERACION,BOLÍVAR,MARÍA LA BAJA,REDEBAN,0.30807293291662186,0.9718666936064763,Crítico,Crítico,Recuperación prioritaria,395,392,0,0,12457338.163338518,40436328.0,830.0,853.0,0.8985850666666667,0.8985850666666667,100.0,"830 días sin compensar | 853 días sin transacciones | consumo cupo 90% | saldo expuesto $40,436,328 | mora operativa Mayor a 60",Bloqueo/validación inmediata + gestión prioritaria,Enviar a recuperación/cartera prioritaria; no mezclar con alerta preventiva.
2026-05-02,22570,2026-04-30,BARRIO NARIÑO III - BOGOTÁ,CERRADO CON SALDO,CERRADO CON SALDO,RECUPERACION,CUNDINAMARCA,BOGOTÁ,REDEBAN,0.5692489507671329,0.9911318457265721,Crítico,Crítico,Recuperación prioritaria,396,393,0,0,12447579.973226763,21866671.79,3082.0,999.0,0.9999849906251429,0.9999849906251429,100.0,"3082 días sin compensar | 999 días sin transacciones | consumo cupo 100% | saldo expuesto $21,866,672 | mora operativa Mayor a 60",Bloqueo/validación inmediata + gestión prioritaria,Enviar a recuperación/cartera prioritaria; no mezclar con alerta preventiva.
2026-05-02,36811,2026-04-30,BARRIO BELLO ANTIOQUIA 2,CERRADO CON SALDO,CERRADO CON SALDO,RECUPERACION,ANTIOQUIA,BELLO,REDEBAN,0.4775522294668203,0.9868557390952494,Crítico,Crítico,Recuperación prioritaria,397,394,0,0,12440262.984333118,26050057.39,228.0,221.0,1.0420022956000001,1.0420022956000001,100.0,"228 días sin compensar | 221 días sin transacciones | consumo cupo 104% | saldo expuesto $26,050,057 | mora operativa Mayor a 60 | aparece en castigados: Inactividad",Bloqueo/validación inmediata + gestión prioritaria,Enviar a recuperación/cartera prioritaria; no mezclar con alerta preventiva.
2026-05-02,29299,2026-04-30,BARRIO CENTRO 2 SARDINATA,CERRADO CON SALDO,CERRADO CON SALDO,RECUPERACION,NORTE DE SANTANDER,SARDINATA,WOMPI,0.3104648724055044,0.972195219035608,Crítico,Crítico,Recuperación prioritaria,398,395,0,0,12397374.932656132,39931651.0,52.0,58.0,1.99658255,1.99658255,100.0,"52 días sin compensar | 58 días sin transacciones | consumo cupo 200% | saldo expuesto $39,931,651 | mora operativa 31-60",Bloqueo/validación inmediata + gestión prioritaria,Enviar a recuperación/cartera prioritaria; no mezclar con alerta preventiva.
2026-05-02,61667,2026-04-30,BARRIO LOS ALISOS SOGAMOSO,CERRADO CON SALDO,CERRADO CON SALDO,RECUPERACION,BOYACÁ,SOGAMOSO,REDEBAN,0.3798701889496206,0.9798971034466085,Crítico,Crítico,Recuperación prioritaria,399,396,0,0,12395720.015512554,32631463.0,426.0,781.0,3.2631463,3.2631463,100.0,"426 días sin compensar | 781 días sin transacciones | consumo cupo 326% | saldo expuesto $32,631,463 | mora operativa Mayor a 60 | aparece en castigados: Inactividad",Bloqueo/validación inmediata + gestión prioritaria,Enviar a recuperación/cartera prioritaria; no mezclar con alerta preventiva.
2026-05-02,41892,2026-04-30,BARRIO LA  CRISANA CHINACOTA,CERRADO CON SALDO,CERRADO CON SALDO,RECUPERACION,NORTE DE SANTANDER,CHINÁCOTA,REDEBAN,0.3467120465686168,0.9766104287560681,Crítico,Crítico,Recuperación prioritaria,400,397,0,0,12395202.177093161,35750711.0,1122.0,1117.0,0.7944602444444444,0.7944602444444444,100.0,"1122 días sin compensar | 1117 días sin transacciones | consumo cupo 79% | saldo expuesto $35,750,711 | mora operativa Mayor a 60",Bloqueo/validación inmediata + gestión prioritaria,Enviar a recuperación/cartera prioritaria; no mezclar con alerta preventiva.
2026-05-02,33718,2026-04-30,BARRIO CENTRO MONTERIA 4,CERRADO CON SALDO,CERRADO CON SALDO,RECUPERACION,CÓRDOBA,MONTERÍA,REDEBAN,0.5500155687271766,0.9903599634354077,Crítico,Crítico,Recuperación prioritaria,401,398,0,0,12372362.061776578,22494567.0,2373.0,999.0,1.4996378,1.4996378,100.0,"2373 días sin compensar | 999 días sin transacciones | consumo cupo 150% | saldo expuesto $22,494,567 | mora operativa Mayor a 60",Bloqueo/validación inmediata + gestión prioritaria,Enviar a recuperación/cartera prioritaria; no mezclar con alerta preventiva.
2026-05-02,15193,2026-04-30,BARRIO EL CARMELO BOGOTA,CERRADO CON SALDO,CERRADO CON SALDO,RECUPERACION,CUNDINAMARCA,BOGOTÁ,REDEBAN,0.594215333319875,0.9920542675506427,Crítico,Crítico,Recuperación prioritaria,402,399,0,0,12359085.240629572,20799000.88,24.0,483.0,0.8319600352,0.8319600352,90.0,"483 días sin transacciones | consumo cupo 83% | saldo expuesto $20,799,001 | mora operativa Mayor a 60 | aparece en castigados: Inactividad",Bloqueo/validación inmediata + gestión prioritaria,Enviar a recuperación/cartera prioritaria; no mezclar con alerta preventiva.
2026-05-02,25842,2026-04-30,BARRIO LA DOCTORA SABANETA,CERRADO CON SALDO,CERRADO CON SALDO,RECUPERACION,ANTIOQUIA,SABANETA,REDEBAN,0.2806072796057373,0.9676881533514742,Crítico,Crítico,Recuperación prioritaria,403,400,0,0,12320211.894162646,43905532.0,171.0,608.0,0.9756784888888889,0.9756784888888889,100.0,"171 días sin compensar | 608 días sin transacciones | consumo cupo 98% | saldo expuesto $43,905,532 | mora operativa Mayor a 60 | aparece en castigados: Inactividad",Bloqueo/validación inmediata + gestión prioritaria,Enviar a recuperación/cartera prioritaria; no mezclar con alerta preventiva.
2026-05-02,42473,2026-04-30,BARRIO CENTRO SAN BENITO ABAD 1,CERRADO CON SALDO,CERRADO CON SALDO,RECUPERACION,SUCRE,SAN BENITO ABAD,REDEBAN,0.5593849430071948,0.9907430557024878,Crítico,Crítico,Recuperación prioritaria,404,401,0,0,12318247.138736695,22021055.97,322.0,289.0,2.202105597,2.202105597,100.0,"322 días sin compensar | 289 días sin transacciones | consumo cupo 220% | saldo expuesto $22,021,056 | mora operativa Mayor a 60 | aparece en castigados: Confidencial",Bloqueo/validación inmediata + gestión prioritaria,Enviar a recuperación/cartera prioritaria; no mezclar con alerta preventiva.
2026-05-02,34679,2026-04-30,BARRIO ARAGUANEY YOPAL,CERRADO CON SALDO,CERRADO CON SALDO,RECUPERACION,CASANARE,YOPAL,REDEBAN,0.3906586820006709,0.9808430595296491,Crítico,Crítico,Recuperación prioritaria,405,402,0,0,12307731.458677795,31505075.98,1514.0,999.0,1.0501691993333333,1.0501691993333333,100.0,"1514 días sin compensar | 999 días sin transacciones | consumo cupo 105% | saldo expuesto $31,505,076 | mora operativa Mayor a 60",Bloqueo/validación inmediata + gestión prioritaria,Enviar a recuperación/cartera prioritaria; no mezclar con alerta preventiva.
2026-05-02,10058,2026-04-30,FRONTINO - ANTIOQUIA,CERRADO CON SALDO,CERRADO CON SALDO,RECUPERACION,ANTIOQUIA,FRONTINO,REDEBAN,0.26453032933179577,0.9648364656901678,Crítico,Crítico,Recuperación prioritaria,406,403,0,0,12279478.021354226,46419924.9,11.0,999.0,0.9876579765957446,0.9876579765957446,100.0,"999 días sin transacciones | consumo cupo 99% | saldo expuesto $46,419,925 | mora operativa Mayor a 60",Bloqueo/validación inmediata + gestión prioritaria,Enviar a recuperación/cartera prioritaria; no mezclar con alerta preventiva.
2026-05-02,53847,2026-04-30,BARRIO LIBERTADORES CUBARA,CERRADO CON SALDO,CERRADO CON SALDO,RECUPERACION,BOYACÁ,CUBARÁ,REDEBAN,0.35953427952582534,0.9779550908584212,Crítico,Crítico,Recuperación prioritaria,407,404,0,0,12257245.533868674,34092008.0,21.0,74.0,1.8940004444444445,1.8940004444444445,100.0,"74 días sin transacciones | consumo cupo 189% | saldo expuesto $34,092,008 | mora operativa Mayor a 60",Bloqueo/validación inmediata + gestión prioritaria,Enviar a recuperación/cartera prioritaria; no mezclar con alerta preventiva.
2026-05-02,28852,2026-04-30,BARRIO MARÍA COPACABANA,CERRADO CON SALDO,CERRADO CON SALDO,RECUPERACION,ANTIOQUIA,COPACABANA,REDEBAN,0.2729468196878784,0.9663714470081677,Crítico,Crítico,Recuperación prioritaria,408,405,0,0,12252824.755004408,44890886.69,2802.0,999.0,0.9975752597777777,0.9975752597777777,100.0,"2802 días sin compensar | 999 días sin transacciones | consumo cupo 100% | saldo expuesto $44,890,887 | mora operativa Mayor a 60",Bloqueo/validación inmediata + gestión prioritaria,Enviar a recuperación/cartera prioritaria; no mezclar con alerta preventiva.
2026-05-02,16052,2026-04-30,BARRIO PLAZA MINORISTA V MEDELLIN,CERRADO CON SALDO,CERRADO CON SALDO,RECUPERACION,ANTIOQUIA,MEDELLÍN,REDEBAN,0.49054133565608654,0.9875643131560581,Crítico,Crítico,Recuperación prioritaria,410,406,0,0,12233188.013837142,24938139.0,429.0,999.0,0.8312713,0.8312713,100.0,"429 días sin compensar | 999 días sin transacciones | consumo cupo 83% | saldo expuesto $24,938,139 | mora operativa Mayor a 60",Bloqueo/validación inmediata + gestión prioritaria,Enviar a recuperación/cartera prioritaria; no mezclar con alerta preventiva.
2026-05-02,27840,2026-04-30,SECTOR ARAUCA  - ARAUCA,CERRADO CON SALDO,CERRADO CON SALDO,RECUPERACION,ARAUCA,ARAUCA,REDEBAN,0.23368405552556354,0.9582656747697023,Crítico,Crítico,Recuperación prioritaria,411,407,0,0,12214151.010030938,52267798.0,841.0,895.0,3.4845198666666666,3.4845198666666666,100.0,"841 días sin compensar | 895 días sin transacciones | consumo cupo 348% | saldo expuesto $52,267,798 | mora operativa Mayor a 60",Bloqueo/validación inmediata + gestión prioritaria,Enviar a recuperación/cartera prioritaria; no mezclar con alerta preventiva.
2026-05-02,11932,2026-04-30,ALTAMIRA - BETULIA,CERRADO CON SALDO,CERRADO CON SALDO,RECUPERACION,ANTIOQUIA,BETULIA,REDEBAN,0.40746612243955477,0.982213941732376,Crítico,Crítico,Recuperación prioritaria,412,408,0,0,12177597.84389864,29886160.28,3090.0,999.0,0.9962053426666667,0.9962053426666667,100.0,"3090 días sin compensar | 999 días sin transacciones | consumo cupo 100% | saldo expuesto $29,886,160 | mora operativa Mayor a 60",Bloqueo/validación inmediata + gestión prioritaria,Enviar a recuperación/cartera prioritaria; no mezclar con alerta preventiva.
2026-05-02,41930,2026-04-30,BARRIO FRANCISCO ANTONIO ZEA MEDELLIN,CERRADO CON SALDO,CERRADO CON SALDO,RECUPERACION,ANTIOQUIA,MEDELLÍN,REDEBAN,0.5224387770475615,0.9891473990383737,Crítico,Crítico,Recuperación prioritaria,413,409,0,0,12172395.5338108,23299180.82,1150.0,999.0,1.0355191475555556,1.0355191475555556,100.0,"1150 días sin compensar | 999 días sin transacciones | consumo cupo 104% | saldo expuesto $23,299,181 | mora operativa Mayor a 60",Bloqueo/validación inmediata + gestión prioritaria,Enviar a recuperación/cartera prioritaria; no mezclar con alerta preventiva.
2026-05-02,11119,2026-04-30,ALVARADO - TOLIMA,CERRADO CON SALDO,CERRADO CON SALDO,RECUPERACION,TOLIMA,ALVARADO,REDEBAN,0.2988653355085065,0.9705523321993299,Crítico,Crítico,Recuperación prioritaria,414,410,0,0,12160840.07748648,40690032.04,794.0,843.0,0.9688102866666667,0.9688102866666667,100.0,"794 días sin compensar | 843 días sin transacciones | consumo cupo 97% | saldo expuesto $40,690,032 | mora operativa Mayor a 60 | aparece en castigados: Inactividad",Bloqueo/validación inmediata + gestión prioritaria,Enviar a recuperación/cartera prioritaria; no mezclar con alerta preventiva.
2026-05-02,62769,2026-04-30,BARRIO CIUDAD VALENCIA FLORIDABLANCA 2,CERRADO CON SALDO,CERRADO CON SALDO,RECUPERACION,SANTANDER,FLORIDABLANCA,REDEBAN,0.35148975910974367,0.9771231997766076,Crítico,Crítico,Recuperación prioritaria,415,411,0,0,12154645.921225807,34580370.0,846.0,781.0,3.458037,3.458037,100.0,"846 días sin compensar | 781 días sin transacciones | consumo cupo 346% | saldo expuesto $34,580,370 | mora operativa Mayor a 60 | aparece en castigados: Inactividad",Bloqueo/validación inmediata + gestión prioritaria,Enviar a recuperación/cartera prioritaria; no mezclar con alerta preventiva.
2026-05-02,65751,2026-04-30,BARRIO CENTRO CHIPAQUE 2,CERRADO CON SALDO,CERRADO CON SALDO,RECUPERACION,CUNDINAMARCA,CHIPAQUE,REDEBAN,0.4756287178471224,0.986747354289187,Crítico,Crítico,Recuperación prioritaria,416,412,0,0,12143971.213282939,25532460.0,11.0,872.0,0.797889375,0.797889375,90.0,"872 días sin transacciones | consumo cupo 80% | saldo expuesto $25,532,460 | mora operativa Mayor a 60",Bloqueo/validación inmediata + gestión prioritaria,Enviar a recuperación/cartera prioritaria; no mezclar con alerta preventiva.
2026-05-02,66899,2026-04-30,BARRIO QUIPILE QUIPILE,CERRADO CON SALDO,CERRADO CON SALDO,RECUPERACION,CUNDINAMARCA,QUIPILE,REDEBAN,0.42658796010352484,0.9836379012170825,Crítico,Crítico,Recuperación prioritaria,417,413,0,0,12135747.057148917,28448405.0,307.0,289.0,1.8965603333333334,1.8965603333333334,100.0,"307 días sin compensar | 289 días sin transacciones | consumo cupo 190% | saldo expuesto $28,448,405 | mora operativa Mayor a 60 | aparece en castigados: Inactividad",Bloqueo/validación inmediata + gestión prioritaria,Enviar a recuperación/cartera prioritaria; no mezclar con alerta preventiva.
2026-05-02,12291,2026-04-30,BARRIO ARANJUEZ - MANIZALES,CERRADO CON SALDO,CERRADO CON SALDO,RECUPERACION,CALDAS,MANIZALES,REDEBAN,0.32654540418687933,0.9742770896746364,Crítico,Crítico,Recuperación prioritaria,418,414,0,0,12121437.246671336,37120220.01,3672.0,999.0,0.92800550025,0.92800550025,100.0,"3672 días sin compensar | 999 días sin transacciones | consumo cupo 93% | saldo expuesto $37,120,220 | mora operativa Mayor a 60",Bloqueo/validación inmediata + gestión prioritaria,Enviar a recuperación/cartera prioritaria; no mezclar con alerta preventiva.
2026-05-02,46184,2026-04-30,BARRIO GAITAN PARTE ALTA IBAGUE,CERRADO CON SALDO,CERRADO CON SALDO,RECUPERACION,TOLIMA,IBAGUÉ,REDEBAN,0.5145572407601929,0.9887754912467993,Crítico,Crítico,Recuperación prioritaria,419,415,0,0,12117914.302357053,23550177.4,263.0,867.0,1.5700118266666665,1.5700118266666665,100.0,"263 días sin compensar | 867 días sin transacciones | consumo cupo 157% | saldo expuesto $23,550,177 | mora operativa Mayor a 60",Bloqueo/validación inmediata + gestión prioritaria,Enviar a recuperación/cartera prioritaria; no mezclar con alerta preventiva.
2026-05-02,18349,2026-04-30,CALLE DEL COMERCIO EBEJICO,CERRADO CON SALDO,CERRADO CON SALDO,RECUPERACION,ANTIOQUIA,EBÉJICO,REDEBAN,0.40658342323116237,0.9821448577015269,Crítico,Crítico,Recuperación prioritaria,420,416,0,0,12108883.485333176,29782039.29,2512.0,999.0,0.9927346429999999,0.9927346429999999,100.0,"2512 días sin compensar | 999 días sin transacciones | consumo cupo 99% | saldo expuesto $29,782,039 | mora operativa Mayor a 60",Bloqueo/validación inmediata + gestión prioritaria,Enviar a recuperación/cartera prioritaria; no mezclar con alerta preventiva.
2026-05-02,50041,2026-04-30,BARRIO MELENDEZ CALI 2,CERRADO CON SALDO,CERRADO CON SALDO,RECUPERACION,VALLE DEL CAUCA,CALI,REDEBAN,0.4177303394943742,0.9829950910283862,Crítico,Crítico,Recuperación prioritaria,421,417,0,0,12099150.379757129,28964021.13,953.0,1060.0,2.8964021129999997,2.8964021129999997,100.0,"953 días sin compensar | 1060 días sin transacciones | consumo cupo 290% | saldo expuesto $28,964,021 | mora operativa Mayor a 60",Bloqueo/validación inmediata + gestión prioritaria,Enviar a recuperación/cartera prioritaria; no mezclar con alerta preventiva.
2026-05-02,37476,2026-04-30,BARRIO SECTOR IGLESIA PEÑOL,CERRADO CON SALDO,CERRADO CON SALDO,RECUPERACION,ANTIOQUIA,PEÑOL,REDEBAN,0.5956236073130164,0.9921038262430544,Crítico,Crítico,Recuperación prioritaria,422,418,0,0,12067959.688949391,20261050.0,9.0,317.0,0.7035086805555556,0.7035086805555556,90.0,"317 días sin transacciones | consumo cupo 70% | saldo expuesto $20,261,050 | mora operativa Mayor a 60 | aparece en castigados: Malas prácticas",Bloqueo/validación inmediata + gestión prioritaria,Enviar a recuperación/cartera prioritaria; no mezclar con alerta preventiva.
2026-05-02,13767,2026-04-30,BARRIO SAN FRANCISCO II ITAGUI,CERRADO CON SALDO,CERRADO CON SALDO,RECUPERACION,ANTIOQUIA,ITAGÜÍ,REDEBAN,0.4870655538067955,0.9873785929899048,Crítico,Crítico,Recuperación prioritaria,423,419,0,0,12050796.20509838,24741631.0,1285.0,999.0,0.98966524,0.98966524,100.0,"1285 días sin compensar | 999 días sin transacciones | consumo cupo 99% | saldo expuesto $24,741,631 | mora operativa Mayor a 60",Bloqueo/validación inmediata + gestión prioritaria,Enviar a recuperación/cartera prioritaria; no mezclar con alerta preventiva.
2026-05-02,12208,2026-04-30,BARRIO LA ESTANCIA - POPAYAN,CERRADO CON SALDO,CERRADO CON SALDO,RECUPERACION,CAUCA,POPAYÁN,REDEBAN,0.37163581865053363,0.9791370406236681,Crítico,Crítico,Recuperación prioritaria,424,420,0,0,12034003.680974184,32381172.85,4102.0,999.0,0.7195816188888889,0.7195816188888889,100.0,"4102 días sin compensar | 999 días sin transacciones | consumo cupo 72% | saldo expuesto $32,381,173 | mora operativa Mayor a 60",Bloqueo/validación inmediata + gestión prioritaria,Enviar a recuperación/cartera prioritaria; no mezclar con alerta preventiva.
2026-05-02,19557,2026-04-30,PARQUE PRINCIPAL ITUANGO,CERRADO CON SALDO,CERRADO CON SALDO,RECUPERACION,ANTIOQUIA,ITUANGO,REDEBAN,0.40065273136961577,0.9816725307192442,Crítico,Crítico,Recuperación prioritaria,425,421,0,0,12009939.335645946,29975932.76,2939.0,999.0,0.9991977586666667,0.9991977586666667,100.0,"2939 días sin compensar | 999 días sin transacciones | consumo cupo 100% | saldo expuesto $29,975,933 | mora operativa Mayor a 60",Bloqueo/validación inmediata + gestión prioritaria,Enviar a recuperación/cartera prioritaria; no mezclar con alerta preventiva.
2026-05-02,29803,2026-04-30,BARRIO NOVALITO VALLEDUPAR,CERRADO CON SALDO,CERRADO CON SALDO,RECUPERACION,CESAR,VALLEDUPAR,REDEBAN,0.43558308854662986,0.9842629333278771,Crítico,Crítico,Recuperación prioritaria,426,422,0,0,12003263.527092142,27556771.24,2468.0,999.0,1.0,1.0,100.0,"2468 días sin compensar | 999 días sin transacciones | consumo cupo 100% | saldo expuesto $27,556,771 | mora operativa Mayor a 60",Bloqueo/validación inmediata + gestión prioritaria,Enviar a recuperación/cartera prioritaria; no mezclar con alerta preventiva.
2026-05-02,17422,2026-04-30,BARRIO PUEBLO NUEVO II BUENAVENTURA,CERRADO CON SALDO,CERRADO CON SALDO,RECUPERACION,VALLE DEL CAUCA,BUENAVENTURA,REDEBAN,0.6853636098577641,0.9948094648636843,Crítico,Crítico,Recuperación prioritaria,427,423,0,0,11998400.27960813,17506620.0,281.0,414.0,0.4668432,0.4668432,100.0,"281 días sin compensar | 414 días sin transacciones | saldo expuesto $17,506,620 | mora operativa Mayor a 60 | aparece en castigados: Confidencial",Bloqueo/validación inmediata + gestión prioritaria,Enviar a recuperación/cartera prioritaria; no mezclar con alerta preventiva.
2026-05-02,29776,2026-04-30,BARRIO SAN GABRIEL 3 ITAGUI,CERRADO CON SALDO,CERRADO CON SALDO,RECUPERACION,ANTIOQUIA,ITAGÜÍ,REDEBAN,0.47994373589768713,0.9869892239280257,Crítico,Crítico,Recuperación prioritaria,428,424,0,0,11995604.787798744,24993773.0,2241.0,999.0,0.99975092,0.99975092,100.0,"2241 días sin compensar | 999 días sin transacciones | consumo cupo 100% | saldo expuesto $24,993,773 | mora operativa Mayor a 60",Bloqueo/validación inmediata + gestión prioritaria,Enviar a recuperación/cartera prioritaria; no mezclar con alerta preventiva.
2026-05-02,43239,2026-04-30,BARRIO KENNEDY AYACUCHO BOGOTA,CERRADO CON SALDO,CERRADO CON SALDO,RECUPERACION,CUNDINAMARCA,BOGOTÁ,REDEBAN,0.5314381796071627,0.989557791403223,Crítico,Crítico,Recuperación prioritaria,429,425,0,0,11944253.28141454,22475339.07,1809.0,999.0,0.9989039586666667,0.9989039586666667,100.0,"1809 días sin compensar | 999 días sin transacciones | consumo cupo 100% | saldo expuesto $22,475,339 | mora operativa Mayor a 60",Bloqueo/validación inmediata + gestión prioritaria,Enviar a recuperación/cartera prioritaria; no mezclar con alerta preventiva.
2026-05-02,34352,2026-04-30,BARRIO VILLA BELLA SANTA MARTA,CERRADO CON SALDO,CERRADO CON SALDO,RECUPERACION,MAGDALENA,SANTA MARTA,REDEBAN,0.3402449940700965,0.9758928992187423,Crítico,Crítico,Recuperación prioritaria,430,426,0,0,11908574.60191618,34999999.44,448.0,999.0,0.9999999839999999,0.9999999839999999,100.0,"448 días sin compensar | 999 días sin transacciones | consumo cupo 100% | saldo expuesto $34,999,999 | mora operativa Mayor a 60",Bloqueo/validación inmediata + gestión prioritaria,Enviar a recuperación/cartera prioritaria; no mezclar con alerta preventiva.
2026-05-02,33393,2026-04-30,BARRIO MARIA AUXILIADORA CANDELARIA 1,CERRADO CON SALDO,CERRADO CON SALDO,RECUPERACION,VALLE DEL CAUCA,CANDELARIA,REDEBAN,0.4549532238689569,0.9855216691247066,Crítico,Crítico,Recuperación prioritaria,431,427,0,0,11901965.348715514,26160855.06,770.0,760.0,0.6155495308235294,0.6155495308235294,100.0,"770 días sin compensar | 760 días sin transacciones | saldo expuesto $26,160,855 | mora operativa Mayor a 60 | aparece en castigados: Inactividad",Bloqueo/validación inmediata + gestión prioritaria,Enviar a recuperación/cartera prioritaria; no mezclar con alerta preventiva.
2026-05-02,31699,2026-04-30,BARRIO CENTRO MOÑITOS,CERRADO CON SALDO,CERRADO CON SALDO,RECUPERACION,CÓRDOBA,MOÑITOS,REDEBAN,0.5284462475133551,0.9894229960259691,Crítico,Crítico,Recuperación prioritaria,432,428,0,0,11889785.32951294,22499517.0,821.0,815.0,0.9999785333333333,0.9999785333333333,100.0,"821 días sin compensar | 815 días sin transacciones | consumo cupo 100% | saldo expuesto $22,499,517 | mora operativa Mayor a 60 | aparece en castigados: Inactividad",Bloqueo/validación inmediata + gestión prioritaria,Enviar a recuperación/cartera prioritaria; no mezclar con alerta preventiva.
2026-05-02,28358,2026-04-30,BARRIO NIQUIA 10 BELLO,CERRADO CON SALDO,CERRADO CON SALDO,RECUPERACION,ANTIOQUIA,BELLO,REDEBAN,0.35139856208699977,0.9771135454805195,Crítico,Crítico,Recuperación prioritaria,433,429,0,0,11872687.021273734,33786953.91,722.0,753.0,0.8446738477499999,0.8446738477499999,100.0,"722 días sin compensar | 753 días sin transacciones | consumo cupo 84% | saldo expuesto $33,786,954 | mora operativa Mayor a 60 | aparece en castigados: Inactividad",Bloqueo/validación inmediata + gestión prioritaria,Enviar a recuperación/cartera prioritaria; no mezclar con alerta preventiva.
2026-05-02,18590,2026-04-30,BARRIO VILLABEL II FLORIDABLANCA,CERRADO CON SALDO,CERRADO CON SALDO,RECUPERACION,SANTANDER,FLORIDABLANCA,REDEBAN,0.3845035982011534,0.9803100681224949,Crítico,Crítico,Recuperación prioritaria,434,430,0,0,11865414.5970234,30859046.97,2325.0,999.0,1.2343618788,1.2343618788,100.0,"2325 días sin compensar | 999 días sin transacciones | consumo cupo 123% | saldo expuesto $30,859,047 | mora operativa Mayor a 60",Bloqueo/validación inmediata + gestión prioritaria,Enviar a recuperación/cartera prioritaria; no mezclar con alerta preventiva.
2026-05-02,35875,2026-04-30,BARRIO CENTRO TRINIDAD CASANARE,CERRADO CON SALDO,CERRADO CON SALDO,RECUPERACION,CASANARE,TRINIDAD,REDEBAN,0.4365828454100302,0.9843307493382074,Crítico,Crítico,Recuperación prioritaria,435,431,0,0,11846450.923253832,27134485.58,63.0,723.0,0.7752710165714285,0.7752710165714285,100.0,"63 días sin compensar | 723 días sin transacciones | consumo cupo 78% | saldo expuesto $27,134,486 | mora operativa Mayor a 60 | aparece en castigados: Inactividad",Bloqueo/validación inmediata + gestión prioritaria,Enviar a recuperación/cartera prioritaria; no mezclar con alerta preventiva.
2026-05-02,38609,2026-04-30,BARRIO BELLO HORIZONTE POPAYAN 4,CERRADO CON SALDO,CERRADO CON SALDO,RECUPERACION,CAUCA,POPAYÁN,REDEBAN,0.3999639665642248,0.9816167383298767,Crítico,Crítico,Recuperación prioritaria,436,432,0,0,11840492.37385137,29603897.76,310.0,623.0,2.960389776,2.960389776,100.0,"310 días sin compensar | 623 días sin transacciones | consumo cupo 296% | saldo expuesto $29,603,898 | mora operativa Mayor a 60 | aparece en castigados: Inactividad",Bloqueo/validación inmediata + gestión prioritaria,Enviar a recuperación/cartera prioritaria; no mezclar con alerta preventiva.
2026-05-02,53140,2026-04-30,BARRIO FUERA DEL MUNICIPIO DE CUCUTA CUCUTA 2,CERRADO CON SALDO,CERRADO CON SALDO,RECUPERACION,NORTE DE SANTANDER,CÚCUTA,REDEBAN,0.5213629548525008,0.9890973347623164,Crítico,Crítico,Recuperación prioritaria,437,433,0,0,11811097.147226363,22654270.0,490.0,791.0,0.871318076923077,0.871318076923077,100.0,"490 días sin compensar | 791 días sin transacciones | consumo cupo 87% | saldo expuesto $22,654,270 | mora operativa Mayor a 60 | aparece en castigados: Inactividad",Bloqueo/validación inmediata + gestión prioritaria,Enviar a recuperación/cartera prioritaria; no mezclar con alerta preventiva.
2026-05-02,16765,2026-04-30,CALAMAR II BOLIVAR,CERRADO CON SALDO,CERRADO CON SALDO,RECUPERACION,BOLÍVAR,CALAMAR,REDEBAN,0.47322054906056576,0.986610358039247,Crítico,Crítico,Recuperación prioritaria,438,434,0,0,11782932.346747203,24899452.0,841.0,999.0,0.99597808,0.99597808,100.0,"841 días sin compensar | 999 días sin transacciones | consumo cupo 100% | saldo expuesto $24,899,452 | mora operativa Mayor a 60",Bloqueo/validación inmediata + gestión prioritaria,Enviar a recuperación/cartera prioritaria; no mezclar con alerta preventiva.
2026-05-02,24250,2026-04-30,BARRIO BOITA VI - BOGOTÁ,CERRADO CON SALDO,CERRADO CON SALDO,RECUPERACION,CUNDINAMARCA,BOGOTÁ,REDEBAN,0.5737126010235222,0.9913030860900142,Crítico,Crítico,Recuperación prioritaria,439,435,0,0,11777799.657225713,20529093.55,51.0,999.0,0.9124041577777778,0.9124041577777778,100.0,"51 días sin compensar | 999 días sin transacciones | consumo cupo 91% | saldo expuesto $20,529,094 | mora operativa Mayor a 60",Bloqueo/validación inmediata + gestión prioritaria,Enviar a recuperación/cartera prioritaria; no mezclar con alerta preventiva.
2026-05-02,41273,2026-04-30,BARRIO CAMPO VALDES MEDELLIN 4,CERRADO CON SALDO,CERRADO CON SALDO,RECUPERACION,ANTIOQUIA,MEDELLÍN,REDEBAN,0.5368713179768584,0.9897984981219218,Crítico,Crítico,Recuperación prioritaria,440,436,0,0,11776017.979454504,21934526.18,715.0,749.0,0.8773810472,0.8773810472,100.0,"715 días sin compensar | 749 días sin transacciones | consumo cupo 88% | saldo expuesto $21,934,526 | mora operativa Mayor a 60 | aparece en castigados: Novedad en la vinculación",Bloqueo/validación inmediata + gestión prioritaria,Enviar a recuperación/cartera prioritaria; no mezclar con alerta preventiva.
2026-05-02,10462,2026-04-30,PALMAR DE VARELA - ATLANTICO,CERRADO CON SALDO,CERRADO CON SALDO,RECUPERACION,ATLÁNTICO,PALMAR DE VARELA,REDEBAN,0.2866266165426283,0.9686730885520827,Crítico,Crítico,Recuperación prioritaria,441,437,0,0,11766090.508054083,41050236.89,857.0,846.0,1.02625592225,1.02625592225,100.0,"857 días sin compensar | 846 días sin transacciones | consumo cupo 103% | saldo expuesto $41,050,237 | mora operativa Mayor a 60",Bloqueo/validación inmediata + gestión prioritaria,Enviar a recuperación/cartera prioritaria; no mezclar con alerta preventiva.
2026-05-02,22833,2026-04-30,BARRIO AGUACATALA - MEDELLÍN,CERRADO CON SALDO,CERRADO CON SALDO,RECUPERACION,ANTIOQUIA,MEDELLÍN,REDEBAN,0.3937544374076952,0.981104642044684,Crítico,Crítico,Recuperación prioritaria,442,438,0,0,11761409.993347839,29869910.98,1723.0,999.0,0.9956636993333333,0.9956636993333333,100.0,"1723 días sin compensar | 999 días sin transacciones | consumo cupo 100% | saldo expuesto $29,869,911 | mora operativa Mayor a 60",Bloqueo/validación inmediata + gestión prioritaria,Enviar a recuperación/cartera prioritaria; no mezclar con alerta preventiva.
2026-05-02,12086,2026-04-30,CHIRIGUANA - CESAR,CERRADO CON SALDO,CERRADO CON SALDO,RECUPERACION,CESAR,CHIRIGUANÁ,REDEBAN,0.34599410025722754,0.9765321233802796,Crítico,Crítico,Recuperación prioritaria,443,439,0,0,11761251.854185542,33992637.0,898.0,938.0,0.9712182,0.9712182,100.0,"898 días sin compensar | 938 días sin transacciones | consumo cupo 97% | saldo expuesto $33,992,637 | mora operativa Mayor a 60",Bloqueo/validación inmediata + gestión prioritaria,Enviar a recuperación/cartera prioritaria; no mezclar con alerta preventiva.
2026-05-02,12161,2026-04-30,EL BANCO - MAGDALENA,CERRADO CON SALDO,CERRADO CON SALDO,RECUPERACION,MAGDALENA,EL BANCO,REDEBAN,0.29273677036103407,0.9696311281735185,Crítico,Crítico,Recuperación prioritaria,444,440,0,0,11707736.641813744,39994076.0,588.0,578.0,0.9998519,0.9998519,100.0,"588 días sin compensar | 578 días sin transacciones | consumo cupo 100% | saldo expuesto $39,994,076 | mora operativa Mayor a 60 | aparece en castigados: Confidencial",Bloqueo/validación inmediata + gestión prioritaria,Enviar a recuperación/cartera prioritaria; no mezclar con alerta preventiva.
2026-05-02,10230,2026-04-30,TRINIDAD - CASANARE,CERRADO CON SALDO,CERRADO CON SALDO,RECUPERACION,CASANARE,TRINIDAD,REDEBAN,0.33804741624108514,0.9756426929068486,Crítico,Crítico,Recuperación prioritaria,445,441,0,0,11691838.211446967,34586385.37,3637.0,999.0,0.9881824391428571,0.9881824391428571,100.0,"3637 días sin compensar | 999 días sin transacciones | consumo cupo 99% | saldo expuesto $34,586,385 | mora operativa Mayor a 60",Bloqueo/validación inmediata + gestión prioritaria,Enviar a recuperación/cartera prioritaria; no mezclar con alerta preventiva.
2026-05-02,18513,2026-04-30,CENTRO MANI CASANARE,CERRADO CON SALDO,CERRADO CON SALDO,RECUPERACION,CASANARE,MANÍ,REDEBAN,0.40378374783102144,0.9819236755763919,Crítico,Crítico,Recuperación prioritaria,446,442,0,0,11686026.984885689,28941301.0,3214.0,999.0,0.9647100333333334,0.9647100333333334,100.0,"3214 días sin compensar | 999 días sin transacciones | consumo cupo 96% | saldo expuesto $28,941,301 | mora operativa Mayor a 60",Bloqueo/validación inmediata + gestión prioritaria,Enviar a recuperación/cartera prioritaria; no mezclar con alerta preventiva.
2026-05-02,11107,2026-04-30,COMBITA - BOYACA,CERRADO CON SALDO,CERRADO CON SALDO,RECUPERACION,BOYACÁ,CÓMBITA,REDEBAN,0.38572354493477246,0.9804171005375459,Crítico,Crítico,Recuperación prioritaria,447,443,0,0,11671684.868722873,30259197.35,3188.0,999.0,0.8645484957142857,0.8645484957142857,100.0,"3188 días sin compensar | 999 días sin transacciones | consumo cupo 86% | saldo expuesto $30,259,197 | mora operativa Mayor a 60",Bloqueo/validación inmediata + gestión prioritaria,Enviar a recuperación/cartera prioritaria; no mezclar con alerta preventiva.
2026-05-02,31611,2026-04-30,BARRIO ZONA INDUSTRIAL LA NUBIA,CERRADO CON SALDO,CERRADO CON SALDO,RECUPERACION,VALLE DEL CAUCA,CANDELARIA,REDEBAN,0.41059717937289364,0.98245651454285,Crítico,Crítico,Recuperación prioritaria,448,444,0,0,11662025.861951437,28402596.14,805.0,999.0,0.9467532046666667,0.9467532046666667,100.0,"805 días sin compensar | 999 días sin transacciones | consumo cupo 95% | saldo expuesto $28,402,596 | mora operativa Mayor a 60",Bloqueo/validación inmediata + gestión prioritaria,Enviar a recuperación/cartera prioritaria; no mezclar con alerta preventiva.
2026-05-02,46964,2026-04-30,BARRIO BOSQUE BARRANQUILLA,CERRADO CON SALDO,CERRADO CON SALDO,RECUPERACION,ATLÁNTICO,BARRANQUILLA,REDEBAN,0.5464009074854083,0.9902084241391946,Crítico,Crítico,Recuperación prioritaria,449,445,0,0,11658579.11185427,21337042.0,1227.0,1179.0,1.4224694666666666,1.4224694666666666,100.0,"1227 días sin compensar | 1179 días sin transacciones | consumo cupo 142% | saldo expuesto $21,337,042 | mora operativa Mayor a 60",Bloqueo/validación inmediata + gestión prioritaria,Enviar a recuperación/cartera prioritaria; no mezclar con alerta preventiva.
2026-05-02,57196,2026-04-30,BARRIO CORREGIMIENTO DORADAL PÚERTO TRIUNFO,CERRADO CON SALDO,CERRADO CON SALDO,RECUPERACION,ANTIOQUIA,PUERTO TRIUNFO,REDEBAN,0.5191345746917894,0.9889929367367376,Crítico,Crítico,Recuperación prioritaria,450,446,0,0,11639102.54890858,22420203.0,1172.0,1201.0,1.4946802,1.4946802,100.0,"1172 días sin compensar | 1201 días sin transacciones | consumo cupo 149% | saldo expuesto $22,420,203 | mora operativa Mayor a 60",Bloqueo/validación inmediata + gestión prioritaria,Enviar a recuperación/cartera prioritaria; no mezclar con alerta preventiva.
2026-05-02,64855,2026-04-30,BARRIO GALARZA IBAGUE,CERRADO CON SALDO,CERRADO CON SALDO,RECUPERACION,TOLIMA,IBAGUÉ,REDEBAN Y CREDIBANCO,0.36397247377729436,0.9783979297171446,Crítico,Crítico,Recuperación prioritaria,451,447,0,0,11637649.689023156,31973983.0,141.0,169.0,0.99918696875,0.99918696875,100.0,"141 días sin compensar | 169 días sin transacciones | consumo cupo 100% | saldo expuesto $31,973,983 | mora operativa Mayor a 60",Bloqueo/validación inmediata + gestión prioritaria,Enviar a recuperación/cartera prioritaria; no mezclar con alerta preventiva.
2026-05-02,11162,2026-04-30,NUEVA GRANADA - MAGDALENA,CERRADO CON SALDO,CERRADO CON SALDO,RECUPERACION,MAGDALENA,NUEVA GRANADA,REDEBAN,0.35595288304884454,0.9775894899450455,Crítico,Crítico,Recuperación prioritaria,452,448,0,0,11623643.531677317,32655006.0,1369.0,999.0,0.81637515,0.81637515,100.0,"1369 días sin compensar | 999 días sin transacciones | consumo cupo 82% | saldo expuesto $32,655,006 | mora operativa Mayor a 60",Bloqueo/validación inmediata + gestión prioritaria,Enviar a recuperación/cartera prioritaria; no mezclar con alerta preventiva.
2026-05-02,43722,2026-04-30,BARRIO BARBOSA BARBOSA 1,CERRADO CON SALDO,CERRADO CON SALDO,RECUPERACION,ANTIOQUIA,BARBOSA,REDEBAN Y CREDIBANCO,0.38031765202900986,0.9799374365853224,Crítico,Crítico,Recuperación prioritaria,453,449,0,0,11621461.572463462,30557250.0,32.0,60.0,0.67905,0.67905,95.0,"32 días sin compensar | 60 días sin transacciones | saldo expuesto $30,557,250 | mora operativa 31-60",Bloqueo/validación inmediata + gestión prioritaria,Enviar a recuperación/cartera prioritaria; no mezclar con alerta preventiva.
2026-05-02,10900,2026-04-30,CHIVOLO - MAGDALENA,CERRADO CON SALDO,CERRADO CON SALDO,RECUPERACION,MAGDALENA,CHIVOLO,REDEBAN,0.32432145474606616,0.9740016637199704,Crítico,Crítico,Recuperación prioritaria,454,450,0,0,11617067.050672375,35819607.0,14.0,999.0,0.895490175,0.895490175,90.0,"999 días sin transacciones | consumo cupo 90% | saldo expuesto $35,819,607 | mora operativa Mayor a 60",Bloqueo/validación inmediata + gestión prioritaria,Enviar a recuperación/cartera prioritaria; no mezclar con alerta preventiva.
2026-05-02,36859,2026-04-30,BARRIO CARTAGENA DE INDIAS BOLIVAR 3,CERRADO CON SALDO,CERRADO CON SALDO,RECUPERACION,BOLÍVAR,CARTAGENA DE INDIAS,REDEBAN,0.47003861762160665,0.9864270877268861,Crítico,Crítico,Recuperación prioritaria,455,451,0,0,11577188.652416985,24630292.53,1221.0,999.0,2.463029253,2.463029253,100.0,"1221 días sin compensar | 999 días sin transacciones | consumo cupo 246% | saldo expuesto $24,630,293 | mora operativa Mayor a 60",Bloqueo/validación inmediata + gestión prioritaria,Enviar a recuperación/cartera prioritaria; no mezclar con alerta preventiva.
2026-05-02,31207,2026-04-30,BARRIO CENTRO 6,CERRADO CON SALDO,CERRADO CON SALDO,RECUPERACION,SANTANDER,BARBOSA,REDEBAN,0.39371618122936775,0.9811014353979801,Crítico,Crítico,Recuperación prioritaria,457,452,0,0,11531787.619143961,29289595.32,731.0,909.0,0.976319844,0.976319844,100.0,"731 días sin compensar | 909 días sin transacciones | consumo cupo 98% | saldo expuesto $29,289,595 | mora operativa Mayor a 60",Bloqueo/validación inmediata + gestión prioritaria,Enviar a recuperación/cartera prioritaria; no mezclar con alerta preventiva.
2026-05-02,69593,2026-04-30,BARRIO QUIBDO QUIBDO 5,CERRADO CON SALDO,CERRADO CON SALDO,RECUPERACION,CHOCÓ,QUIBDÓ,REDEBAN,0.50652309053765,0.9883837842213519,Crítico,Crítico,Recuperación prioritaria,458,453,0,0,11521896.44267573,22747031.0,249.0,332.0,0.71084471875,0.71084471875,100.0,"249 días sin compensar | 332 días sin transacciones | consumo cupo 71% | saldo expuesto $22,747,031 | mora operativa Mayor a 60 | aparece en castigados: Inactividad",Bloqueo/validación inmediata + gestión prioritaria,Enviar a recuperación/cartera prioritaria; no mezclar con alerta preventiva.
2026-05-02,16978,2026-04-30,BARRIO EL CAMPIN POPAYAN,CERRADO CON SALDO,CERRADO CON SALDO,RECUPERACION,CAUCA,POPAYÁN,REDEBAN,0.4707402566902766,0.9864677231954371,Crítico,Crítico,Recuperación prioritaria,459,454,0,0,11514732.030125305,24460903.58,2237.0,999.0,0.9784361431999999,0.9784361431999999,100.0,"2237 días sin compensar | 999 días sin transacciones | consumo cupo 98% | saldo expuesto $24,460,904 | mora operativa Mayor a 60",Bloqueo/validación inmediata + gestión prioritaria,Enviar a recuperación/cartera prioritaria; no mezclar con alerta preventiva.
2026-05-02,41761,2026-04-30,BARRIO TERRANOVA JAMUNDI,CERRADO CON SALDO,CERRADO CON SALDO,RECUPERACION,VALLE DEL CAUCA,JAMUNDÍ,REDEBAN,0.3845863463503739,0.9803173501677398,Crítico,Crítico,Recuperación prioritaria,460,455,0,0,11510934.00705266,29930688.17,1983.0,999.0,1.4965344085,1.4965344085,100.0,"1983 días sin compensar | 999 días sin transacciones | consumo cupo 150% | saldo expuesto $29,930,688 | mora operativa Mayor a 60",Bloqueo/validación inmediata + gestión prioritaria,Enviar a recuperación/cartera prioritaria; no mezclar con alerta preventiva.
2026-05-02,28025,2026-04-30,BARRIO CENTRO 2 FUNDACION,CERRADO CON SALDO,CERRADO CON SALDO,RECUPERACION,MAGDALENA,FUNDACIÓN,REDEBAN,0.3706083796146116,0.9790397679141767,Crítico,Crítico,Recuperación prioritaria,461,456,0,0,11488725.97842792,30999639.0,714.0,667.0,0.8857039714285714,0.8857039714285714,100.0,"714 días sin compensar | 667 días sin transacciones | consumo cupo 89% | saldo expuesto $30,999,639 | mora operativa Mayor a 60 | aparece en castigados: Confidencial",Bloqueo/validación inmediata + gestión prioritaria,Enviar a recuperación/cartera prioritaria; no mezclar con alerta preventiva.
2026-05-02,57305,2026-04-30,BARRIO CARMENZA ROCHA IBAGUE,CERRADO CON SALDO,CERRADO CON SALDO,RECUPERACION,TOLIMA,IBAGUÉ,REDEBAN,0.5168902491601788,0.988886829144353,Crítico,Crítico,Recuperación prioritaria,462,457,0,0,11487820.14252333,22224873.0,637.0,1215.0,1.4816582,1.4816582,100.0,"637 días sin compensar | 1215 días sin transacciones | consumo cupo 148% | saldo expuesto $22,224,873 | mora operativa Mayor a 60",Bloqueo/validación inmediata + gestión prioritaria,Enviar a recuperación/cartera prioritaria; no mezclar con alerta preventiva.
2026-05-02,35211,2026-04-30,BARRIO CENTRO BARRANQUILLA 2,CERRADO CON SALDO,CERRADO CON SALDO,RECUPERACION,ATLÁNTICO,BARRANQUILLA,REDEBAN,0.516647731812216,0.9888753050106721,Crítico,Crítico,Recuperación prioritaria,463,458,0,0,11481361.797755172,22222805.0,1004.0,983.0,0.9876802222222222,0.9876802222222222,100.0,"1004 días sin compensar | 983 días sin transacciones | consumo cupo 99% | saldo expuesto $22,222,805 | mora operativa Mayor a 60",Bloqueo/validación inmediata + gestión prioritaria,Enviar a recuperación/cartera prioritaria; no mezclar con alerta preventiva.
2026-05-02,69392,2026-04-30,BARRIO BOSQUES DE ROSA BLANCA VILLAVICENCIO 3,CERRADO CON SALDO,CERRADO CON SALDO,RECUPERACION,META,VILLAVICENCIO,REDEBAN,0.5732981801824623,0.9912873077258271,Crítico,Crítico,Recuperación prioritaria,464,459,0,0,11464832.486339746,19998027.0,570.0,577.0,0.6450976451612903,0.6450976451612903,100.0,"570 días sin compensar | 577 días sin transacciones | saldo expuesto $19,998,027 | mora operativa Mayor a 60 | aparece en castigados: Inactividad",Bloqueo/validación inmediata + gestión prioritaria,Enviar a recuperación/cartera prioritaria; no mezclar con alerta preventiva.
2026-05-02,17958,2026-04-30,BARRIO CANDELARIA II BOGOTA,CERRADO CON SALDO,CERRADO CON SALDO,RECUPERACION,CUNDINAMARCA,BOGOTÁ,REDEBAN,0.3944391723029311,0.9811619282337916,Crítico,Crítico,Recuperación prioritaria,465,460,0,0,11462462.783093156,29060153.22,2906.0,999.0,0.9986306948453608,0.9986306948453608,100.0,"2906 días sin compensar | 999 días sin transacciones | consumo cupo 100% | saldo expuesto $29,060,153 | mora operativa Mayor a 60",Bloqueo/validación inmediata + gestión prioritaria,Enviar a recuperación/cartera prioritaria; no mezclar con alerta preventiva.
2026-05-02,27191,2026-04-30,BARRIO ARBOLEDA CAMPESTRE II - CANDELARIA,CERRADO CON SALDO,CERRADO CON SALDO,RECUPERACION,VALLE DEL CAUCA,CANDELARIA,REDEBAN,0.40659817284112026,0.9821460146215504,Crítico,Crítico,Recuperación prioritaria,466,461,0,0,11434501.49309436,28122363.2,1836.0,999.0,0.9884837680140597,0.9884837680140597,100.0,"1836 días sin compensar | 999 días sin transacciones | consumo cupo 99% | saldo expuesto $28,122,363 | mora operativa Mayor a 60",Bloqueo/validación inmediata + gestión prioritaria,Enviar a recuperación/cartera prioritaria; no mezclar con alerta preventiva.
2026-05-02,60843,2026-04-30,BARRIO CENTRO MAICAO 27,CERRADO CON SALDO,CERRADO CON SALDO,RECUPERACION,LA GUAJIRA,MAICAO,REDEBAN,0.46433542925231935,0.9860920162763858,Crítico,Crítico,Recuperación prioritaria,467,462,0,0,11405343.920817105,24562726.0,590.0,616.0,0.792346,0.792346,100.0,"590 días sin compensar | 616 días sin transacciones | consumo cupo 79% | saldo expuesto $24,562,726 | mora operativa Mayor a 60 | aparece en castigados: Inactividad",Bloqueo/validación inmediata + gestión prioritaria,Enviar a recuperación/cartera prioritaria; no mezclar con alerta preventiva.
2026-05-02,27651,2026-04-30,BARRIO SAN CRISTOBAL 4 - BOGOTÁ,CERRADO CON SALDO,CERRADO CON SALDO,RECUPERACION,CUNDINAMARCA,BOGOTÁ,REDEBAN,0.5530236245088398,0.990484464159288,Crítico,Crítico,Recuperación prioritaria,468,463,0,0,11364269.935040858,20549339.0,937.0,999.0,1.02746695,1.02746695,100.0,"937 días sin compensar | 999 días sin transacciones | consumo cupo 103% | saldo expuesto $20,549,339 | mora operativa Mayor a 60",Bloqueo/validación inmediata + gestión prioritaria,Enviar a recuperación/cartera prioritaria; no mezclar con alerta preventiva.
2026-05-02,39099,2026-04-30,BARRIO EL CARMEN PUEBLO BELLO,CERRADO CON SALDO,CERRADO CON SALDO,RECUPERACION,CESAR,PUEBLO BELLO,REDEBAN,0.5554656719826713,0.9905844818698095,Crítico,Crítico,Recuperación prioritaria,469,464,0,0,11357097.788474143,20446084.0,1150.0,1089.0,1.0223042,1.0223042,100.0,"1150 días sin compensar | 1089 días sin transacciones | consumo cupo 102% | saldo expuesto $20,446,084 | mora operativa Mayor a 60",Bloqueo/validación inmediata + gestión prioritaria,Enviar a recuperación/cartera prioritaria; no mezclar con alerta preventiva.
2026-05-02,31288,2026-04-30,BARRIO LA FLORESTA,CERRADO CON SALDO,CERRADO CON SALDO,RECUPERACION,BOLÍVAR,SAN JUAN NEPOMUCENO,REDEBAN,0.28391671155356774,0.9682348775823812,Crítico,Crítico,Recuperación prioritaria,470,465,0,0,11356668.46214271,40000000.0,2256.0,999.0,1.0,1.0,100.0,"2256 días sin compensar | 999 días sin transacciones | consumo cupo 100% | saldo expuesto $40,000,000 | mora operativa Mayor a 60",Bloqueo/validación inmediata + gestión prioritaria,Enviar a recuperación/cartera prioritaria; no mezclar con alerta preventiva.
2026-05-02,36236,2026-04-30,BARRIO LOS CACIQUES VALLEDUPAR,CERRADO CON SALDO,CERRADO CON SALDO,RECUPERACION,CESAR,VALLEDUPAR,REDEBAN,0.44601827422561435,0.9849552015908368,Crítico,Crítico,Recuperación prioritaria,471,466,0,0,11351165.079041885,25450000.0,1760.0,999.0,1.018,1.018,100.0,"1760 días sin compensar | 999 días sin transacciones | consumo cupo 102% | saldo expuesto $25,450,000 | mora operativa Mayor a 60",Bloqueo/validación inmediata + gestión prioritaria,Enviar a recuperación/cartera prioritaria; no mezclar con alerta preventiva.
2026-05-02,37571,2026-04-30,BARRIO CENTRO SAN JACINTO DEL CAUCA,CERRADO CON SALDO,CERRADO CON SALDO,RECUPERACION,BOLÍVAR,SAN JACINTO DEL CAUCA,REDEBAN,0.386863361109446,0.9805164744005542,Crítico,Crítico,Recuperación prioritaria,472,467,0,0,11350163.311260773,29338946.13,1857.0,999.0,1.1735578452,1.1735578452,100.0,"1857 días sin compensar | 999 días sin transacciones | consumo cupo 117% | saldo expuesto $29,338,946 | mora operativa Mayor a 60",Bloqueo/validación inmediata + gestión prioritaria,Enviar a recuperación/cartera prioritaria; no mezclar con alerta preventiva.
2026-05-02,43152,2026-04-30,BARRIO LA LOMA ARENAL 1,CERRADO CON SALDO,CERRADO CON SALDO,RECUPERACION,BOLÍVAR,ARENAL,REDEBAN,0.3809969630016952,0.9799984815504429,Crítico,Crítico,Recuperación prioritaria,473,468,0,0,11323947.538688676,29721884.0,391.0,573.0,4.245983428571429,4.245983428571429,100.0,"391 días sin compensar | 573 días sin transacciones | consumo cupo 425% | saldo expuesto $29,721,884 | mora operativa Mayor a 60 | aparece en castigados: Confidencial",Bloqueo/validación inmediata + gestión prioritaria,Enviar a recuperación/cartera prioritaria; no mezclar con alerta preventiva.
2026-05-02,41690,2026-04-30,BARRIO TELECOM OLAYA HERRERA,CERRADO CON SALDO,CERRADO CON SALDO,RECUPERACION,NARIÑO,OLAYA HERRERA,REDEBAN,0.37159360119430507,0.979133054573832,Crítico,Crítico,Recuperación prioritaria,474,469,0,0,11314993.570910487,30449915.0,1228.0,1179.0,1.0149971666666666,1.0149971666666666,100.0,"1228 días sin compensar | 1179 días sin transacciones | consumo cupo 101% | saldo expuesto $30,449,915 | mora operativa Mayor a 60",Bloqueo/validación inmediata + gestión prioritaria,Enviar a recuperación/cartera prioritaria; no mezclar con alerta preventiva.
2026-05-02,26433,2026-04-30,BARRIO VILLAS DEL SOL BELLO,CERRADO CON SALDO,CERRADO CON SALDO,RECUPERACION,ANTIOQUIA,BELLO,REDEBAN,0.35524576335468233,0.9775164122447872,Crítico,Crítico,Recuperación prioritaria,475,470,0,0,11306094.542689757,31826120.7,2326.0,999.0,0.994566271875,0.994566271875,100.0,"2326 días sin compensar | 999 días sin transacciones | consumo cupo 99% | saldo expuesto $31,826,121 | mora operativa Mayor a 60",Bloqueo/validación inmediata + gestión prioritaria,Enviar a recuperación/cartera prioritaria; no mezclar con alerta preventiva.
2026-05-02,51941,2026-04-30,BARRIO CENTRO ASTREA 2,CERRADO CON SALDO,CERRADO CON SALDO,RECUPERACION,CESAR,ASTREA,REDEBAN,0.46626741873346106,0.9862064845062741,Crítico,Crítico,Recuperación prioritaria,476,471,0,0,11302353.93628357,24240068.0,668.0,441.0,0.96960272,0.96960272,100.0,"668 días sin compensar | 441 días sin transacciones | consumo cupo 97% | saldo expuesto $24,240,068 | mora operativa Mayor a 60 | aparece en castigados: Confidencial",Bloqueo/validación inmediata + gestión prioritaria,Enviar a recuperación/cartera prioritaria; no mezclar con alerta preventiva.
2026-05-02,30103,2026-04-30,BARRIO LOS LAURELES 2 MONTERIA,CERRADO CON SALDO,CERRADO CON SALDO,RECUPERACION,CÓRDOBA,MONTERÍA,REDEBAN,0.5602434989828627,0.9907774768947589,Crítico,Crítico,Recuperación prioritaria,477,472,0,0,11284975.522379462,20142983.44,423.0,999.0,1.0,1.0,100.0,"423 días sin compensar | 999 días sin transacciones | consumo cupo 100% | saldo expuesto $20,142,983 | mora operativa Mayor a 60",Bloqueo/validación inmediata + gestión prioritaria,Enviar a recuperación/cartera prioritaria; no mezclar con alerta preventiva.
2026-05-02,42280,2026-04-30,BARRIO CENTRO LENGUAZAQUE,CERRADO CON SALDO,CERRADO CON SALDO,RECUPERACION,CUNDINAMARCA,LENGUAZAQUE,REDEBAN,0.48197292131250813,0.9871013957240251,Crítico,Crítico,Recuperación prioritaria,478,473,0,0,11250738.72567956,23343093.0,1366.0,999.0,0.93372372,0.93372372,100.0,"1366 días sin compensar | 999 días sin transacciones | consumo cupo 93% | saldo expuesto $23,343,093 | mora operativa Mayor a 60",Bloqueo/validación inmediata + gestión prioritaria,Enviar a recuperación/cartera prioritaria; no mezclar con alerta preventiva.
2026-05-02,13169,2026-04-30,BARRIO PARQUE DE BELLO - BELLO,CERRADO CON SALDO,CERRADO CON SALDO,RECUPERACION,ANTIOQUIA,BELLO,REDEBAN,0.44404240606293083,0.9848267227346348,Crítico,Crítico,Recuperación prioritaria,479,474,0,0,11235185.868983256,25302056.1,1631.0,999.0,0.9921207740265852,0.9921207740265852,100.0,"1631 días sin compensar | 999 días sin transacciones | consumo cupo 99% | saldo expuesto $25,302,056 | mora operativa Mayor a 60",Bloqueo/validación inmediata + gestión prioritaria,Enviar a recuperación/cartera prioritaria; no mezclar con alerta preventiva.
2026-05-02,46426,2026-04-30,BARRIO CENTRO TULUA 15,CERRADO CON SALDO,CERRADO CON SALDO,RECUPERACION,VALLE DEL CAUCA,TULUÁ,REDEBAN,0.45489751222717684,0.985518208972437,Crítico,Crítico,Recuperación prioritaria,480,475,0,0,11199508.971303772,24619851.0,52.0,63.0,0.9469173461538462,0.9469173461538462,100.0,"52 días sin compensar | 63 días sin transacciones | consumo cupo 95% | saldo expuesto $24,619,851 | mora operativa 31-60",Bloqueo/validación inmediata + gestión prioritaria,Enviar a recuperación/cartera prioritaria; no mezclar con alerta preventiva.
2026-05-02,20743,2026-04-30,BARRIO NUEVO AMBALEMITA HONDA,CERRADO CON SALDO,CERRADO CON SALDO,RECUPERACION,TOLIMA,HONDA,REDEBAN,0.3843756805330949,0.9802988046922199,Crítico,Crítico,Recuperación prioritaria,481,476,0,0,11189903.683481641,29111893.0,3007.0,999.0,0.9703964333333334,0.9703964333333334,100.0,"3007 días sin compensar | 999 días sin transacciones | consumo cupo 97% | saldo expuesto $29,111,893 | mora operativa Mayor a 60",Bloqueo/validación inmediata + gestión prioritaria,Enviar a recuperación/cartera prioritaria; no mezclar con alerta preventiva.
2026-05-02,25691,2026-04-30,PARQUE PRINCIPAL CISNEROS,CERRADO CON SALDO,CERRADO CON SALDO,RECUPERACION,ANTIOQUIA,CISNEROS,REDEBAN,0.42967671771101285,0.9838555912771899,Crítico,Crítico,Recuperación prioritaria,482,477,0,0,11189009.707067657,26040530.58,1487.0,999.0,1.302026529,1.302026529,100.0,"1487 días sin compensar | 999 días sin transacciones | consumo cupo 130% | saldo expuesto $26,040,531 | mora operativa Mayor a 60",Bloqueo/validación inmediata + gestión prioritaria,Enviar a recuperación/cartera prioritaria; no mezclar con alerta preventiva.
2026-05-02,30564,2026-04-30,BARRIO SALGAR 2 SALGAR,CERRADO CON SALDO,CERRADO CON SALDO,RECUPERACION,ANTIOQUIA,SALGAR,REDEBAN,0.4288357032859105,0.9837966407695767,Crítico,Crítico,Recuperación prioritaria,483,478,0,0,11182976.655106839,26077531.72,1283.0,999.0,1.303876586,1.303876586,100.0,"1283 días sin compensar | 999 días sin transacciones | consumo cupo 130% | saldo expuesto $26,077,532 | mora operativa Mayor a 60",Bloqueo/validación inmediata + gestión prioritaria,Enviar a recuperación/cartera prioritaria; no mezclar con alerta preventiva.
2026-05-02,46593,2026-04-30,BARRIO SESQUILE SESQUILE,CERRADO CON SALDO,CERRADO CON SALDO,RECUPERACION,CUNDINAMARCA,SESQUILÉ,REDEBAN,0.4189279240737257,0.9830836499854602,Crítico,Crítico,Recuperación prioritaria,484,479,0,0,11119070.593441555,26541727.0,687.0,703.0,1.7694484666666668,1.7694484666666668,100.0,"687 días sin compensar | 703 días sin transacciones | consumo cupo 177% | saldo expuesto $26,541,727 | mora operativa Mayor a 60 | aparece en castigados: Inactividad",Bloqueo/validación inmediata + gestión prioritaria,Enviar a recuperación/cartera prioritaria; no mezclar con alerta preventiva.
2026-05-02,43439,2026-04-30,BARRIO MARTIRES BOGOTA 1,CERRADO CON SALDO,CERRADO CON SALDO,RECUPERACION,CUNDINAMARCA,BOGOTÁ,REDEBAN,0.4916647767549518,0.9876237513863605,Crítico,Crítico,Recuperación prioritaria,485,480,0,0,11112978.49112187,22602755.0,1914.0,999.0,1.5068503333333334,1.5068503333333334,100.0,"1914 días sin compensar | 999 días sin transacciones | consumo cupo 151% | saldo expuesto $22,602,755 | mora operativa Mayor a 60",Bloqueo/validación inmediata + gestión prioritaria,Enviar a recuperación/cartera prioritaria; no mezclar con alerta preventiva.
2026-05-02,13917,2026-04-30,PUERTO CARREÑO II - VICHADA,CERRADO CON SALDO,CERRADO CON SALDO,RECUPERACION,VICHADA,PUERTO CARREÑO,REDEBAN,0.5167710422667516,0.9888811660045568,Crítico,Crítico,Recuperación prioritaria,486,481,0,0,11109896.821272494,21498683.0,2264.0,999.0,0.7166227666666667,0.7166227666666667,100.0,"2264 días sin compensar | 999 días sin transacciones | consumo cupo 72% | saldo expuesto $21,498,683 | mora operativa Mayor a 60",Bloqueo/validación inmediata + gestión prioritaria,Enviar a recuperación/cartera prioritaria; no mezclar con alerta preventiva.
2026-05-02,54942,2026-04-30,BARRIO AY MI LLANURA VILLAVICENCIO 5,CERRADO CON SALDO,CERRADO CON SALDO,RECUPERACION,META,VILLAVICENCIO,REDEBAN,0.4975382677213129,0.9879299066928113,Crítico,Crítico,Recuperación prioritaria,487,482,0,0,11103498.830914807,22316874.0,1030.0,1078.0,1.4877916,1.4877916,100.0,"1030 días sin compensar | 1078 días sin transacciones | consumo cupo 149% | saldo expuesto $22,316,874 | mora operativa Mayor a 60",Bloqueo/validación inmediata + gestión prioritaria,Enviar a recuperación/cartera prioritaria; no mezclar con alerta preventiva.
2026-05-02,28802,2026-04-30,BARRIO CAMPESTRE 2 CARTAGENA DE INDIAS,CERRADO CON SALDO,CERRADO CON SALDO,RECUPERACION,BOLÍVAR,CARTAGENA DE INDIAS,REDEBAN,0.5036772266448126,0.98824186909179,Crítico,Crítico,Recuperación prioritaria,488,483,0,0,11097508.906228883,22032977.31,1401.0,999.0,0.8813190924,0.8813190924,100.0,"1401 días sin compensar | 999 días sin transacciones | consumo cupo 88% | saldo expuesto $22,032,977 | mora operativa Mayor a 60",Bloqueo/validación inmediata + gestión prioritaria,Enviar a recuperación/cartera prioritaria; no mezclar con alerta preventiva.
2026-05-02,10413,2026-04-30,CAÑASGORDAS II - ANTIOQUIA,CERRADO CON SALDO,CERRADO CON SALDO,RECUPERACION,ANTIOQUIA,CAÑASGORDAS,REDEBAN,0.4007591698138395,0.9816811349374619,Crítico,Crítico,Recuperación prioritaria,489,484,0,0,11083616.094059186,27656550.19,36.0,999.0,0.9218850063333334,0.9218850063333334,100.0,"36 días sin compensar | 999 días sin transacciones | consumo cupo 92% | saldo expuesto $27,656,550 | mora operativa Mayor a 60",Bloqueo/validación inmediata + gestión prioritaria,Enviar a recuperación/cartera prioritaria; no mezclar con alerta preventiva.
2026-05-02,10803,2026-04-30,SAN ONOFRE III,CERRADO CON SALDO,CERRADO CON SALDO,RECUPERACION,SUCRE,SAN ONOFRE,REDEBAN,0.2503382596532984,0.9620139847915993,Crítico,Crítico,Recuperación prioritaria,490,485,0,0,11074246.486730281,44237131.4,3430.0,999.0,0.9830473644444444,0.9830473644444444,100.0,"3430 días sin compensar | 999 días sin transacciones | consumo cupo 98% | saldo expuesto $44,237,131 | mora operativa Mayor a 60",Bloqueo/validación inmediata + gestión prioritaria,Enviar a recuperación/cartera prioritaria; no mezclar con alerta preventiva.
2026-05-02,42521,2026-04-30,BARRIO CENTRO SOGAMOSO 12,CERRADO CON SALDO,CERRADO CON SALDO,RECUPERACION,BOYACÁ,SOGAMOSO,REDEBAN,0.48475945796191794,0.9872538275131301,Crítico,Crítico,Recuperación prioritaria,491,486,0,0,11064626.227099372,22824982.67,1652.0,999.0,0.6521423620000001,0.6521423620000001,100.0,"1652 días sin compensar | 999 días sin transacciones | saldo expuesto $22,824,983 | mora operativa Mayor a 60",Bloqueo/validación inmediata + gestión prioritaria,Enviar a recuperación/cartera prioritaria; no mezclar con alerta preventiva.
2026-05-02,24504,2026-04-30,BARRIO CENTRO - SABANALARGA,CERRADO CON SALDO,CERRADO CON SALDO,RECUPERACION,ANTIOQUIA,SABANALARGA,REDEBAN,0.483079468262751,0.9871621481210759,Crítico,Crítico,Recuperación prioritaria,492,487,0,0,11063819.592003511,22902690.59,819.0,753.0,1.0178973595555556,1.0178973595555556,100.0,"819 días sin compensar | 753 días sin transacciones | consumo cupo 102% | saldo expuesto $22,902,691 | mora operativa Mayor a 60 | aparece en castigados: Inactividad",Bloqueo/validación inmediata + gestión prioritaria,Enviar a recuperación/cartera prioritaria; no mezclar con alerta preventiva.
2026-05-02,42277,2026-04-30,BARRIO OBRERO FUSAGASUGA,CERRADO CON SALDO,CERRADO CON SALDO,RECUPERACION,CUNDINAMARCA,FUSAGASUGÁ,REDEBAN,0.48062337864409327,0.9870269047540893,Crítico,Crítico,Recuperación prioritaria,493,488,0,0,11030001.795822479,22949365.94,557.0,999.0,0.9765687634042554,0.9765687634042554,100.0,"557 días sin compensar | 999 días sin transacciones | consumo cupo 98% | saldo expuesto $22,949,366 | mora operativa Mayor a 60",Bloqueo/validación inmediata + gestión prioritaria,Enviar a recuperación/cartera prioritaria; no mezclar con alerta preventiva.
2026-05-02,26958,2026-04-30,BARRIO EDUARDO SANTOS BOGOTA,CERRADO CON SALDO,CERRADO CON SALDO,RECUPERACION,CUNDINAMARCA,BOGOTÁ,REDEBAN,0.5253834508826926,0.9892833221105607,Crítico,Crítico,Recuperación prioritaria,494,489,0,0,11020269.889176568,20975670.0,2311.0,999.0,1.398378,1.398378,100.0,"2311 días sin compensar | 999 días sin transacciones | consumo cupo 140% | saldo expuesto $20,975,670 | mora operativa Mayor a 60",Bloqueo/validación inmediata + gestión prioritaria,Enviar a recuperación/cartera prioritaria; no mezclar con alerta preventiva.
2026-05-02,26963,2026-04-30,	BARRIO ROBLEDO MIRAMAR 2 MEDELLIN,CERRADO CON SALDO,CERRADO CON SALDO,RECUPERACION,ANTIOQUIA,MEDELLÍN,REDEBAN,0.5258995228533234,0.98930697748636,Crítico,Crítico,Recuperación prioritaria,495,490,0,0,11007113.49496996,20930069.37,2265.0,999.0,0.9995257578796563,0.9995257578796563,100.0,"2265 días sin compensar | 999 días sin transacciones | consumo cupo 100% | saldo expuesto $20,930,069 | mora operativa Mayor a 60",Bloqueo/validación inmediata + gestión prioritaria,Enviar a recuperación/cartera prioritaria; no mezclar con alerta preventiva.
2026-05-02,22122,2026-04-30,BARRIO SAN CARLOS - BOGOTÁ,CERRADO CON SALDO,CERRADO CON SALDO,RECUPERACION,CUNDINAMARCA,BOGOTÁ,REDEBAN,0.5525208952035848,0.9904637571521383,Crítico,Crítico,Recuperación prioritaria,496,491,0,0,10986428.845837153,19884187.08,2270.0,999.0,0.9942093539999999,0.9942093539999999,100.0,"2270 días sin compensar | 999 días sin transacciones | consumo cupo 99% | saldo expuesto $19,884,187 | mora operativa Mayor a 60",Bloqueo/validación inmediata + gestión prioritaria,Enviar a recuperación/cartera prioritaria; no mezclar con alerta preventiva.
2026-05-02,24301,2026-04-30,BARRIO VIOLETAS - ACACÍAS,CERRADO CON SALDO,CERRADO CON SALDO,RECUPERACION,META,ACACÍAS,REDEBAN,0.5074764242744171,0.9884309489423014,Crítico,Crítico,Recuperación prioritaria,497,492,0,0,10975637.095934255,21627875.84,449.0,435.0,0.4806194631111111,0.4806194631111111,100.0,"449 días sin compensar | 435 días sin transacciones | saldo expuesto $21,627,876 | mora operativa Mayor a 60 | aparece en castigados: Confidencial",Bloqueo/validación inmediata + gestión prioritaria,Enviar a recuperación/cartera prioritaria; no mezclar con alerta preventiva.
2026-05-02,42644,2026-04-30,BARRIO CENTRO GALAPA 2,CERRADO CON SALDO,CERRADO CON SALDO,RECUPERACION,ATLÁNTICO,GALAPA,REDEBAN,0.604042355589171,0.9923949016058868,Crítico,Crítico,Recuperación prioritaria,498,493,0,0,10941403.116107866,18113635.6,1348.0,999.0,0.9056817800000001,0.9056817800000001,100.0,"1348 días sin compensar | 999 días sin transacciones | consumo cupo 91% | saldo expuesto $18,113,636 | mora operativa Mayor a 60",Bloqueo/validación inmediata + gestión prioritaria,Enviar a recuperación/cartera prioritaria; no mezclar con alerta preventiva.
2026-05-02,41281,2026-04-30,BARRIO YARUMAL YARUMAL,CERRADO CON SALDO,CERRADO CON SALDO,RECUPERACION,ANTIOQUIA,YARUMAL,REDEBAN,0.3977272668275894,0.9814341810964411,Crítico,Crítico,Recuperación prioritaria,499,494,0,0,10938143.360476436,27501618.0,113.0,318.0,1.8966633103448276,1.8966633103448276,100.0,"113 días sin compensar | 318 días sin transacciones | consumo cupo 190% | saldo expuesto $27,501,618 | mora operativa Mayor a 60 | aparece en castigados: Inactividad",Bloqueo/validación inmediata + gestión prioritaria,Enviar a recuperación/cartera prioritaria; no mezclar con alerta preventiva.
2026-05-02,31881,2026-04-30,BARRIO ALGARRA 2 ZIPAQUIRA,CERRADO CON SALDO,CERRADO CON SALDO,RECUPERACION,CUNDINAMARCA,ZIPAQUIRÁ,REDEBAN,0.4858770857422494,0.9873144492942898,Crítico,Crítico,Recuperación prioritaria,500,495,0,0,10929521.738560747,22494416.92,1099.0,1059.0,0.9997518631111112,0.9997518631111112,100.0,"1099 días sin compensar | 1059 días sin transacciones | consumo cupo 100% | saldo expuesto $22,494,417 | mora operativa Mayor a 60",Bloqueo/validación inmediata + gestión prioritaria,Enviar a recuperación/cartera prioritaria; no mezclar con alerta preventiva.
2026-05-02,10206,2026-04-30,SALAMINA - CALDAS,CERRADO CON SALDO,CERRADO CON SALDO,RECUPERACION,CALDAS,SALAMINA,REDEBAN,0.27543624114405285,0.9668074145718661,Crítico,Crítico,Recuperación prioritaria,501,496,0,0,10918882.919411,39642143.22,2919.0,999.0,0.999978387609414,0.999978387609414,100.0,"2919 días sin compensar | 999 días sin transacciones | consumo cupo 100% | saldo expuesto $39,642,143 | mora operativa Mayor a 60",Bloqueo/validación inmediata + gestión prioritaria,Enviar a recuperación/cartera prioritaria; no mezclar con alerta preventiva.
2026-05-02,27584,2026-04-30,BARRIO CENTRO IV - MAICAO,CERRADO CON SALDO,CERRADO CON SALDO,RECUPERACION,LA GUAJIRA,MAICAO,REDEBAN,0.4578136997438604,0.9856981468118404,Crítico,Crítico,Recuperación prioritaria,502,497,0,0,10915056.354119305,23841698.84,616.0,616.0,0.7947232946666667,0.7947232946666667,100.0,"616 días sin compensar | 616 días sin transacciones | consumo cupo 79% | saldo expuesto $23,841,699 | mora operativa Mayor a 60 | aparece en castigados: Inactividad",Bloqueo/validación inmediata + gestión prioritaria,Enviar a recuperación/cartera prioritaria; no mezclar con alerta preventiva.
2026-05-02,10112,2026-04-30,LA JAGUA DE IBIRICO - CESAR,CERRADO CON SALDO,CERRADO CON SALDO,RECUPERACION,CESAR,LA JAGUA DE IBIRICO,REDEBAN,0.2787559640126685,0.9673766121273274,Crítico,Crítico,Recuperación prioritaria,503,498,0,0,10909070.886949431,39134843.0,1234.0,999.0,0.8696631777777778,0.8696631777777778,100.0,"1234 días sin compensar | 999 días sin transacciones | consumo cupo 87% | saldo expuesto $39,134,843 | mora operativa Mayor a 60",Bloqueo/validación inmediata + gestión prioritaria,Enviar a recuperación/cartera prioritaria; no mezclar con alerta preventiva.
2026-05-02,18290,2026-04-30,CENTRO SAN BERNARDO DEL VIENTO,CERRADO CON SALDO,CERRADO CON SALDO,RECUPERACION,CÓRDOBA,SAN BERNARDO DEL VIENTO,REDEBAN,0.38887306759340123,0.9806902269049409,Crítico,Crítico,Recuperación prioritaria,504,499,0,0,10902273.67058783,28035558.59,1941.0,999.0,1.4017779295,1.4017779295,100.0,"1941 días sin compensar | 999 días sin transacciones | consumo cupo 140% | saldo expuesto $28,035,559 | mora operativa Mayor a 60",Bloqueo/validación inmediata + gestión prioritaria,Enviar a recuperación/cartera prioritaria; no mezclar con alerta preventiva.
2026-05-02,38618,2026-04-30,BARRIO BUENAVISTA MONTERIA 1,CERRADO CON SALDO,CERRADO CON SALDO,RECUPERACION,CÓRDOBA,MONTERÍA,REDEBAN,0.5710628193507995,0.9912017773038552,Crítico,Crítico,Recuperación prioritaria,505,500,0,0,10848246.306268115,18996590.11,1299.0,999.0,0.9498295055,0.9498295055,100.0,"1299 días sin compensar | 999 días sin transacciones | consumo cupo 95% | saldo expuesto $18,996,590 | mora operativa Mayor a 60",Bloqueo/validación inmediata + gestión prioritaria,Enviar a recuperación/cartera prioritaria; no mezclar con alerta preventiva.
2026-05-02,40883,2026-04-30,BARRIO BARLOVENTO SINCELEJO,CERRADO CON SALDO,CERRADO CON SALDO,RECUPERACION,SUCRE,SINCELEJO,REDEBAN,0.4389719541947146,0.9844915071795123,Crítico,Crítico,Recuperación prioritaria,506,501,0,0,10843104.184861599,24701132.0,1029.0,1060.0,0.98804528,0.98804528,100.0,"1029 días sin compensar | 1060 días sin transacciones | consumo cupo 99% | saldo expuesto $24,701,132 | mora operativa Mayor a 60",Bloqueo/validación inmediata + gestión prioritaria,Enviar a recuperación/cartera prioritaria; no mezclar con alerta preventiva.
2026-05-02,12486,2026-04-30,REMEDIOS II - ANTIOQUIA,CERRADO CON SALDO,CERRADO CON SALDO,RECUPERACION,ANTIOQUIA,REMEDIOS,REDEBAN,0.3206417729240647,0.9735374174977054,Crítico,Crítico,Recuperación prioritaria,507,502,0,0,10833363.068513848,33786499.4,86.0,999.0,0.844662485,0.844662485,100.0,"86 días sin compensar | 999 días sin transacciones | consumo cupo 84% | saldo expuesto $33,786,499 | mora operativa Mayor a 60",Bloqueo/validación inmediata + gestión prioritaria,Enviar a recuperación/cartera prioritaria; no mezclar con alerta preventiva.
2026-05-02,10120,2026-04-30,BARRIO BONILLA ARAGON,CERRADO CON SALDO,CERRADO CON SALDO,RECUPERACION,VALLE DEL CAUCA,CALI,REDEBAN,0.3634342649861517,0.9783448185400178,Crítico,Crítico,Recuperación prioritaria,508,503,0,0,10833271.619708296,29808063.42,4221.0,999.0,0.9936021140000001,0.9936021140000001,100.0,"4221 días sin compensar | 999 días sin transacciones | consumo cupo 99% | saldo expuesto $29,808,063 | mora operativa Mayor a 60",Bloqueo/validación inmediata + gestión prioritaria,Enviar a recuperación/cartera prioritaria; no mezclar con alerta preventiva.
2026-05-02,27240,2026-04-30,BARRIO ENEA - MANIZALES,CERRADO CON SALDO,CERRADO CON SALDO,RECUPERACION,CALDAS,MANIZALES,REDEBAN,0.36209455966251536,0.9782119114438608,Crítico,Crítico,Recuperación prioritaria,509,504,0,0,10823711.91869925,29891948.47,1836.0,999.0,0.9999982761273919,0.9999982761273919,100.0,"1836 días sin compensar | 999 días sin transacciones | consumo cupo 100% | saldo expuesto $29,891,948 | mora operativa Mayor a 60",Bloqueo/validación inmediata + gestión prioritaria,Enviar a recuperación/cartera prioritaria; no mezclar con alerta preventiva.
2026-05-02,39168,2026-04-30,BARRIO LOS LIBERTADORES BOGOTA,CERRADO CON SALDO,CERRADO CON SALDO,RECUPERACION,CUNDINAMARCA,BOGOTÁ,REDEBAN,0.5411056537432591,0.9899825373862939,Crítico,Crítico,Recuperación prioritaria,510,505,0,0,10821911.545475502,19999627.56,1852.0,999.0,0.999981378,0.999981378,100.0,"1852 días sin compensar | 999 días sin transacciones | consumo cupo 100% | saldo expuesto $19,999,628 | mora operativa Mayor a 60",Bloqueo/validación inmediata + gestión prioritaria,Enviar a recuperación/cartera prioritaria; no mezclar con alerta preventiva.
2026-05-02,15574,2026-04-30,MISTRATO III RISARALDA,CERRADO CON SALDO,CERRADO CON SALDO,RECUPERACION,RISARALDA,MISTRATÓ,REDEBAN,0.3125324843389781,0.9724750910320697,Crítico,Crítico,Recuperación prioritaria,511,506,0,0,10818817.935485873,34616619.0,674.0,723.0,0.9890462571428571,0.9890462571428571,100.0,"674 días sin compensar | 723 días sin transacciones | consumo cupo 99% | saldo expuesto $34,616,619 | mora operativa Mayor a 60 | aparece en castigados: Inactividad",Bloqueo/validación inmediata + gestión prioritaria,Enviar a recuperación/cartera prioritaria; no mezclar con alerta preventiva.
2026-05-02,32579,2026-04-30,BARRIO LA CANDELARIA SOLEDAD,CERRADO CON SALDO,CERRADO CON SALDO,RECUPERACION,ATLÁNTICO,SOLEDAD,REDEBAN,0.4276201422781524,0.9837110109166854,Crítico,Crítico,Recuperación prioritaria,512,507,0,0,10806674.710491179,25271669.04,784.0,1085.0,0.7220476868571428,0.7220476868571428,100.0,"784 días sin compensar | 1085 días sin transacciones | consumo cupo 72% | saldo expuesto $25,271,669 | mora operativa Mayor a 60",Bloqueo/validación inmediata + gestión prioritaria,Enviar a recuperación/cartera prioritaria; no mezclar con alerta preventiva.
2026-05-02,17223,2026-04-30,BARRIO TRAPICHE BELLO,CERRADO CON SALDO,CERRADO CON SALDO,RECUPERACION,ANTIOQUIA,BELLO,REDEBAN,0.5148632418040887,0.9887901552645144,Crítico,Crítico,Recuperación prioritaria,513,508,0,0,10802349.671630343,20981007.76,3000.0,999.0,0.9990956076190477,0.9990956076190477,100.0,"3000 días sin compensar | 999 días sin transacciones | consumo cupo 100% | saldo expuesto $20,981,008 | mora operativa Mayor a 60",Bloqueo/validación inmediata + gestión prioritaria,Enviar a recuperación/cartera prioritaria; no mezclar con alerta preventiva.
2026-05-02,38774,2026-04-30,BARRIO SEGUNDO PARQUE SANTA FE DE ANTIOQUIA,CERRADO CON SALDO,CERRADO CON SALDO,RECUPERACION,ANTIOQUIA,SANTA FÉ DE ANTIOQUIA,REDEBAN,0.4480345252549395,0.9850850890624088,Crítico,Crítico,Recuperación prioritaria,514,509,0,0,10762329.66658421,24021206.09,750.0,999.0,0.9608482436,0.9608482436,100.0,"750 días sin compensar | 999 días sin transacciones | consumo cupo 96% | saldo expuesto $24,021,206 | mora operativa Mayor a 60",Bloqueo/validación inmediata + gestión prioritaria,Enviar a recuperación/cartera prioritaria; no mezclar con alerta preventiva.
2026-05-02,31360,2026-04-30,BARRIO CAMPOHERMOSO,CERRADO CON SALDO,CERRADO CON SALDO,RECUPERACION,CALDAS,MANIZALES,REDEBAN,0.36200587806102064,0.9782030780837304,Crítico,Crítico,Recuperación prioritaria,515,510,0,0,10760146.51559892,29723679.0,862.0,903.0,0.9907893,0.9907893,100.0,"862 días sin compensar | 903 días sin transacciones | consumo cupo 99% | saldo expuesto $29,723,679 | mora operativa Mayor a 60",Bloqueo/validación inmediata + gestión prioritaria,Enviar a recuperación/cartera prioritaria; no mezclar con alerta preventiva.
2026-05-02,10418,2026-04-30,SAN JOSE DEL NUS II - ANTIOQUIA,CERRADO CON SALDO,CERRADO CON SALDO,RECUPERACION,ANTIOQUIA,MACEO,REDEBAN,0.4617626324319047,0.9859380252296857,Crítico,Alto,Recuperación prioritaria,516,511,0,0,10756003.693546664,23293361.0,3.0,1039.0,0.582334025,0.582334025,75.0,"1039 días sin transacciones | saldo expuesto $23,293,361 | mora operativa Mayor a 60",Contacto el mismo día + seguimiento de compensación,Enviar a recuperación/cartera prioritaria; no mezclar con alerta preventiva.
2026-05-02,53992,2026-04-30,BARRIO CENTRO PRADO,CERRADO CON SALDO,CERRADO CON SALDO,RECUPERACION,TOLIMA,PRADO,REDEBAN,0.5428085849442789,0.9900556928473484,Crítico,Crítico,Recuperación prioritaria,517,512,0,0,10722644.586649379,19754007.0,604.0,557.0,0.98770035,0.98770035,100.0,"604 días sin compensar | 557 días sin transacciones | consumo cupo 99% | saldo expuesto $19,754,007 | mora operativa Mayor a 60 | aparece en castigados: Confidencial",Bloqueo/validación inmediata + gestión prioritaria,Enviar a recuperación/cartera prioritaria; no mezclar con alerta preventiva.
2026-05-02,24810,2026-04-30,BARRIO PARQUE - NORCASIA,CERRADO CON SALDO,CERRADO CON SALDO,RECUPERACION,CALDAS,NORCASIA,REDEBAN,0.35185200081448526,0.9771614968391167,Crítico,Crítico,Recuperación prioritaria,518,513,0,0,10713585.142633522,30449123.83,945.0,912.0,1.0149707943333333,1.0149707943333333,100.0,"945 días sin compensar | 912 días sin transacciones | consumo cupo 101% | saldo expuesto $30,449,124 | mora operativa Mayor a 60",Bloqueo/validación inmediata + gestión prioritaria,Enviar a recuperación/cartera prioritaria; no mezclar con alerta preventiva.
2026-05-02,40909,2026-04-30,BARRIO CENTRO VILLAVICENCIO 4,CERRADO CON SALDO,CERRADO CON SALDO,RECUPERACION,META,VILLAVICENCIO,REDEBAN,0.5333588137551473,0.9896434767269405,Crítico,Crítico,Recuperación prioritaria,519,514,0,0,10670586.656695506,20006394.16,1485.0,999.0,0.8002557664,0.8002557664,100.0,"1485 días sin compensar | 999 días sin transacciones | consumo cupo 80% | saldo expuesto $20,006,394 | mora operativa Mayor a 60",Bloqueo/validación inmediata + gestión prioritaria,Enviar a recuperación/cartera prioritaria; no mezclar con alerta preventiva.
2026-05-02,41418,2026-04-30,BARRIO LA UNION REGIDOR,CERRADO CON SALDO,CERRADO CON SALDO,RECUPERACION,BOLÍVAR,REGIDOR,REDEBAN,0.5438020215299275,0.9900981445185304,Crítico,Crítico,Recuperación prioritaria,520,515,0,0,10667796.88447388,19617060.0,297.0,354.0,0.980853,0.980853,100.0,"297 días sin compensar | 354 días sin transacciones | consumo cupo 98% | saldo expuesto $19,617,060 | mora operativa Mayor a 60 | aparece en castigados: Inactividad",Bloqueo/validación inmediata + gestión prioritaria,Enviar a recuperación/cartera prioritaria; no mezclar con alerta preventiva.
2026-05-02,27919,2026-04-30,	BARRIO FERIA DE GANADO 2  MEDELLIN,CERRADO CON SALDO,CERRADO CON SALDO,RECUPERACION,ANTIOQUIA,MEDELLÍN,REDEBAN,0.3522933348210937,0.977208046847009,Crítico,Crítico,Recuperación prioritaria,521,516,0,0,10629563.200931285,30172478.87,2303.0,999.0,1.5086239435,1.5086239435,100.0,"2303 días sin compensar | 999 días sin transacciones | consumo cupo 151% | saldo expuesto $30,172,479 | mora operativa Mayor a 60",Bloqueo/validación inmediata + gestión prioritaria,Enviar a recuperación/cartera prioritaria; no mezclar con alerta preventiva.
2026-05-02,23582,2026-04-30,BARRIO URB VILLA CAFE - IBAGUÉ,CERRADO CON SALDO,CERRADO CON SALDO,RECUPERACION,TOLIMA,IBAGUÉ,REDEBAN,0.4974690027646583,0.9879263405881524,Crítico,Crítico,Recuperación prioritaria,522,517,0,0,10619393.64457483,21346844.9,2941.0,999.0,0.9975161168224298,0.9975161168224298,100.0,"2941 días sin compensar | 999 días sin transacciones | consumo cupo 100% | saldo expuesto $21,346,845 | mora operativa Mayor a 60",Bloqueo/validación inmediata + gestión prioritaria,Enviar a recuperación/cartera prioritaria; no mezclar con alerta preventiva.
2026-05-02,34239,2026-04-30,BARRIO SAN ISIDRO ARAUQUITA,CERRADO CON SALDO,CERRADO CON SALDO,RECUPERACION,ARAUCA,ARAUQUITA,REDEBAN,0.3404939767216279,0.9759210394153108,Crítico,Crítico,Recuperación prioritaria,523,518,0,0,10608695.583546905,31156779.0,140.0,184.0,1.24627116,1.24627116,100.0,"140 días sin compensar | 184 días sin transacciones | consumo cupo 125% | saldo expuesto $31,156,779 | mora operativa Mayor a 60",Bloqueo/validación inmediata + gestión prioritaria,Enviar a recuperación/cartera prioritaria; no mezclar con alerta preventiva.
2026-05-02,14881,2026-04-30,SAN JOSE DEL NUS IV MACEO,CERRADO CON SALDO,CERRADO CON SALDO,RECUPERACION,ANTIOQUIA,MACEO,REDEBAN,0.22916410709356025,0.9571549580149028,Crítico,Crítico,Recuperación prioritaria,524,519,0,0,10587381.729389355,46199999.92,2360.0,999.0,1.004347824347826,1.004347824347826,100.0,"2360 días sin compensar | 999 días sin transacciones | consumo cupo 100% | saldo expuesto $46,200,000 | mora operativa Mayor a 60",Bloqueo/validación inmediata + gestión prioritaria,Enviar a recuperación/cartera prioritaria; no mezclar con alerta preventiva.
2026-05-02,40515,2026-04-30,BARRIO PARAISO BOGOTA 2,CERRADO CON SALDO,CERRADO CON SALDO,RECUPERACION,CUNDINAMARCA,BOGOTÁ,REDEBAN,0.5045472567762428,0.9882854341871641,Crítico,Crítico,Recuperación prioritaria,525,520,0,0,10583391.169439455,20976015.68,1675.0,999.0,1.3984010453333333,1.3984010453333333,100.0,"1675 días sin compensar | 999 días sin transacciones | consumo cupo 140% | saldo expuesto $20,976,016 | mora operativa Mayor a 60",Bloqueo/validación inmediata + gestión prioritaria,Enviar a recuperación/cartera prioritaria; no mezclar con alerta preventiva.
2026-05-02,31080,2026-04-30,BARRIO CENTRO 2,CERRADO CON SALDO,CERRADO CON SALDO,RECUPERACION,SUCRE,GUARANDA,REDEBAN,0.38659846266160813,0.9804934333089445,Crítico,Crítico,Recuperación prioritaria,526,521,0,0,10567791.915166184,27335318.0,704.0,667.0,1.0124191851851851,1.0124191851851851,100.0,"704 días sin compensar | 667 días sin transacciones | consumo cupo 101% | saldo expuesto $27,335,318 | mora operativa Mayor a 60 | aparece en castigados: Inactividad",Bloqueo/validación inmediata + gestión prioritaria,Enviar a recuperación/cartera prioritaria; no mezclar con alerta preventiva.
2026-05-02,52371,2026-04-30,BARRIO LAS FERIAS LA DORADA 1,CERRADO CON SALDO,CERRADO CON SALDO,RECUPERACION,CALDAS,LA DORADA,REDEBAN,0.5381694433691699,0.9898552462530167,Crítico,Crítico,Recuperación prioritaria,527,522,0,0,10559875.7870178,19621842.0,265.0,753.0,0.5163642631578947,0.5163642631578947,100.0,"265 días sin compensar | 753 días sin transacciones | saldo expuesto $19,621,842 | mora operativa Mayor a 60 | aparece en castigados: Inactividad",Bloqueo/validación inmediata + gestión prioritaria,Enviar a recuperación/cartera prioritaria; no mezclar con alerta preventiva.
2026-05-02,52916,2026-04-30,BARRIO ESTADIO MEDELLIN 4,CERRADO CON SALDO,CERRADO CON SALDO,RECUPERACION,ANTIOQUIA,MEDELLÍN,REDEBAN,0.5009490249984511,0.9881042250443324,Crítico,Crítico,Recuperación prioritaria,528,523,0,0,10545247.98963992,21050541.0,658.0,636.0,1.05252705,1.05252705,100.0,"658 días sin compensar | 636 días sin transacciones | consumo cupo 105% | saldo expuesto $21,050,541 | mora operativa Mayor a 60 | aparece en castigados: Inactividad",Bloqueo/validación inmediata + gestión prioritaria,Enviar a recuperación/cartera prioritaria; no mezclar con alerta preventiva.
2026-05-02,24300,2026-04-30,BARRIO CENTRO X - VILLAVICENCIO,CERRADO CON SALDO,CERRADO CON SALDO,RECUPERACION,META,VILLAVICENCIO,REDEBAN,0.47005137570874356,0.9864278277462158,Crítico,Crítico,Recuperación prioritaria,529,524,0,0,10544406.72811764,22432455.84,1467.0,999.0,1.495497056,1.495497056,100.0,"1467 días sin compensar | 999 días sin transacciones | consumo cupo 150% | saldo expuesto $22,432,456 | mora operativa Mayor a 60",Bloqueo/validación inmediata + gestión prioritaria,Enviar a recuperación/cartera prioritaria; no mezclar con alerta preventiva.
2026-05-02,21700,2026-04-30,BARRIO LA ALIANZA - SOLEDAD,CERRADO CON SALDO,CERRADO CON SALDO,RECUPERACION,ATLÁNTICO,SOLEDAD,REDEBAN,0.4142876095003191,0.9827375522306416,Crítico,Crítico,Recuperación prioritaria,530,525,0,0,10543610.13731098,25449977.01,55.0,55.0,1.0179990804,1.0179990804,100.0,"55 días sin compensar | 55 días sin transacciones | consumo cupo 102% | saldo expuesto $25,449,977 | mora operativa 31-60",Bloqueo/validación inmediata + gestión prioritaria,Enviar a recuperación/cartera prioritaria; no mezclar con alerta preventiva.
2026-05-02,10555,2026-04-30,AMALFI - ANTIOQUIA,CERRADO CON SALDO,CERRADO CON SALDO,RECUPERACION,ANTIOQUIA,AMALFI,REDEBAN,0.301088126159367,0.970877080186359,Crítico,Crítico,Recuperación prioritaria,531,526,0,0,10539315.56492571,35004089.0,679.0,999.0,0.875102225,0.875102225,100.0,"679 días sin compensar | 999 días sin transacciones | consumo cupo 88% | saldo expuesto $35,004,089 | mora operativa Mayor a 60",Bloqueo/validación inmediata + gestión prioritaria,Enviar a recuperación/cartera prioritaria; no mezclar con alerta preventiva.
2026-05-02,23059,2026-04-30,BARRIO CENTRO MADRID - MADRID,CERRADO CON SALDO,CERRADO CON SALDO,RECUPERACION,CUNDINAMARCA,MADRID,REDEBAN,0.4736422838882499,0.9866344552014161,Crítico,Crítico,Recuperación prioritaria,532,527,0,0,10534174.308298394,22240781.0,1005.0,1212.0,0.711704992,0.711704992,100.0,"1005 días sin compensar | 1212 días sin transacciones | consumo cupo 71% | saldo expuesto $22,240,781 | mora operativa Mayor a 60",Bloqueo/validación inmediata + gestión prioritaria,Enviar a recuperación/cartera prioritaria; no mezclar con alerta preventiva.
2026-05-02,34717,2026-04-30,BARRIO LA PLAZOLETA,CERRADO CON SALDO,CERRADO CON SALDO,RECUPERACION,BOLÍVAR,SAN JACINTO,REDEBAN,0.4585139311532211,0.985740997393826,Crítico,Crítico,Recuperación prioritaria,533,528,0,0,10522894.719966425,22950000.0,1170.0,1117.0,1.02,1.02,100.0,"1170 días sin compensar | 1117 días sin transacciones | consumo cupo 102% | saldo expuesto $22,950,000 | mora operativa Mayor a 60",Bloqueo/validación inmediata + gestión prioritaria,Enviar a recuperación/cartera prioritaria; no mezclar con alerta preventiva.
2026-05-02,24085,2026-04-30,ARANSAZU TESALIA - HUILA,CERRADO CON SALDO,CERRADO CON SALDO,RECUPERACION,HUILA,TESALIA,REDEBAN,0.399033193962288,0.9815410263464723,Crítico,Crítico,Recuperación prioritaria,534,529,0,0,10517874.117604084,26358393.93,2680.0,999.0,0.8786131309999999,0.8786131309999999,100.0,"2680 días sin compensar | 999 días sin transacciones | consumo cupo 88% | saldo expuesto $26,358,394 | mora operativa Mayor a 60",Bloqueo/validación inmediata + gestión prioritaria,Enviar a recuperación/cartera prioritaria; no mezclar con alerta preventiva.
2026-05-02,11026,2026-04-30,BARRIO PERLA DEL SUR,CERRADO CON SALDO,CERRADO CON SALDO,RECUPERACION,RISARALDA,PEREIRA,REDEBAN,0.35752628298844574,0.9777510318902585,Crítico,Crítico,Recuperación prioritaria,535,530,0,0,10508906.264118994,29393381.03,2836.0,999.0,0.9797793676666667,0.9797793676666667,100.0,"2836 días sin compensar | 999 días sin transacciones | consumo cupo 98% | saldo expuesto $29,393,381 | mora operativa Mayor a 60",Bloqueo/validación inmediata + gestión prioritaria,Enviar a recuperación/cartera prioritaria; no mezclar con alerta preventiva.
2026-05-02,15661,2026-04-30,BARRIO TINTAL II BOGOTA,CERRADO CON SALDO,CERRADO CON SALDO,RECUPERACION,CUNDINAMARCA,BOGOTÁ,REDEBAN,0.5563658460117895,0.9906211137667236,Crítico,Crítico,Recuperación prioritaria,536,531,0,0,10490611.846059898,18855600.0,421.0,578.0,0.94278,0.94278,100.0,"421 días sin compensar | 578 días sin transacciones | consumo cupo 94% | saldo expuesto $18,855,600 | mora operativa Mayor a 60 | aparece en castigados: Confidencial",Bloqueo/validación inmediata + gestión prioritaria,Enviar a recuperación/cartera prioritaria; no mezclar con alerta preventiva.
2026-05-02,42041,2026-04-30,BARRIO CENTRO SOCORRO 2,CERRADO CON SALDO,CERRADO CON SALDO,RECUPERACION,SANTANDER,SOCORRO,REDEBAN,0.3494913729195421,0.9769104657416796,Crítico,Crítico,Recuperación prioritaria,537,532,0,0,10484290.329735542,29998709.96,1787.0,999.0,2.9998709960000003,2.9998709960000003,100.0,"1787 días sin compensar | 999 días sin transacciones | consumo cupo 300% | saldo expuesto $29,998,710 | mora operativa Mayor a 60",Bloqueo/validación inmediata + gestión prioritaria,Enviar a recuperación/cartera prioritaria; no mezclar con alerta preventiva.
2026-05-02,11006,2026-04-30,DIBULLA II - GUAJIRA,CERRADO CON SALDO,CERRADO CON SALDO,RECUPERACION,LA GUAJIRA,DIBULLA,REDEBAN,0.41937826778947285,0.9831168163395889,Crítico,Crítico,Recuperación prioritaria,538,533,0,0,10483332.81549832,24997320.13,4201.0,999.0,0.9998928052,0.9998928052,100.0,"4201 días sin compensar | 999 días sin transacciones | consumo cupo 100% | saldo expuesto $24,997,320 | mora operativa Mayor a 60",Bloqueo/validación inmediata + gestión prioritaria,Enviar a recuperación/cartera prioritaria; no mezclar con alerta preventiva.
2026-05-02,71518,2026-04-30,BARRIO CENTRO PIOJO,CERRADO CON SALDO,CERRADO CON SALDO,RECUPERACION,ATLÁNTICO,PIOJÓ,REDEBAN,0.7007332771459468,0.9951969955240607,Crítico,Crítico,Recuperación prioritaria,539,534,0,0,10474076.820083104,14947309.0,428.0,425.0,0.9964872666666666,0.9964872666666666,100.0,"428 días sin compensar | 425 días sin transacciones | consumo cupo 100% | saldo expuesto $14,947,309 | mora operativa Mayor a 60 | aparece en castigados: Confidencial",Bloqueo/validación inmediata + gestión prioritaria,Enviar a recuperación/cartera prioritaria; no mezclar con alerta preventiva.
2026-05-02,10170,2026-04-30,CHACHAGUI - NARIÑO,CERRADO CON SALDO,CERRADO CON SALDO,RECUPERACION,NARIÑO,CHACHAGÜÍ,REDEBAN,0.2990248376886404,0.9705757979671354,Crítico,Crítico,Recuperación prioritaria,540,535,0,0,10465619.977241507,34999166.15,3252.0,999.0,0.9999761757142857,0.9999761757142857,100.0,"3252 días sin compensar | 999 días sin transacciones | consumo cupo 100% | saldo expuesto $34,999,166 | mora operativa Mayor a 60",Bloqueo/validación inmediata + gestión prioritaria,Enviar a recuperación/cartera prioritaria; no mezclar con alerta preventiva.
2026-05-02,30124,2026-04-30,BARRIO CENTRO 2 - EL RETORNO,CERRADO CON SALDO,CERRADO CON SALDO,RECUPERACION,GUAVIARE,EL RETORNO,REDEBAN,0.2989508317941726,0.9705649134580266,Crítico,Crítico,Recuperación prioritaria,541,536,0,0,10463232.177515449,34999843.0,2299.0,999.0,0.9999955142857143,0.9999955142857143,100.0,"2299 días sin compensar | 999 días sin transacciones | consumo cupo 100% | saldo expuesto $34,999,843 | mora operativa Mayor a 60",Bloqueo/validación inmediata + gestión prioritaria,Enviar a recuperación/cartera prioritaria; no mezclar con alerta preventiva.
2026-05-02,15515,2026-04-30,BARRIO CABECERA DEL LLANO V BUCARAMANGA,CERRADO CON SALDO,CERRADO CON SALDO,RECUPERACION,SANTANDER,BUCARAMANGA,REDEBAN,0.5108568490792769,0.9885966935339946,Crítico,Crítico,Recuperación prioritaria,542,537,0,0,10447022.558562642,20449999.99,1373.0,999.0,1.0224999995,1.0224999995,100.0,"1373 días sin compensar | 999 días sin transacciones | consumo cupo 102% | saldo expuesto $20,450,000 | mora operativa Mayor a 60",Bloqueo/validación inmediata + gestión prioritaria,Enviar a recuperación/cartera prioritaria; no mezclar con alerta preventiva.
2026-05-02,38735,2026-04-30,BARRIO CENTRO LA UNION  2,CERRADO CON SALDO,CERRADO CON SALDO,RECUPERACION,VALLE DEL CAUCA,LA UNIÓN,REDEBAN,0.4545259896753676,0.985495111715562,Crítico,Crítico,Recuperación prioritaria,543,538,0,0,10426488.003999796,22939255.93,1117.0,1117.0,1.0195224857777778,1.0195224857777778,100.0,"1117 días sin compensar | 1117 días sin transacciones | consumo cupo 102% | saldo expuesto $22,939,256 | mora operativa Mayor a 60",Bloqueo/validación inmediata + gestión prioritaria,Enviar a recuperación/cartera prioritaria; no mezclar con alerta preventiva.
2026-05-02,10657,2026-04-30,BECERRIL II - CESAR,CERRADO CON SALDO,CERRADO CON SALDO,RECUPERACION,CESAR,BECERRIL,REDEBAN,0.5397717075852523,0.9899248902810555,Crítico,Crítico,Recuperación prioritaria,544,539,0,0,10403920.794157278,19274668.62,2995.0,999.0,0.9637334310000001,0.9637334310000001,100.0,"2995 días sin compensar | 999 días sin transacciones | consumo cupo 96% | saldo expuesto $19,274,669 | mora operativa Mayor a 60",Bloqueo/validación inmediata + gestión prioritaria,Enviar a recuperación/cartera prioritaria; no mezclar con alerta preventiva.
2026-05-02,32422,2026-04-30,BARRIO CENTRO BOGOTA 1,CERRADO CON SALDO,CERRADO CON SALDO,RECUPERACION,CUNDINAMARCA,BOGOTÁ,REDEBAN,0.5499283349130433,0.9903563312577821,Crítico,Crítico,Recuperación prioritaria,545,540,0,0,10367341.071778223,18852167.48,1607.0,999.0,0.942608374,0.942608374,100.0,"1607 días sin compensar | 999 días sin transacciones | consumo cupo 94% | saldo expuesto $18,852,167 | mora operativa Mayor a 60",Bloqueo/validación inmediata + gestión prioritaria,Enviar a recuperación/cartera prioritaria; no mezclar con alerta preventiva.
2026-05-02,15126,2026-04-30,BARRIO EL BOSQUE MEDELLÍN,CERRADO CON SALDO,CERRADO CON SALDO,RECUPERACION,ANTIOQUIA,MEDELLÍN,REDEBAN,0.5237888209536478,0.9892099165203023,Crítico,Crítico,Recuperación prioritaria,546,541,0,0,10360763.23118224,19780420.69,676.0,999.0,0.9890210345000001,0.9890210345000001,100.0,"676 días sin compensar | 999 días sin transacciones | consumo cupo 99% | saldo expuesto $19,780,421 | mora operativa Mayor a 60",Bloqueo/validación inmediata + gestión prioritaria,Enviar a recuperación/cartera prioritaria; no mezclar con alerta preventiva.
2026-05-02,72258,2026-04-30,FLORENCIA SIETE DE AGOSTO,CERRADO CON SALDO,CERRADO CON SALDO,RECUPERACION,CAQUETÁ,FLORENCIA,REDEBAN,0.41803796898692047,0.9830178898099484,Crítico,Crítico,Recuperación prioritaria,547,542,0,0,10332941.286407694,24717710.0,484.0,456.0,2.471771,2.471771,100.0,"484 días sin compensar | 456 días sin transacciones | consumo cupo 247% | saldo expuesto $24,717,710 | mora operativa Mayor a 60 | aparece en castigados: Inactividad",Bloqueo/validación inmediata + gestión prioritaria,Enviar a recuperación/cartera prioritaria; no mezclar con alerta preventiva.
2026-05-02,17642,2026-04-30,LA PLAZUELA TIBU,CERRADO CON SALDO,CERRADO CON SALDO,RECUPERACION,NORTE DE SANTANDER,TIBÚ,REDEBAN,0.34875743982593327,0.9768317104003161,Crítico,Crítico,Recuperación prioritaria,548,543,0,0,10319787.748124858,29590158.0,1961.0,999.0,0.9863386,0.9863386,100.0,"1961 días sin compensar | 999 días sin transacciones | consumo cupo 99% | saldo expuesto $29,590,158 | mora operativa Mayor a 60",Bloqueo/validación inmediata + gestión prioritaria,Enviar a recuperación/cartera prioritaria; no mezclar con alerta preventiva.
2026-05-02,30286,2026-04-30,BARRIO CRISTOBAL,CERRADO CON SALDO,CERRADO CON SALDO,RECUPERACION,ANTIOQUIA,MEDELLÍN,REDEBAN,0.47249658070909356,0.9865688867030451,Crítico,Crítico,Recuperación prioritaria,549,544,0,0,10318751.140116759,21838784.79,1843.0,999.0,0.8735513916,0.8735513916,100.0,"1843 días sin compensar | 999 días sin transacciones | consumo cupo 87% | saldo expuesto $21,838,785 | mora operativa Mayor a 60",Bloqueo/validación inmediata + gestión prioritaria,Enviar a recuperación/cartera prioritaria; no mezclar con alerta preventiva.
2026-05-02,15871,2026-04-30,FORTUL ARAUCA,CERRADO CON SALDO,CERRADO CON SALDO,RECUPERACION,ARAUCA,FORTUL,REDEBAN,0.3735109491368095,0.9793131514339253,Crítico,Crítico,Recuperación prioritaria,550,545,0,0,10311908.47001715,27608048.69,3521.0,999.0,0.9202682896666667,0.9202682896666667,100.0,"3521 días sin compensar | 999 días sin transacciones | consumo cupo 92% | saldo expuesto $27,608,049 | mora operativa Mayor a 60",Bloqueo/validación inmediata + gestión prioritaria,Enviar a recuperación/cartera prioritaria; no mezclar con alerta preventiva.
2026-05-02,67204,2026-04-30,BARRIO OTRO PURISIMA DE LA CONCEPCION,CERRADO CON SALDO,CERRADO CON SALDO,RECUPERACION,CÓRDOBA,PURÍSIMA DE LA CONCEPCIÓN,REDEBAN,0.6674863944320659,0.9943337709397436,Crítico,Crítico,Recuperación prioritaria,551,546,0,0,10307687.34793214,15442543.0,1056.0,995.0,1.0295028666666666,1.0295028666666666,100.0,"1056 días sin compensar | 995 días sin transacciones | consumo cupo 103% | saldo expuesto $15,442,543 | mora operativa Mayor a 60",Bloqueo/validación inmediata + gestión prioritaria,Enviar a recuperación/cartera prioritaria; no mezclar con alerta preventiva.
2026-05-02,24403,2026-04-30,BARRIO POPULAR V - CALI,CERRADO CON SALDO,CERRADO CON SALDO,RECUPERACION,VALLE DEL CAUCA,CALI,REDEBAN,0.4525518865032172,0.9853717192423289,Crítico,Alto,Recuperación prioritaria,552,547,0,0,10301307.352425648,22762710.0,2.0,169.0,0.689779090909091,0.689779090909091,75.0,"169 días sin transacciones | saldo expuesto $22,762,710 | mora operativa Mayor a 60",Contacto el mismo día + seguimiento de compensación,Enviar a recuperación/cartera prioritaria; no mezclar con alerta preventiva.
2026-05-02,46685,2026-04-30,BARRIO EDUARDO SANTOS BOGOTA 3,CERRADO CON SALDO,CERRADO CON SALDO,RECUPERACION,CUNDINAMARCA,BOGOTÁ,REDEBAN,0.48269804841622,0.9871412401699293,Crítico,Crítico,Recuperación prioritaria,553,548,0,0,10297321.20057157,21332842.0,1285.0,999.0,2.1332842,2.1332842,100.0,"1285 días sin compensar | 999 días sin transacciones | consumo cupo 213% | saldo expuesto $21,332,842 | mora operativa Mayor a 60",Bloqueo/validación inmediata + gestión prioritaria,Enviar a recuperación/cartera prioritaria; no mezclar con alerta preventiva.
2026-05-02,40875,2026-04-30,BARRIO MARSELLA BOGOTA 2,CERRADO CON SALDO,CERRADO CON SALDO,RECUPERACION,CUNDINAMARCA,BOGOTÁ,REDEBAN,0.4083677105383778,0.9822841851856421,Crítico,Crítico,Recuperación prioritaria,554,549,0,0,10291452.092713179,25201434.46,1213.0,999.0,0.7200409845714286,0.7200409845714286,100.0,"1213 días sin compensar | 999 días sin transacciones | consumo cupo 72% | saldo expuesto $25,201,434 | mora operativa Mayor a 60",Bloqueo/validación inmediata + gestión prioritaria,Enviar a recuperación/cartera prioritaria; no mezclar con alerta preventiva.
2026-05-02,33491,2026-04-30,BARRIO LA MERCED CUCUTA,CERRADO CON SALDO,CERRADO CON SALDO,RECUPERACION,NORTE DE SANTANDER,CÚCUTA,REDEBAN,0.5145499061098071,0.9887751395334528,Crítico,Crítico,Recuperación prioritaria,555,550,0,0,10282850.867620276,19984166.25,499.0,701.0,0.79936665,0.79936665,100.0,"499 días sin compensar | 701 días sin transacciones | consumo cupo 80% | saldo expuesto $19,984,166 | mora operativa Mayor a 60 | aparece en castigados: Otro",Bloqueo/validación inmediata + gestión prioritaria,Enviar a recuperación/cartera prioritaria; no mezclar con alerta preventiva.
2026-05-02,20645,2026-04-30,BARRIO NIQUIA BELLO,CERRADO CON SALDO,CERRADO CON SALDO,RECUPERACION,ANTIOQUIA,BELLO,REDEBAN,0.5027419969260242,0.9881948619565504,Crítico,Crítico,Recuperación prioritaria,556,551,0,0,10273949.480298756,20435829.0,1345.0,999.0,1.02179145,1.02179145,100.0,"1345 días sin compensar | 999 días sin transacciones | consumo cupo 102% | saldo expuesto $20,435,829 | mora operativa Mayor a 60",Bloqueo/validación inmediata + gestión prioritaria,Enviar a recuperación/cartera prioritaria; no mezclar con alerta preventiva.
2026-05-02,41931,2026-04-30,BARRIO SANTA CRUZ MEDELLIN 5,CERRADO CON SALDO,CERRADO CON SALDO,RECUPERACION,ANTIOQUIA,MEDELLÍN,REDEBAN,0.45637057303740197,0.9856094015537292,Crítico,Crítico,Recuperación prioritaria,557,552,0,0,10266638.456037963,22496276.19,804.0,999.0,2.249627619,2.249627619,100.0,"804 días sin compensar | 999 días sin transacciones | consumo cupo 225% | saldo expuesto $22,496,276 | mora operativa Mayor a 60",Bloqueo/validación inmediata + gestión prioritaria,Enviar a recuperación/cartera prioritaria; no mezclar con alerta preventiva.
2026-05-02,12940,2026-04-30,BARRIO TIMIZA III,CERRADO CON SALDO,CERRADO CON SALDO,RECUPERACION,CUNDINAMARCA,BOGOTÁ,REDEBAN,0.5563658460117895,0.9906211137667236,Crítico,Crítico,Recuperación prioritaria,558,553,0,0,10258510.475052116,18438425.99,2194.0,999.0,0.9219212994999999,0.9219212994999999,100.0,"2194 días sin compensar | 999 días sin transacciones | consumo cupo 92% | saldo expuesto $18,438,426 | mora operativa Mayor a 60",Bloqueo/validación inmediata + gestión prioritaria,Enviar a recuperación/cartera prioritaria; no mezclar con alerta preventiva.
2026-05-02,14915,2026-04-30,BARRIO JARDIN MEDELLÍN,CERRADO CON SALDO,CERRADO CON SALDO,RECUPERACION,ANTIOQUIA,MEDELLÍN,REDEBAN,0.5237888209536478,0.9892099165203023,Crítico,Crítico,Recuperación prioritaria,559,554,0,0,10238936.278797379,19547832.77,3528.0,999.0,0.9773916385,0.9773916385,100.0,"3528 días sin compensar | 999 días sin transacciones | consumo cupo 98% | saldo expuesto $19,547,833 | mora operativa Mayor a 60",Bloqueo/validación inmediata + gestión prioritaria,Enviar a recuperación/cartera prioritaria; no mezclar con alerta preventiva.
2026-05-02,62671,2026-04-30,BARRIO ENTRADA PRINCIPAL FRENTE A EDS TEXACO ACHI,CERRADO CON SALDO,CERRADO CON SALDO,RECUPERACION,BOLÍVAR,ACHÍ,REDEBAN,0.6659449572668663,0.9942914344402211,Crítico,Crítico,Recuperación prioritaria,560,555,0,0,10223473.10737324,15351829.0,1241.0,557.0,1.0234552666666668,1.0234552666666668,100.0,"1241 días sin compensar | 557 días sin transacciones | consumo cupo 102% | saldo expuesto $15,351,829 | mora operativa Mayor a 60 | aparece en castigados: Confidencial",Bloqueo/validación inmediata + gestión prioritaria,Enviar a recuperación/cartera prioritaria; no mezclar con alerta preventiva.
2026-05-02,16559,2026-04-30,MEDELLIN LA COLINITA IV,CERRADO CON SALDO,CERRADO CON SALDO,RECUPERACION,ANTIOQUIA,MEDELLÍN,REDEBAN,0.5237888209536478,0.9892099165203023,Crítico,Crítico,Recuperación prioritaria,561,556,0,0,10220111.539039386,19511893.21,1117.0,1152.0,0.9755946605000001,0.9755946605000001,100.0,"1117 días sin compensar | 1152 días sin transacciones | consumo cupo 98% | saldo expuesto $19,511,893 | mora operativa Mayor a 60",Bloqueo/validación inmediata + gestión prioritaria,Enviar a recuperación/cartera prioritaria; no mezclar con alerta preventiva.
2026-05-02,34284,2026-04-30,BARRIO RENAN BARCO LA DORADA 1,CERRADO CON SALDO,CERRADO CON SALDO,RECUPERACION,CALDAS,LA DORADA,REDEBAN,0.3788123064162349,0.9798013588306366,Crítico,Crítico,Recuperación prioritaria,562,557,0,0,10218650.99291884,26975499.0,917.0,952.0,0.9809272363636363,0.9809272363636363,100.0,"917 días sin compensar | 952 días sin transacciones | consumo cupo 98% | saldo expuesto $26,975,499 | mora operativa Mayor a 60",Bloqueo/validación inmediata + gestión prioritaria,Enviar a recuperación/cartera prioritaria; no mezclar con alerta preventiva.
2026-05-02,10383,2026-04-30,BARRIO LAS VEGAS - BELLO,CERRADO CON SALDO,CERRADO CON SALDO,RECUPERACION,ANTIOQUIA,BELLO,REDEBAN,0.5112365890667756,0.9886151679165419,Crítico,Crítico,Recuperación prioritaria,563,558,0,0,10203882.019523602,19959217.0,4343.0,999.0,0.99796085,0.99796085,100.0,"4343 días sin compensar | 999 días sin transacciones | consumo cupo 100% | saldo expuesto $19,959,217 | mora operativa Mayor a 60",Bloqueo/validación inmediata + gestión prioritaria,Enviar a recuperación/cartera prioritaria; no mezclar con alerta preventiva.
2026-05-02,10608,2026-04-30,PAMPLONA,CERRADO CON SALDO,CERRADO CON SALDO,RECUPERACION,NORTE DE SANTANDER,PAMPLONA,REDEBAN,0.3558626187203472,0.9775801780810869,Crítico,Crítico,Recuperación prioritaria,564,559,0,0,10203585.66536743,28672822.4,2768.0,999.0,0.8192234971428571,0.8192234971428571,100.0,"2768 días sin compensar | 999 días sin transacciones | consumo cupo 82% | saldo expuesto $28,672,822 | mora operativa Mayor a 60",Bloqueo/validación inmediata + gestión prioritaria,Enviar a recuperación/cartera prioritaria; no mezclar con alerta preventiva.
2026-05-02,10265,2026-04-30,BARRIO ARANJUEZ,CERRADO CON SALDO,CERRADO CON SALDO,RECUPERACION,ANTIOQUIA,MEDELLÍN,REDEBAN,0.5225919234703392,0.9891545080969826,Crítico,Crítico,Recuperación prioritaria,565,560,0,0,10194588.989194239,19507743.1,1198.0,999.0,0.9753871550000001,0.9753871550000001,100.0,"1198 días sin compensar | 999 días sin transacciones | consumo cupo 98% | saldo expuesto $19,507,743 | mora operativa Mayor a 60",Bloqueo/validación inmediata + gestión prioritaria,Enviar a recuperación/cartera prioritaria; no mezclar con alerta preventiva.
2026-05-02,40074,2026-04-30,BARRIO CENTRO POPAYAN 13,CERRADO CON SALDO,CERRADO CON SALDO,RECUPERACION,CAUCA,POPAYÁN,REDEBAN,0.41155616864573025,0.9825300464153572,Crítico,Crítico,Recuperación prioritaria,566,561,0,0,10192797.862459244,24766480.59,1850.0,999.0,1.651098706,1.651098706,100.0,"1850 días sin compensar | 999 días sin transacciones | consumo cupo 165% | saldo expuesto $24,766,481 | mora operativa Mayor a 60",Bloqueo/validación inmediata + gestión prioritaria,Enviar a recuperación/cartera prioritaria; no mezclar con alerta preventiva.
2026-05-02,27203,2026-04-30,BARRIO BOSA BETANIA 2 BOGOTA,CERRADO CON SALDO,CERRADO CON SALDO,RECUPERACION,CUNDINAMARCA,BOGOTÁ,REDEBAN,0.5153955857932425,0.9888156221197987,Crítico,Crítico,Recuperación prioritaria,567,562,0,0,10173826.40026488,19739840.0,694.0,689.0,1.973984,1.973984,100.0,"694 días sin compensar | 689 días sin transacciones | consumo cupo 197% | saldo expuesto $19,739,840 | mora operativa Mayor a 60 | aparece en castigados: Inactividad",Bloqueo/validación inmediata + gestión prioritaria,Enviar a recuperación/cartera prioritaria; no mezclar con alerta preventiva.
2026-05-02,43357,2026-04-30,BARRIO CATALINA BOGOTA 1,CERRADO CON SALDO,CERRADO CON SALDO,RECUPERACION,CUNDINAMARCA,BOGOTÁ,REDEBAN,0.5089077241210994,0.988501410258323,Crítico,Crítico,Recuperación prioritaria,568,563,0,0,10155951.54580032,19956371.39,1071.0,1026.0,0.9978185695,0.9978185695,100.0,"1071 días sin compensar | 1026 días sin transacciones | consumo cupo 100% | saldo expuesto $19,956,371 | mora operativa Mayor a 60",Bloqueo/validación inmediata + gestión prioritaria,Enviar a recuperación/cartera prioritaria; no mezclar con alerta preventiva.
2026-05-02,10326,2026-04-30,ENTRERRIOS,CERRADO CON SALDO,CERRADO CON SALDO,RECUPERACION,ANTIOQUIA,ENTRERRÍOS,REDEBAN,0.3656851410924462,0.9785658711382241,Crítico,Crítico,Recuperación prioritaria,569,564,0,0,10117286.83499873,27666661.01,3558.0,999.0,0.69166652525,0.69166652525,100.0,"3558 días sin compensar | 999 días sin transacciones | saldo expuesto $27,666,661 | mora operativa Mayor a 60",Bloqueo/validación inmediata + gestión prioritaria,Enviar a recuperación/cartera prioritaria; no mezclar con alerta preventiva.
2026-05-02,24325,2026-04-30,BARRIO SANTA LUCIA VI - BOGOTÁ,CERRADO CON SALDO,CERRADO CON SALDO,RECUPERACION,CUNDINAMARCA,BOGOTÁ,REDEBAN,0.5514993791830516,0.9904215578309329,Crítico,Crítico,Recuperación prioritaria,570,565,0,0,10115343.158306472,18341531.36,2636.0,999.0,0.9170765679999999,0.9170765679999999,100.0,"2636 días sin compensar | 999 días sin transacciones | consumo cupo 92% | saldo expuesto $18,341,531 | mora operativa Mayor a 60",Bloqueo/validación inmediata + gestión prioritaria,Enviar a recuperación/cartera prioritaria; no mezclar con alerta preventiva.
2026-05-02,11092,2026-04-30,BARRIO MANRIQUE JARDIN,CERRADO CON SALDO,CERRADO CON SALDO,RECUPERACION,ANTIOQUIA,MEDELLÍN,REDEBAN,0.46951713060176975,0.9863968033851798,Crítico,Crítico,Recuperación prioritaria,571,566,0,0,10102030.166398956,21515786.13,3028.0,999.0,0.9155653672340425,0.9155653672340425,100.0,"3028 días sin compensar | 999 días sin transacciones | consumo cupo 92% | saldo expuesto $21,515,786 | mora operativa Mayor a 60",Bloqueo/validación inmediata + gestión prioritaria,Enviar a recuperación/cartera prioritaria; no mezclar con alerta preventiva.
2026-05-02,13028,2026-04-30,PARQUE PRINCIPAL - EL CARMEN DE VIBORAL,CERRADO CON SALDO,CERRADO CON SALDO,RECUPERACION,ANTIOQUIA,EL CARMEN DE VIBORAL,REDEBAN,0.3795493504225125,0.9798681236766573,Crítico,Crítico,Recuperación prioritaria,572,567,0,0,10095759.630140983,26599333.18,3643.0,999.0,0.5910962928888889,0.5910962928888889,100.0,"3643 días sin compensar | 999 días sin transacciones | saldo expuesto $26,599,333 | mora operativa Mayor a 60",Bloqueo/validación inmediata + gestión prioritaria,Enviar a recuperación/cartera prioritaria; no mezclar con alerta preventiva.
2026-05-02,68189,2026-04-30,VERAGUAS BOGOTA3,CERRADO CON SALDO,CERRADO CON SALDO,RECUPERACION,CUNDINAMARCA,BOGOTÁ,REDEBAN,0.5144149900803933,0.9887686681093597,Crítico,Crítico,Recuperación prioritaria,573,568,0,0,10082236.98812643,19599423.0,225.0,240.0,0.6999793928571428,0.6999793928571428,100.0,"225 días sin compensar | 240 días sin transacciones | saldo expuesto $19,599,423 | mora operativa Mayor a 60 | aparece en castigados: Novedad en el establecimiento (Comercio)",Bloqueo/validación inmediata + gestión prioritaria,Enviar a recuperación/cartera prioritaria; no mezclar con alerta preventiva.
2026-05-02,38130,2026-04-30,BARRIO SAN FELIX BELLO 1,CERRADO CON SALDO,CERRADO CON SALDO,RECUPERACION,ANTIOQUIA,BELLO,REDEBAN,0.48104361648517147,0.9870501477311646,Crítico,Crítico,Recuperación prioritaria,574,569,0,0,10078759.57921827,20951862.23,919.0,999.0,1.3967908153333333,1.3967908153333333,100.0,"919 días sin compensar | 999 días sin transacciones | consumo cupo 140% | saldo expuesto $20,951,862 | mora operativa Mayor a 60",Bloqueo/validación inmediata + gestión prioritaria,Enviar a recuperación/cartera prioritaria; no mezclar con alerta preventiva.
2026-05-02,41630,2026-04-30,BARRIO PARQUE PUERTO TRIUNFO,CERRADO CON SALDO,CERRADO CON SALDO,RECUPERACION,ANTIOQUIA,PUERTO TRIUNFO,REDEBAN,0.5038095856531591,0.9882485069474124,Crítico,Crítico,Recuperación prioritaria,575,570,0,0,10076151.40829633,19999920.0,346.0,332.0,0.999996,0.999996,100.0,"346 días sin compensar | 332 días sin transacciones | consumo cupo 100% | saldo expuesto $19,999,920 | mora operativa Mayor a 60 | aparece en castigados: Inactividad",Bloqueo/validación inmediata + gestión prioritaria,Enviar a recuperación/cartera prioritaria; no mezclar con alerta preventiva.
2026-05-02,52977,2026-04-30,BARRIO CENTRO SOPO 4,CERRADO CON SALDO,CERRADO CON SALDO,RECUPERACION,CUNDINAMARCA,SOPÓ,REDEBAN,0.5031661649450485,0.9882162045969715,Crítico,Crítico,Recuperación prioritaria,576,571,0,0,10063323.29890097,20000000.0,230.0,905.0,1.0,1.0,100.0,"230 días sin compensar | 905 días sin transacciones | consumo cupo 100% | saldo expuesto $20,000,000 | mora operativa Mayor a 60",Bloqueo/validación inmediata + gestión prioritaria,Enviar a recuperación/cartera prioritaria; no mezclar con alerta preventiva.
2026-05-02,42175,2026-04-30,BARRIO LA PRIMAVERA FLORENCIA,CERRADO CON SALDO,CERRADO CON SALDO,RECUPERACION,CAQUETÁ,FLORENCIA,REDEBAN,0.45189239232196604,0.9853302464315739,Crítico,Crítico,Recuperación prioritaria,577,572,0,0,10026649.858205138,22188136.0,382.0,409.0,0.9861393777777778,0.9861393777777778,100.0,"382 días sin compensar | 409 días sin transacciones | consumo cupo 99% | saldo expuesto $22,188,136 | mora operativa Mayor a 60 | aparece en castigados: Asuntos Personales",Bloqueo/validación inmediata + gestión prioritaria,Enviar a recuperación/cartera prioritaria; no mezclar con alerta preventiva.
2026-05-02,39689,2026-04-30,BARRIO MODELO NORTE BOGOTA,CERRADO CON SALDO,CERRADO CON SALDO,RECUPERACION,CUNDINAMARCA,BOGOTÁ,REDEBAN,0.5112875293957663,0.9886176439637111,Crítico,Crítico,Recuperación prioritaria,578,573,0,0,10024877.477228904,19607123.0,1976.0,999.0,1.3071415333333334,1.3071415333333334,100.0,"1976 días sin compensar | 999 días sin transacciones | consumo cupo 131% | saldo expuesto $19,607,123 | mora operativa Mayor a 60",Bloqueo/validación inmediata + gestión prioritaria,Enviar a recuperación/cartera prioritaria; no mezclar con alerta preventiva.
2026-05-02,33689,2026-04-30,BARRIO MARIA AUXILIADORA LA CEJA,CERRADO CON SALDO,CERRADO CON SALDO,RECUPERACION,ANTIOQUIA,LA CEJA,REDEBAN,0.4873578304649367,0.9873943173206522,Crítico,Crítico,Recuperación prioritaria,579,574,0,0,10020809.005820457,20561502.0,2621.0,999.0,0.9999757805660928,0.9999757805660928,100.0,"2621 días sin compensar | 999 días sin transacciones | consumo cupo 100% | saldo expuesto $20,561,502 | mora operativa Mayor a 60",Bloqueo/validación inmediata + gestión prioritaria,Enviar a recuperación/cartera prioritaria; no mezclar con alerta preventiva.
2026-05-02,36351,2026-04-30,BARRIO MANRIQUE MEDELLIN 2,CERRADO CON SALDO,CERRADO CON SALDO,RECUPERACION,ANTIOQUIA,MEDELLÍN,REDEBAN,0.4653171286893148,0.9861503051420015,Crítico,Crítico,Recuperación prioritaria,580,575,0,0,10019403.382815247,21532419.0,1257.0,999.0,2.1532419,2.1532419,100.0,"1257 días sin compensar | 999 días sin transacciones | consumo cupo 215% | saldo expuesto $21,532,419 | mora operativa Mayor a 60",Bloqueo/validación inmediata + gestión prioritaria,Enviar a recuperación/cartera prioritaria; no mezclar con alerta preventiva.
2026-05-02,41432,2026-04-30,BARRIO COMCAJA ACACIAS,CERRADO CON SALDO,CERRADO CON SALDO,RECUPERACION,META,ACACÍAS,REDEBAN,0.4026556444888743,0.981833653378659,Crítico,Crítico,Recuperación prioritaria,581,576,0,0,10009708.874491515,24859229.0,1212.0,999.0,1.6572819333333333,1.6572819333333333,100.0,"1212 días sin compensar | 999 días sin transacciones | consumo cupo 166% | saldo expuesto $24,859,229 | mora operativa Mayor a 60",Bloqueo/validación inmediata + gestión prioritaria,Enviar a recuperación/cartera prioritaria; no mezclar con alerta preventiva.
2026-05-02,18158,2026-04-30,BARRIO AGUA MARINA IBAGUE,CERRADO CON SALDO,CERRADO CON SALDO,RECUPERACION,TOLIMA,IBAGUÉ,REDEBAN,0.5003892310103315,0.9880757865582668,Crítico,Crítico,Recuperación prioritaria,582,577,0,0,10007784.299957521,19999999.36,2776.0,999.0,0.999999968,0.999999968,100.0,"2776 días sin compensar | 999 días sin transacciones | consumo cupo 100% | saldo expuesto $19,999,999 | mora operativa Mayor a 60",Bloqueo/validación inmediata + gestión prioritaria,Enviar a recuperación/cartera prioritaria; no mezclar con alerta preventiva.
2026-05-02,70252,2026-04-30,BARRIO BUCARAMANGA BUCARAMANAGA,CERRADO CON SALDO,CERRADO CON SALDO,RECUPERACION,SANTANDER,BUCARAMANGA,REDEBAN,0.47367835814144593,0.9866365143313368,Crítico,Crítico,Recuperación prioritaria,583,578,0,0,10005750.95601949,21123513.0,245.0,477.0,1.3202195625,1.3202195625,100.0,"245 días sin compensar | 477 días sin transacciones | consumo cupo 132% | saldo expuesto $21,123,513 | mora operativa Mayor a 60 | aparece en castigados: Inactividad",Bloqueo/validación inmediata + gestión prioritaria,Enviar a recuperación/cartera prioritaria; no mezclar con alerta preventiva.
2026-05-02,14452,2026-04-30,BARRIO NIQUIA CAMACOL III BELLO,CERRADO CON SALDO,CERRADO CON SALDO,RECUPERACION,ANTIOQUIA,BELLO,REDEBAN,0.5112365890667756,0.9886151679165419,Crítico,Crítico,Recuperación prioritaria,584,579,0,0,10004532.151962575,19569280.38,1792.0,999.0,0.9784640189999999,0.9784640189999999,100.0,"1792 días sin compensar | 999 días sin transacciones | consumo cupo 98% | saldo expuesto $19,569,280 | mora operativa Mayor a 60",Bloqueo/validación inmediata + gestión prioritaria,Enviar a recuperación/cartera prioritaria; no mezclar con alerta preventiva.
2026-05-02,10219,2026-04-30,GIRALDO - ANTIOQUIA,CERRADO CON SALDO,CERRADO CON SALDO,RECUPERACION,ANTIOQUIA,GIRALDO,REDEBAN,0.3440760095714322,0.976321282205683,Crítico,Crítico,Recuperación prioritaria,585,580,0,0,10000242.52146335,29064050.51,2270.0,999.0,0.8304014431428572,0.8304014431428572,100.0,"2270 días sin compensar | 999 días sin transacciones | consumo cupo 83% | saldo expuesto $29,064,051 | mora operativa Mayor a 60",Bloqueo/validación inmediata + gestión prioritaria,Enviar a recuperación/cartera prioritaria; no mezclar con alerta preventiva.
2026-05-02,28308,2026-04-30,BARRIO EL CENTRO 8 CÚCUTA,CERRADO CON SALDO,CERRADO CON SALDO,RECUPERACION,NORTE DE SANTANDER,CÚCUTA,REDEBAN,0.3973876776655538,0.9814062785951075,Crítico,Crítico,Recuperación prioritaria,586,581,0,0,9934691.78665765,24999999.61,640.0,639.0,0.9999999843999999,0.9999999843999999,100.0,"640 días sin compensar | 639 días sin transacciones | consumo cupo 100% | saldo expuesto $25,000,000 | mora operativa Mayor a 60 | aparece en castigados: Inactividad",Bloqueo/validación inmediata + gestión prioritaria,Enviar a recuperación/cartera prioritaria; no mezclar con alerta preventiva.
2026-05-02,21366,2026-04-30,BARRIO CENTRO III BUENAVENTURA,CERRADO CON SALDO,CERRADO CON SALDO,RECUPERACION,VALLE DEL CAUCA,BUENAVENTURA,REDEBAN,0.41666900769361204,0.9829161666213693,Crítico,Crítico,Recuperación prioritaria,587,582,0,0,9934307.06523966,23842203.0,2682.0,999.0,0.95368812,0.95368812,100.0,"2682 días sin compensar | 999 días sin transacciones | consumo cupo 95% | saldo expuesto $23,842,203 | mora operativa Mayor a 60",Bloqueo/validación inmediata + gestión prioritaria,Enviar a recuperación/cartera prioritaria; no mezclar con alerta preventiva.
2026-05-02,28106,2026-04-30,BARRIO CALAMARES CARTAGENA,CERRADO CON SALDO,CERRADO CON SALDO,RECUPERACION,BOLÍVAR,CARTAGENA DE INDIAS,REDEBAN,0.496543389734744,0.9878785848897995,Crítico,Crítico,Recuperación prioritaria,588,583,0,0,9929681.339023147,19997610.57,2598.0,999.0,0.9998805285,0.9998805285,100.0,"2598 días sin compensar | 999 días sin transacciones | consumo cupo 100% | saldo expuesto $19,997,611 | mora operativa Mayor a 60",Bloqueo/validación inmediata + gestión prioritaria,Enviar a recuperación/cartera prioritaria; no mezclar con alerta preventiva.
2026-05-02,30970,2026-04-30,BARRIO 	CENTRO 2,CERRADO CON SALDO,CERRADO CON SALDO,RECUPERACION,ARAUCA,ARAUCA,REDEBAN,0.33100094060937774,0.9748175569108584,Crítico,Crítico,Recuperación prioritaria,589,584,0,0,9927751.99101295,29993123.2,617.0,639.0,0.9997707733333333,0.9997707733333333,100.0,"617 días sin compensar | 639 días sin transacciones | consumo cupo 100% | saldo expuesto $29,993,123 | mora operativa Mayor a 60 | aparece en castigados: Inactividad",Bloqueo/validación inmediata + gestión prioritaria,Enviar a recuperación/cartera prioritaria; no mezclar con alerta preventiva.
2026-05-02,10374,2026-04-30,CACERES - ANTIOQUIA,CERRADO CON SALDO,CERRADO CON SALDO,RECUPERACION,ANTIOQUIA,CÁCERES,REDEBAN,0.26046696690141025,0.9640597955906831,Crítico,Crítico,Recuperación prioritaria,590,585,0,0,9925317.158063062,38105857.63,1877.0,999.0,0.95264644075,0.95264644075,100.0,"1877 días sin compensar | 999 días sin transacciones | consumo cupo 95% | saldo expuesto $38,105,858 | mora operativa Mayor a 60",Bloqueo/validación inmediata + gestión prioritaria,Enviar a recuperación/cartera prioritaria; no mezclar con alerta preventiva.
2026-05-02,11197,2026-04-30,LETICIA - AMAZONAS,CERRADO CON SALDO,CERRADO CON SALDO,RECUPERACION,AMAZONAS,LETICIA,REDEBAN,0.35761490543813396,0.977760087504028,Crítico,Crítico,Recuperación prioritaria,591,586,0,0,9919590.841157971,27738191.81,4277.0,999.0,0.9246063936666666,0.9246063936666666,100.0,"4277 días sin compensar | 999 días sin transacciones | consumo cupo 92% | saldo expuesto $27,738,192 | mora operativa Mayor a 60",Bloqueo/validación inmediata + gestión prioritaria,Enviar a recuperación/cartera prioritaria; no mezclar con alerta preventiva.
2026-05-02,49658,2026-04-30,BARRIO TRUJILLOS AGUSTIN CODAZZI,CERRADO CON SALDO,CERRADO CON SALDO,RECUPERACION,CESAR,AGUSTÍN CODAZZI,REDEBAN,0.43977358100409003,0.9845450396556406,Crítico,Crítico,Recuperación prioritaria,592,587,0,0,9890743.555421403,22490536.0,192.0,999.0,1.4993690666666666,1.4993690666666666,100.0,"192 días sin compensar | 999 días sin transacciones | consumo cupo 150% | saldo expuesto $22,490,536 | mora operativa Mayor a 60",Bloqueo/validación inmediata + gestión prioritaria,Enviar a recuperación/cartera prioritaria; no mezclar con alerta preventiva.
2026-05-02,10251,2026-04-30,ALEJANDRIA - ANTIOQUIA,CERRADO CON SALDO,CERRADO CON SALDO,RECUPERACION,ANTIOQUIA,ALEJANDRÍA,REDEBAN,0.2694781694055107,0.9657504975598729,Crítico,Crítico,Recuperación prioritaria,593,588,0,0,9884553.840631595,36680351.0,52.0,1155.0,0.8151189111111111,0.8151189111111111,100.0,"52 días sin compensar | 1155 días sin transacciones | consumo cupo 82% | saldo expuesto $36,680,351 | mora operativa Mayor a 60",Bloqueo/validación inmediata + gestión prioritaria,Enviar a recuperación/cartera prioritaria; no mezclar con alerta preventiva.
2026-05-02,31993,2026-04-30,BARRIO CENTRAL 2 PATÍA,CERRADO CON SALDO,CERRADO CON SALDO,RECUPERACION,CAUCA,PATÍA,REDEBAN,0.3920254008553618,0.9809590687096146,Crítico,Crítico,Recuperación prioritaria,594,589,0,0,9877975.360566394,25197284.0,683.0,658.0,1.00789136,1.00789136,100.0,"683 días sin compensar | 658 días sin transacciones | consumo cupo 101% | saldo expuesto $25,197,284 | mora operativa Mayor a 60 | aparece en castigados: Confidencial",Bloqueo/validación inmediata + gestión prioritaria,Enviar a recuperación/cartera prioritaria; no mezclar con alerta preventiva.
2026-05-02,65986,2026-04-30,BARRIO EL JORDAN SOLITA 3,CERRADO CON SALDO,CERRADO CON SALDO,RECUPERACION,CAQUETÁ,SOLITA,REDEBAN,0.5222794425859508,0.9891399980471249,Crítico,Crítico,Recuperación prioritaria,595,590,0,0,9860138.143713968,18879047.0,651.0,658.0,0.5552660882352941,0.5552660882352941,100.0,"651 días sin compensar | 658 días sin transacciones | saldo expuesto $18,879,047 | mora operativa Mayor a 60 | aparece en castigados: Confidencial",Bloqueo/validación inmediata + gestión prioritaria,Enviar a recuperación/cartera prioritaria; no mezclar con alerta preventiva.
2026-05-02,47541,2026-04-30,BARRIO MIRADOR ESCANDINAVO TUNJA,CERRADO CON SALDO,CERRADO CON SALDO,RECUPERACION,BOYACÁ,TUNJA,REDEBAN,0.4482275997438245,0.9850974630705701,Crítico,Crítico,Recuperación prioritaria,596,591,0,0,9857225.9463327,21991564.0,1598.0,999.0,1.4661042666666666,1.4661042666666666,100.0,"1598 días sin compensar | 999 días sin transacciones | consumo cupo 147% | saldo expuesto $21,991,564 | mora operativa Mayor a 60",Bloqueo/validación inmediata + gestión prioritaria,Enviar a recuperación/cartera prioritaria; no mezclar con alerta preventiva.
2026-05-02,54434,2026-04-30,BARRIO CENTRO HATILLO DE LOBA 2,CERRADO CON SALDO,CERRADO CON SALDO,RECUPERACION,BOLÍVAR,HATILLO DE LOBA,REDEBAN,0.42352445466048677,0.9834187335274355,Crítico,Crítico,Recuperación prioritaria,598,592,0,0,9850193.697521381,23257674.0,21.0,823.0,1.329009942857143,1.329009942857143,100.0,"823 días sin transacciones | consumo cupo 133% | saldo expuesto $23,257,674 | mora operativa Mayor a 60 | aparece en castigados: Seguridad y Riesgos",Bloqueo/validación inmediata + gestión prioritaria,Enviar a recuperación/cartera prioritaria; no mezclar con alerta preventiva.
2026-05-02,36688,2026-04-30,BARRIO SAN FELIPE SAN MIGUEL 1,CERRADO CON SALDO,CERRADO CON SALDO,RECUPERACION,PUTUMAYO,SAN MIGUEL,REDEBAN,0.4372019934854954,0.9843725859368133,Crítico,Crítico,Recuperación prioritaria,599,593,0,0,9837044.853423646,22500000.0,1978.0,999.0,0.6,0.6,100.0,"1978 días sin compensar | 999 días sin transacciones | saldo expuesto $22,500,000 | mora operativa Mayor a 60",Bloqueo/validación inmediata + gestión prioritaria,Enviar a recuperación/cartera prioritaria; no mezclar con alerta preventiva.
2026-05-02,28468,2026-04-30,BARRIO CENTRO 2  BOGOTA,CERRADO CON SALDO,CERRADO CON SALDO,RECUPERACION,CUNDINAMARCA,BOGOTÁ,REDEBAN,0.6123776063161376,0.9926745896240283,Crítico,Crítico,Recuperación prioritaria,600,594,0,0,9827870.001884254,16048709.0,1873.0,999.0,0.5168881256866429,0.5168881256866429,100.0,"1873 días sin compensar | 999 días sin transacciones | saldo expuesto $16,048,709 | mora operativa Mayor a 60",Bloqueo/validación inmediata + gestión prioritaria,Enviar a recuperación/cartera prioritaria; no mezclar con alerta preventiva.
2026-05-02,10208,2026-04-30,LINARES - NARIÑO,CERRADO CON SALDO,CERRADO CON SALDO,RECUPERACION,NARIÑO,LINARES,REDEBAN,0.2960022171701572,0.9701267650308802,Crítico,Crítico,Recuperación prioritaria,601,595,0,0,9806714.601414356,33130544.41,4041.0,999.0,0.82826361025,0.82826361025,100.0,"4041 días sin compensar | 999 días sin transacciones | consumo cupo 83% | saldo expuesto $33,130,544 | mora operativa Mayor a 60",Bloqueo/validación inmediata + gestión prioritaria,Enviar a recuperación/cartera prioritaria; no mezclar con alerta preventiva.
2026-05-02,38702,2026-04-30,BARRIO LA UNION PUPIALES,CERRADO CON SALDO,CERRADO CON SALDO,RECUPERACION,NARIÑO,PUPIALES,REDEBAN,0.30365158131092357,0.9712456270467105,Crítico,Crítico,Recuperación prioritaria,602,596,0,0,9791309.006202806,32245210.0,592.0,682.0,1.8425834285714286,1.8425834285714286,100.0,"592 días sin compensar | 682 días sin transacciones | consumo cupo 184% | saldo expuesto $32,245,210 | mora operativa Mayor a 60 | aparece en castigados: Confidencial",Bloqueo/validación inmediata + gestión prioritaria,Enviar a recuperación/cartera prioritaria; no mezclar con alerta preventiva.
2026-05-02,11426,2026-04-30,PAZ DE ARIPORO - CASANARE,CERRADO CON SALDO,CERRADO CON SALDO,RECUPERACION,CASANARE,PAZ DE ARIPORO,REDEBAN,0.3307795729118899,0.9747910544480978,Crítico,Crítico,Recuperación prioritaria,603,597,0,0,9752977.238709766,29484823.24,4727.0,999.0,0.8424235211428571,0.8424235211428571,100.0,"4727 días sin compensar | 999 días sin transacciones | consumo cupo 84% | saldo expuesto $29,484,823 | mora operativa Mayor a 60",Bloqueo/validación inmediata + gestión prioritaria,Enviar a recuperación/cartera prioritaria; no mezclar con alerta preventiva.
2026-05-02,63760,2026-04-30,BARRIO CENTRO FLORENCIA 30,CERRADO CON SALDO,CERRADO CON SALDO,RECUPERACION,CAQUETÁ,FLORENCIA,REDEBAN,0.4656417334788198,0.986169522145713,Crítico,Crítico,Recuperación prioritaria,604,598,0,0,9751916.664219318,20942961.0,414.0,473.0,0.9307982666666667,0.9307982666666667,100.0,"414 días sin compensar | 473 días sin transacciones | consumo cupo 93% | saldo expuesto $20,942,961 | mora operativa Mayor a 60 | aparece en castigados: Inactividad",Bloqueo/validación inmediata + gestión prioritaria,Enviar a recuperación/cartera prioritaria; no mezclar con alerta preventiva.
2026-05-02,34730,2026-04-30,BARRIO CENTRO PUEBLO NUEVO CORDOBA,CERRADO CON SALDO,CERRADO CON SALDO,RECUPERACION,CÓRDOBA,PUEBLO NUEVO,REDEBAN,0.38298748781611885,0.9801760729936604,Crítico,Crítico,Recuperación prioritaria,605,599,0,0,9746869.01354077,25449575.57,833.0,818.0,2.544957557,2.544957557,100.0,"833 días sin compensar | 818 días sin transacciones | consumo cupo 254% | saldo expuesto $25,449,576 | mora operativa Mayor a 60 | aparece en castigados: Inactividad",Bloqueo/validación inmediata + gestión prioritaria,Enviar a recuperación/cartera prioritaria; no mezclar con alerta preventiva.
2026-05-02,18414,2026-04-30,BARRIO SECTOR SAN JOSE II MARINILLA,CERRADO CON SALDO,CERRADO CON SALDO,RECUPERACION,ANTIOQUIA,MARINILLA,REDEBAN,0.4776444544891441,0.9868609127385788,Crítico,Crítico,Recuperación prioritaria,606,600,0,0,9740331.103058057,20392430.0,1086.0,1116.0,1.0196215,1.0196215,100.0,"1086 días sin compensar | 1116 días sin transacciones | consumo cupo 102% | saldo expuesto $20,392,430 | mora operativa Mayor a 60",Bloqueo/validación inmediata + gestión prioritaria,Enviar a recuperación/cartera prioritaria; no mezclar con alerta preventiva.
2026-05-02,12231,2026-04-30,PRIMAVERA II - ANTIOQUIA,CERRADO CON SALDO,CERRADO CON SALDO,RECUPERACION,ANTIOQUIA,CALDAS,REDEBAN,0.3246098377433224,0.9740375952796875,Crítico,Crítico,Recuperación prioritaria,607,601,0,0,9734414.097079614,29988044.0,3535.0,999.0,0.9996014666666667,0.9996014666666667,100.0,"3535 días sin compensar | 999 días sin transacciones | consumo cupo 100% | saldo expuesto $29,988,044 | mora operativa Mayor a 60",Bloqueo/validación inmediata + gestión prioritaria,Enviar a recuperación/cartera prioritaria; no mezclar con alerta preventiva.
2026-05-02,22282,2026-04-30,BARRIO CENTRO - ANSERMANUEVO,CERRADO CON SALDO,CERRADO CON SALDO,RECUPERACION,VALLE DEL CAUCA,ANSERMANUEVO,REDEBAN,0.4248384820182049,0.983513142800562,Crítico,Crítico,Recuperación prioritaria,608,602,0,0,9724023.751054434,22888754.58,2993.0,999.0,0.9155501831999999,0.9155501831999999,100.0,"2993 días sin compensar | 999 días sin transacciones | consumo cupo 92% | saldo expuesto $22,888,755 | mora operativa Mayor a 60",Bloqueo/validación inmediata + gestión prioritaria,Enviar a recuperación/cartera prioritaria; no mezclar con alerta preventiva.
2026-05-02,61895,2026-04-30,BARRIO CENTRO CALI 35,CERRADO CON SALDO,CERRADO CON SALDO,RECUPERACION,VALLE DEL CAUCA,CALI,REDEBAN,0.39132128868385696,0.9808994069529662,Crítico,Crítico,Recuperación prioritaria,609,603,0,0,9712729.782299215,24820346.0,143.0,164.0,0.99281384,0.99281384,100.0,"143 días sin compensar | 164 días sin transacciones | consumo cupo 99% | saldo expuesto $24,820,346 | mora operativa Mayor a 60",Bloqueo/validación inmediata + gestión prioritaria,Enviar a recuperación/cartera prioritaria; no mezclar con alerta preventiva.
2026-05-02,10079,2026-04-30,OCAÑA II,CERRADO CON SALDO,CERRADO CON SALDO,RECUPERACION,NORTE DE SANTANDER,OCAÑA,REDEBAN,0.3283301388929514,0.9744953751526771,Crítico,Crítico,Recuperación prioritaria,610,604,0,0,9694453.37322445,29526541.2,2410.0,999.0,0.98421804,0.98421804,100.0,"2410 días sin compensar | 999 días sin transacciones | consumo cupo 98% | saldo expuesto $29,526,541 | mora operativa Mayor a 60",Bloqueo/validación inmediata + gestión prioritaria,Enviar a recuperación/cartera prioritaria; no mezclar con alerta preventiva.
2026-05-02,22752,2026-04-30,BARRIO GARCES NAVAS II - BOGOTÁ,CERRADO CON SALDO,CERRADO CON SALDO,RECUPERACION,CUNDINAMARCA,BOGOTÁ,REDEBAN,0.5471628912233933,0.9902405464587194,Crítico,Crítico,Recuperación prioritaria,611,605,0,0,9683302.00470752,17697293.0,438.0,975.0,0.88486465,0.88486465,100.0,"438 días sin compensar | 975 días sin transacciones | consumo cupo 88% | saldo expuesto $17,697,293 | mora operativa Mayor a 60",Bloqueo/validación inmediata + gestión prioritaria,Enviar a recuperación/cartera prioritaria; no mezclar con alerta preventiva.
2026-05-02,28165,2026-04-30,BARRIO SAN JORGE 2 VILLAVICENCIO,CERRADO CON SALDO,CERRADO CON SALDO,RECUPERACION,META,VILLAVICENCIO,REDEBAN,0.49688770984959807,0.987896371479825,Crítico,Crítico,Recuperación prioritaria,612,606,0,0,9663506.963294672,19448070.0,808.0,791.0,0.9724035,0.9724035,100.0,"808 días sin compensar | 791 días sin transacciones | consumo cupo 97% | saldo expuesto $19,448,070 | mora operativa Mayor a 60 | aparece en castigados: Inactividad",Bloqueo/validación inmediata + gestión prioritaria,Enviar a recuperación/cartera prioritaria; no mezclar con alerta preventiva.
2026-05-02,47226,2026-04-30,BARRIO EL CARMEN IBAGUE 4,CERRADO CON SALDO,CERRADO CON SALDO,RECUPERACION,TOLIMA,IBAGUÉ,REDEBAN,0.46046634805368714,0.9858597563002688,Crítico,Crítico,Recuperación prioritaria,613,607,0,0,9644282.55251256,20944598.0,1367.0,999.0,1.3963065333333333,1.3963065333333333,100.0,"1367 días sin compensar | 999 días sin transacciones | consumo cupo 140% | saldo expuesto $20,944,598 | mora operativa Mayor a 60",Bloqueo/validación inmediata + gestión prioritaria,Enviar a recuperación/cartera prioritaria; no mezclar con alerta preventiva.
2026-05-02,25575,2026-04-30,BARRIO GORGONZOLA VI - BOGOTÁ,CERRADO CON SALDO,CERRADO CON SALDO,RECUPERACION,CUNDINAMARCA,BOGOTÁ,REDEBAN,0.48260818040458375,0.9871363089052267,Crítico,Crítico,Recuperación prioritaria,614,608,0,0,9643307.74798125,19981650.0,2631.0,999.0,0.9990825,0.9990825,100.0,"2631 días sin compensar | 999 días sin transacciones | consumo cupo 100% | saldo expuesto $19,981,650 | mora operativa Mayor a 60",Bloqueo/validación inmediata + gestión prioritaria,Enviar a recuperación/cartera prioritaria; no mezclar con alerta preventiva.
2026-05-02,12503,2026-04-30,ARJONA - ASTREA,CERRADO CON SALDO,CERRADO CON SALDO,RECUPERACION,CESAR,ASTREA,REDEBAN,0.24280950554582537,0.9603829174278548,Crítico,Crítico,Recuperación prioritaria,615,609,0,0,9638504.70134218,39695747.0,1352.0,999.0,0.992393675,0.992393675,100.0,"1352 días sin compensar | 999 días sin transacciones | consumo cupo 99% | saldo expuesto $39,695,747 | mora operativa Mayor a 60",Bloqueo/validación inmediata + gestión prioritaria,Enviar a recuperación/cartera prioritaria; no mezclar con alerta preventiva.
2026-05-02,19660,2026-04-30,BARRIO SANTA LUBRADA III BOGOTA,CERRADO CON SALDO,CERRADO CON SALDO,RECUPERACION,CUNDINAMARCA,BOGOTÁ,REDEBAN,0.3526850614529442,0.9772492646295695,Crítico,Crítico,Recuperación prioritaria,616,610,0,0,9634218.822256312,27316776.0,1072.0,1097.0,1.3658388,1.3658388,100.0,"1072 días sin compensar | 1097 días sin transacciones | consumo cupo 137% | saldo expuesto $27,316,776 | mora operativa Mayor a 60",Bloqueo/validación inmediata + gestión prioritaria,Enviar a recuperación/cartera prioritaria; no mezclar con alerta preventiva.
2026-05-02,37174,2026-04-30,BARRIO BELLAVISTA FLORIDABLANCA,CERRADO CON SALDO,CERRADO CON SALDO,RECUPERACION,SANTANDER,FLORIDABLANCA,REDEBAN,0.36255826876647224,0.9782580282388655,Crítico,Crítico,Recuperación prioritaria,617,611,0,0,9605821.442771155,26494559.0,1590.0,999.0,1.32472795,1.32472795,100.0,"1590 días sin compensar | 999 días sin transacciones | consumo cupo 132% | saldo expuesto $26,494,559 | mora operativa Mayor a 60",Bloqueo/validación inmediata + gestión prioritaria,Enviar a recuperación/cartera prioritaria; no mezclar con alerta preventiva.
2026-05-02,21379,2026-04-30,BARRIO CIUDAD SALITRE - BOGOTÁ,CERRADO CON SALDO,CERRADO CON SALDO,RECUPERACION,CUNDINAMARCA,BOGOTÁ,REDEBAN,0.4694920497925015,0.9863953450906852,Crítico,Crítico,Recuperación prioritaria,618,612,0,0,9601112.418256655,20450000.0,1493.0,999.0,1.0225,1.0225,100.0,"1493 días sin compensar | 999 días sin transacciones | consumo cupo 102% | saldo expuesto $20,450,000 | mora operativa Mayor a 60",Bloqueo/validación inmediata + gestión prioritaria,Enviar a recuperación/cartera prioritaria; no mezclar con alerta preventiva.
2026-05-02,22964,2026-04-30,BARRIO ALIRIO MORA. BELTRAN - CALI,CERRADO CON SALDO,CERRADO CON SALDO,RECUPERACION,VALLE DEL CAUCA,CALI,REDEBAN,0.4818422921471295,0.9870942045024311,Crítico,Crítico,Recuperación prioritaria,619,613,0,0,9594201.836402984,19911498.0,183.0,190.0,0.637167936,0.637167936,100.0,"183 días sin compensar | 190 días sin transacciones | saldo expuesto $19,911,498 | mora operativa Mayor a 60",Bloqueo/validación inmediata + gestión prioritaria,Enviar a recuperación/cartera prioritaria; no mezclar con alerta preventiva.
2026-05-02,37181,2026-04-30,BARRIO REMANSOS DE COMFANDI CALI,CERRADO CON SALDO,CERRADO CON SALDO,RECUPERACION,VALLE DEL CAUCA,CALI,REDEBAN,0.458373240326653,0.9857323988137149,Crítico,Crítico,Recuperación prioritaria,620,614,0,0,9587337.023208335,20916005.08,2144.0,999.0,0.8366402031999999,0.8366402031999999,100.0,"2144 días sin compensar | 999 días sin transacciones | consumo cupo 84% | saldo expuesto $20,916,005 | mora operativa Mayor a 60",Bloqueo/validación inmediata + gestión prioritaria,Enviar a recuperación/cartera prioritaria; no mezclar con alerta preventiva.
2026-05-02,24039,2026-04-30,BARRIO LUCERO IV - BOGOTÁ,CERRADO CON SALDO,CERRADO CON SALDO,RECUPERACION,CUNDINAMARCA,BOGOTÁ,REDEBAN,0.5153955857932425,0.9888156221197987,Crítico,Crítico,Recuperación prioritaria,621,615,0,0,9520054.32037831,18471354.01,1551.0,999.0,1.847135401,1.847135401,100.0,"1551 días sin compensar | 999 días sin transacciones | consumo cupo 185% | saldo expuesto $18,471,354 | mora operativa Mayor a 60",Bloqueo/validación inmediata + gestión prioritaria,Enviar a recuperación/cartera prioritaria; no mezclar con alerta preventiva.
2026-05-02,16588,2026-04-30,SAN JUAN DEL CESAR VII GUAJIRA,CERRADO CON SALDO,CERRADO CON SALDO,RECUPERACION,LA GUAJIRA,SAN JUAN DEL CESAR,REDEBAN,0.3821482853043879,0.9801014328731806,Crítico,Crítico,Recuperación prioritaria,622,616,0,0,9517312.60629258,24904763.34,1284.0,999.0,0.9961905336,0.9961905336,100.0,"1284 días sin compensar | 999 días sin transacciones | consumo cupo 100% | saldo expuesto $24,904,763 | mora operativa Mayor a 60",Bloqueo/validación inmediata + gestión prioritaria,Enviar a recuperación/cartera prioritaria; no mezclar con alerta preventiva.
2026-05-02,12239,2026-04-30,BARRIO CAUDAL,CERRADO CON SALDO,CERRADO CON SALDO,RECUPERACION,META,VILLAVICENCIO,REDEBAN,0.493061749699938,0.9876972641715333,Crítico,Crítico,Recuperación prioritaria,623,617,0,0,9510114.97329129,19287878.2,2590.0,999.0,0.96439391,0.96439391,100.0,"2590 días sin compensar | 999 días sin transacciones | consumo cupo 96% | saldo expuesto $19,287,878 | mora operativa Mayor a 60",Bloqueo/validación inmediata + gestión prioritaria,Enviar a recuperación/cartera prioritaria; no mezclar con alerta preventiva.
2026-05-02,11182,2026-04-30,LA PLATA II,CERRADO CON SALDO,CERRADO CON SALDO,RECUPERACION,HUILA,LA PLATA,REDEBAN,0.320961875309121,0.973578232893537,Crítico,Crítico,Recuperación prioritaria,624,618,0,0,9506977.432039447,29620270.08,3028.0,999.0,0.987342336,0.987342336,100.0,"3028 días sin compensar | 999 días sin transacciones | consumo cupo 99% | saldo expuesto $29,620,270 | mora operativa Mayor a 60",Bloqueo/validación inmediata + gestión prioritaria,Enviar a recuperación/cartera prioritaria; no mezclar con alerta preventiva.
2026-05-02,12132,2026-04-30,BARRIO CASTILLA,CERRADO CON SALDO,CERRADO CON SALDO,RECUPERACION,ANTIOQUIA,MEDELLÍN,REDEBAN,0.5237888209536478,0.9892099165203023,Crítico,Crítico,Recuperación prioritaria,625,619,0,0,9499374.711541941,18135886.7,1061.0,999.0,0.906794335,0.906794335,100.0,"1061 días sin compensar | 999 días sin transacciones | consumo cupo 91% | saldo expuesto $18,135,887 | mora operativa Mayor a 60",Bloqueo/validación inmediata + gestión prioritaria,Enviar a recuperación/cartera prioritaria; no mezclar con alerta preventiva.
2026-05-02,30343,2026-04-30,BARRIO CENTRO 2 - MANAURE BALCÓN DEL CESAR,CERRADO CON SALDO,CERRADO CON SALDO,RECUPERACION,CESAR,MANAURE BALCÓN DEL CESAR,REDEBAN,0.4991531952780604,0.9880127558233516,Crítico,Crítico,Recuperación prioritaria,626,620,0,0,9488426.549240828,19009047.0,36.0,121.0,0.95045235,0.95045235,100.0,"36 días sin compensar | 121 días sin transacciones | consumo cupo 95% | saldo expuesto $19,009,047 | mora operativa Mayor a 60",Bloqueo/validación inmediata + gestión prioritaria,Enviar a recuperación/cartera prioritaria; no mezclar con alerta preventiva.
2026-05-02,19680,2026-04-30,BARRIO PANDIGUANDO POPAYAN,CERRADO CON SALDO,CERRADO CON SALDO,RECUPERACION,CAUCA,POPAYÁN,REDEBAN,0.38540261188666586,0.9803890110231159,Crítico,Crítico,Recuperación prioritaria,627,621,0,0,9486733.971794186,24615126.31,466.0,464.0,0.9846050524,0.9846050524,100.0,"466 días sin compensar | 464 días sin transacciones | consumo cupo 98% | saldo expuesto $24,615,126 | mora operativa Mayor a 60 | aparece en castigados: Confidencial",Bloqueo/validación inmediata + gestión prioritaria,Enviar a recuperación/cartera prioritaria; no mezclar con alerta preventiva.
2026-05-02,72454,2026-04-30,LA CRUZ REPELON,CERRADO CON SALDO,CERRADO CON SALDO,RECUPERACION,ATLÁNTICO,REPELÓN,REDEBAN,0.6309057901140129,0.9932676931568576,Crítico,Crítico,Recuperación prioritaria,628,622,0,0,9463055.629034918,14999158.0,728.0,685.0,0.9999438666666667,0.9999438666666667,100.0,"728 días sin compensar | 685 días sin transacciones | consumo cupo 100% | saldo expuesto $14,999,158 | mora operativa Mayor a 60 | aparece en castigados: Inactividad",Bloqueo/validación inmediata + gestión prioritaria,Enviar a recuperación/cartera prioritaria; no mezclar con alerta preventiva.
2026-05-02,11455,2026-04-30,PUEBLO BELLO - CESAR,CERRADO CON SALDO,CERRADO CON SALDO,RECUPERACION,CESAR,PUEBLO BELLO,REDEBAN,0.4280156533138072,0.9837389280223544,Crítico,Crítico,Recuperación prioritaria,629,623,0,0,9462309.196481267,22107390.52,4171.0,999.0,0.8842956208,0.8842956208,100.0,"4171 días sin compensar | 999 días sin transacciones | consumo cupo 88% | saldo expuesto $22,107,391 | mora operativa Mayor a 60",Bloqueo/validación inmediata + gestión prioritaria,Enviar a recuperación/cartera prioritaria; no mezclar con alerta preventiva.
2026-05-02,13259,2026-04-30,BARRIO LA VARIANTE I SANTA FE DE ANTIOQUIA,CERRADO CON SALDO,CERRADO CON SALDO,RECUPERACION,ANTIOQUIA,SANTA FÉ DE ANTIOQUIA,REDEBAN,0.346698229802512,0.9766089249088863,Crítico,Crítico,Recuperación prioritaria,630,624,0,0,9458950.877894357,27282951.18,4102.0,999.0,0.7795128908571428,0.7795128908571428,100.0,"4102 días sin compensar | 999 días sin transacciones | consumo cupo 78% | saldo expuesto $27,282,951 | mora operativa Mayor a 60",Bloqueo/validación inmediata + gestión prioritaria,Enviar a recuperación/cartera prioritaria; no mezclar con alerta preventiva.
2026-05-02,34006,2026-04-30,BARRIO LA ESPERANZA GUAPI,CERRADO CON SALDO,CERRADO CON SALDO,RECUPERACION,CAUCA,GUAPÍ,REDEBAN,0.2580842410718341,0.9635929721742236,Crítico,Crítico,Recuperación prioritaria,631,625,0,0,9456561.724530242,36641376.03,115.0,999.0,0.8142528006666667,0.8142528006666667,100.0,"115 días sin compensar | 999 días sin transacciones | consumo cupo 81% | saldo expuesto $36,641,376 | mora operativa Mayor a 60",Bloqueo/validación inmediata + gestión prioritaria,Enviar a recuperación/cartera prioritaria; no mezclar con alerta preventiva.
2026-05-02,11507,2026-04-30,SANTANDER DE QUILICHAO II,CERRADO CON SALDO,CERRADO CON SALDO,RECUPERACION,CAUCA,SANTANDER DE QUILICHAO,REDEBAN,0.24096568729393797,0.9599679826548524,Crítico,Crítico,Recuperación prioritaria,632,626,0,0,9446038.3168104,39200761.0,1550.0,999.0,0.973931950310559,0.973931950310559,100.0,"1550 días sin compensar | 999 días sin transacciones | consumo cupo 97% | saldo expuesto $39,200,761 | mora operativa Mayor a 60",Bloqueo/validación inmediata + gestión prioritaria,Enviar a recuperación/cartera prioritaria; no mezclar con alerta preventiva.
2026-05-02,18766,2026-04-30,BARRIO ANIVERSARIO 1 CUCUTA,CERRADO CON SALDO,CERRADO CON SALDO,RECUPERACION,NORTE DE SANTANDER,CÚCUTA,REDEBAN,0.4911091721838219,0.9875943915903864,Crítico,Crítico,Recuperación prioritaria,633,627,0,0,9440239.45232442,19222282.92,2809.0,999.0,0.9611141460000001,0.9611141460000001,100.0,"2809 días sin compensar | 999 días sin transacciones | consumo cupo 96% | saldo expuesto $19,222,283 | mora operativa Mayor a 60",Bloqueo/validación inmediata + gestión prioritaria,Enviar a recuperación/cartera prioritaria; no mezclar con alerta preventiva.
2026-05-02,11421,2026-04-30,SUCRE - SUCRE,CERRADO CON SALDO,CERRADO CON SALDO,RECUPERACION,SUCRE,SUCRE,REDEBAN,0.3218005765100761,0.9736847820457798,Crítico,Crítico,Recuperación prioritaria,634,628,0,0,9435497.970221963,29320948.0,597.0,578.0,0.9773649333333333,0.9773649333333333,100.0,"597 días sin compensar | 578 días sin transacciones | consumo cupo 98% | saldo expuesto $29,320,948 | mora operativa Mayor a 60 | aparece en castigados: Confidencial",Bloqueo/validación inmediata + gestión prioritaria,Enviar a recuperación/cartera prioritaria; no mezclar con alerta preventiva.
2026-05-02,61428,2026-04-30,BARRIO LA MINA JAMBALO,CERRADO CON SALDO,CERRADO CON SALDO,RECUPERACION,CAUCA,JAMBALÓ,REDEBAN,0.6111198386005924,0.99263291357049,Crítico,Crítico,Recuperación prioritaria,635,629,0,0,9431023.185785754,15432363.0,1186.0,1117.0,1.0288242,1.0288242,100.0,"1186 días sin compensar | 1117 días sin transacciones | consumo cupo 103% | saldo expuesto $15,432,363 | mora operativa Mayor a 60",Bloqueo/validación inmediata + gestión prioritaria,Enviar a recuperación/cartera prioritaria; no mezclar con alerta preventiva.
2026-05-02,30579,2026-04-30,BARRIO 	CENTRO III,CERRADO CON SALDO,CERRADO CON SALDO,RECUPERACION,ANTIOQUIA,PUERTO NARE,REDEBAN,0.3800314514857991,0.9799116504887475,Crítico,Crítico,Recuperación prioritaria,636,630,0,0,9430283.612328235,24814482.0,409.0,578.0,0.8271494,0.8271494,100.0,"409 días sin compensar | 578 días sin transacciones | consumo cupo 83% | saldo expuesto $24,814,482 | mora operativa Mayor a 60 | aparece en castigados: Confidencial",Bloqueo/validación inmediata + gestión prioritaria,Enviar a recuperación/cartera prioritaria; no mezclar con alerta preventiva.
2026-05-02,11505,2026-04-30,FLORIDA,CERRADO CON SALDO,CERRADO CON SALDO,RECUPERACION,VALLE DEL CAUCA,FLORIDA,REDEBAN,0.26712931257880745,0.9653208191219801,Crítico,Crítico,Recuperación prioritaria,637,631,0,0,9418924.607686568,35259794.28,1326.0,999.0,0.6529591533333333,0.6529591533333333,100.0,"1326 días sin compensar | 999 días sin transacciones | saldo expuesto $35,259,794 | mora operativa Mayor a 60",Bloqueo/validación inmediata + gestión prioritaria,Enviar a recuperación/cartera prioritaria; no mezclar con alerta preventiva.
2026-05-02,13338,2026-04-30,BARRIO LAS AMERICAS QUIBDO,CERRADO CON SALDO,CERRADO CON SALDO,RECUPERACION,CHOCÓ,QUIBDÓ,REDEBAN,0.42176673997842334,0.9832914920259338,Crítico,Crítico,Recuperación prioritaria,638,632,0,0,9415004.912079,22322777.07,1389.0,999.0,0.744092569,0.744092569,100.0,"1389 días sin compensar | 999 días sin transacciones | consumo cupo 74% | saldo expuesto $22,322,777 | mora operativa Mayor a 60",Bloqueo/validación inmediata + gestión prioritaria,Enviar a recuperación/cartera prioritaria; no mezclar con alerta preventiva.
2026-05-02,43206,2026-04-30,BARRIO SAN FRANCISCO BUCARAMANGA 4,CERRADO CON SALDO,CERRADO CON SALDO,RECUPERACION,SANTANDER,BUCARAMANGA,REDEBAN,0.5532556609677505,0.9904940080251112,Crítico,Crítico,Recuperación prioritaria,639,633,0,0,9406258.30053909,17001648.54,1851.0,999.0,0.566721618,0.566721618,100.0,"1851 días sin compensar | 999 días sin transacciones | saldo expuesto $17,001,649 | mora operativa Mayor a 60",Bloqueo/validación inmediata + gestión prioritaria,Enviar a recuperación/cartera prioritaria; no mezclar con alerta preventiva.
2026-05-02,11910,2026-04-30,PUERTO RICO DE TIQUISIO - BOLIVAR,CERRADO CON SALDO,CERRADO CON SALDO,RECUPERACION,BOLÍVAR,TIQUISIO,REDEBAN,0.3638421969918578,0.9783850886086701,Crítico,Crítico,Recuperación prioritaria,641,634,0,0,9388401.911774084,25803499.4,108.0,701.0,0.73724284,0.73724284,100.0,"108 días sin compensar | 701 días sin transacciones | consumo cupo 74% | saldo expuesto $25,803,499 | mora operativa Mayor a 60 | aparece en castigados: Otro",Bloqueo/validación inmediata + gestión prioritaria,Enviar a recuperación/cartera prioritaria; no mezclar con alerta preventiva.
2026-05-02,41678,2026-04-30,BARRIO CENTRO MAICAO 10,CERRADO CON SALDO,CERRADO CON SALDO,RECUPERACION,LA GUAJIRA,MAICAO,REDEBAN,0.386857144774351,0.9805159340709598,Crítico,Crítico,Recuperación prioritaria,642,635,0,0,9384925.699653193,24259409.0,568.0,753.0,0.9532184282907662,0.9532184282907662,100.0,"568 días sin compensar | 753 días sin transacciones | consumo cupo 95% | saldo expuesto $24,259,409 | mora operativa Mayor a 60 | aparece en castigados: Inactividad",Bloqueo/validación inmediata + gestión prioritaria,Enviar a recuperación/cartera prioritaria; no mezclar con alerta preventiva.
2026-05-02,38682,2026-04-30,BARRIO CENTRO APULO 1,CERRADO CON SALDO,CERRADO CON SALDO,RECUPERACION,CUNDINAMARCA,APULO,REDEBAN,0.4091837783778866,0.982347489568801,Crítico,Crítico,Recuperación prioritaria,643,636,0,0,9380571.803321688,22925082.32,2026.0,999.0,2.292508232,2.292508232,100.0,"2026 días sin compensar | 999 días sin transacciones | consumo cupo 229% | saldo expuesto $22,925,082 | mora operativa Mayor a 60",Bloqueo/validación inmediata + gestión prioritaria,Enviar a recuperación/cartera prioritaria; no mezclar con alerta preventiva.
2026-05-02,20525,2026-04-30,CENTRO SUPIA - CALDAS,CERRADO CON SALDO,CERRADO CON SALDO,RECUPERACION,CALDAS,SUPÍA,REDEBAN,0.3147195810634896,0.9727670769503356,Crítico,Crítico,Recuperación prioritaria,644,637,0,0,9374538.94291576,29786958.0,245.0,506.0,0.9928986,0.9928986,100.0,"245 días sin compensar | 506 días sin transacciones | consumo cupo 99% | saldo expuesto $29,786,958 | mora operativa Mayor a 60 | aparece en castigados: Inactividad",Bloqueo/validación inmediata + gestión prioritaria,Enviar a recuperación/cartera prioritaria; no mezclar con alerta preventiva.
2026-05-02,43139,2026-04-30,BARRIO BELEN LOS ALPES MEDELLIN,CERRADO CON SALDO,CERRADO CON SALDO,RECUPERACION,ANTIOQUIA,MEDELLÍN,REDEBAN,0.456234881674309,0.9856010270371081,Crítico,Crítico,Recuperación prioritaria,645,638,0,0,9351980.196426312,20498170.07,1829.0,999.0,2.049817007,2.049817007,100.0,"1829 días sin compensar | 999 días sin transacciones | consumo cupo 205% | saldo expuesto $20,498,170 | mora operativa Mayor a 60",Bloqueo/validación inmediata + gestión prioritaria,Enviar a recuperación/cartera prioritaria; no mezclar con alerta preventiva.
2026-05-02,60811,2026-04-30,BARRIO JUAN XXIII FLORENCIA 2,CERRADO CON SALDO,CERRADO CON SALDO,RECUPERACION,CAQUETÁ,FLORENCIA,REDEBAN,0.38296865043167644,0.9801744012588004,Crítico,Crítico,Recuperación prioritaria,646,639,0,0,9342740.817223396,24395576.0,141.0,149.0,0.97582304,0.97582304,100.0,"141 días sin compensar | 149 días sin transacciones | consumo cupo 98% | saldo expuesto $24,395,576 | mora operativa Mayor a 60",Bloqueo/validación inmediata + gestión prioritaria,Enviar a recuperación/cartera prioritaria; no mezclar con alerta preventiva.
2026-05-02,19236,2026-04-30,BARRIO QUIRIGUA II BOGOTA,CERRADO CON SALDO,CERRADO CON SALDO,RECUPERACION,CUNDINAMARCA,BOGOTÁ,REDEBAN,0.46836440001229684,0.9863296102527356,Crítico,Crítico,Recuperación prioritaria,647,640,0,0,9341323.14717678,19944562.71,1533.0,999.0,0.9972281355,0.9972281355,100.0,"1533 días sin compensar | 999 días sin transacciones | consumo cupo 100% | saldo expuesto $19,944,563 | mora operativa Mayor a 60",Bloqueo/validación inmediata + gestión prioritaria,Enviar a recuperación/cartera prioritaria; no mezclar con alerta preventiva.
2026-05-02,43168,2026-04-30,BARRIO CENTRO MONTERIA 20,CERRADO CON SALDO,CERRADO CON SALDO,RECUPERACION,CÓRDOBA,MONTERÍA,REDEBAN,0.5619214224094486,0.9908444240319679,Crítico,Crítico,Recuperación prioritaria,648,641,0,0,9338858.698948056,16619510.0,1023.0,999.0,1.1079673333333333,1.1079673333333333,100.0,"1023 días sin compensar | 999 días sin transacciones | consumo cupo 111% | saldo expuesto $16,619,510 | mora operativa Mayor a 60",Bloqueo/validación inmediata + gestión prioritaria,Enviar a recuperación/cartera prioritaria; no mezclar con alerta preventiva.
2026-05-02,65993,2026-04-30,BARRIO CENTRO MAJAGUAL 4,CERRADO CON SALDO,CERRADO CON SALDO,RECUPERACION,SUCRE,MAJAGUAL,REDEBAN,0.6041574556317854,0.9923988205492542,Crítico,Crítico,Recuperación prioritaria,649,642,0,0,9334184.356914634,15449920.0,1051.0,1028.0,1.0299946666666666,1.0299946666666666,100.0,"1051 días sin compensar | 1028 días sin transacciones | consumo cupo 103% | saldo expuesto $15,449,920 | mora operativa Mayor a 60",Bloqueo/validación inmediata + gestión prioritaria,Enviar a recuperación/cartera prioritaria; no mezclar con alerta preventiva.
2026-05-02,65992,2026-04-30,BARRIO CENTRO MAJAGUAL 5,CERRADO CON SALDO,CERRADO CON SALDO,RECUPERACION,SUCRE,MAJAGUAL,REDEBAN,0.6041574556317854,0.9923988205492542,Crítico,Crítico,Recuperación prioritaria,650,643,0,0,9333884.69481664,15449424.0,1051.0,1028.0,1.0299616,1.0299616,100.0,"1051 días sin compensar | 1028 días sin transacciones | consumo cupo 103% | saldo expuesto $15,449,424 | mora operativa Mayor a 60",Bloqueo/validación inmediata + gestión prioritaria,Enviar a recuperación/cartera prioritaria; no mezclar con alerta preventiva.
2026-05-02,61915,2026-04-30,BARRIO LA PRIMAVERA PUERTO CARREÑO,CERRADO CON SALDO,CERRADO CON SALDO,RECUPERACION,VICHADA,PUERTO CARREÑO,REDEBAN,0.6037993337145501,0.9923866218639813,Crítico,Crítico,Recuperación prioritaria,651,644,0,0,9323964.107715476,15442157.0,682.0,638.0,1.0294771333333332,1.0294771333333332,100.0,"682 días sin compensar | 638 días sin transacciones | consumo cupo 103% | saldo expuesto $15,442,157 | mora operativa Mayor a 60 | aparece en castigados: Inactividad",Bloqueo/validación inmediata + gestión prioritaria,Enviar a recuperación/cartera prioritaria; no mezclar con alerta preventiva.
2026-05-02,10654,2026-04-30,ARJONA II - BOLIVAR,CERRADO CON SALDO,CERRADO CON SALDO,RECUPERACION,BOLÍVAR,ARJONA,REDEBAN,0.2883645785132056,0.9689497598667355,Crítico,Crítico,Recuperación prioritaria,652,645,0,0,9301756.427290387,32256931.4,2718.0,999.0,0.7168206977777778,0.7168206977777778,100.0,"2718 días sin compensar | 999 días sin transacciones | consumo cupo 72% | saldo expuesto $32,256,931 | mora operativa Mayor a 60",Bloqueo/validación inmediata + gestión prioritaria,Enviar a recuperación/cartera prioritaria; no mezclar con alerta preventiva.
2026-05-02,39706,2026-04-30,BARRIO CENTRO RIOHACHA 3,CERRADO CON SALDO,CERRADO CON SALDO,RECUPERACION,LA GUAJIRA,RIOHACHA,REDEBAN,0.4335894206849513,0.9841267266919105,Crítico,Crítico,Recuperación prioritaria,653,646,0,0,9295514.868789343,21438518.62,337.0,421.0,0.9528230497777779,0.9528230497777779,100.0,"337 días sin compensar | 421 días sin transacciones | consumo cupo 95% | saldo expuesto $21,438,519 | mora operativa Mayor a 60 | aparece en castigados: Inactividad",Bloqueo/validación inmediata + gestión prioritaria,Enviar a recuperación/cartera prioritaria; no mezclar con alerta preventiva.
2026-05-02,37300,2026-04-30,BARRIO BELEN SAN BERNARDO MEDELLIN 2,CERRADO CON SALDO,CERRADO CON SALDO,RECUPERACION,ANTIOQUIA,MEDELLÍN,REDEBAN,0.48679117477801237,0.9873638134878103,Crítico,Crítico,Recuperación prioritaria,654,647,0,0,9279665.661034781,19062929.12,1941.0,999.0,1.2708619413333333,1.2708619413333333,100.0,"1941 días sin compensar | 999 días sin transacciones | consumo cupo 127% | saldo expuesto $19,062,929 | mora operativa Mayor a 60",Bloqueo/validación inmediata + gestión prioritaria,Enviar a recuperación/cartera prioritaria; no mezclar con alerta preventiva.
2026-05-02,58479,2026-04-30,BARRIO SAN BENITO MEDELLIN 5,CERRADO CON SALDO,CERRADO CON SALDO,RECUPERACION,ANTIOQUIA,MEDELLÍN,REDEBAN,0.5687911030869165,0.9911141185127222,Crítico,Alto,Recuperación prioritaria,655,648,0,0,9271596.439601375,16300530.0,16.0,700.0,0.543351,0.543351,75.0,"700 días sin transacciones | saldo expuesto $16,300,530 | mora operativa Mayor a 60 | aparece en castigados: Inactividad",Contacto el mismo día + seguimiento de compensación,Enviar a recuperación/cartera prioritaria; no mezclar con alerta preventiva.
2026-05-02,24458,2026-04-30,CORREGIMIENTO TOLEDO - ANTIOQUIA,CERRADO CON SALDO,CERRADO CON SALDO,RECUPERACION,ANTIOQUIA,TOLEDO,REDEBAN,0.3804756012131693,0.9799516503974269,Crítico,Crítico,Recuperación prioritaria,656,649,0,0,9265730.557445835,24353021.66,1050.0,999.0,0.8605308007067138,0.8605308007067138,100.0,"1050 días sin compensar | 999 días sin transacciones | consumo cupo 86% | saldo expuesto $24,353,022 | mora operativa Mayor a 60",Bloqueo/validación inmediata + gestión prioritaria,Enviar a recuperación/cartera prioritaria; no mezclar con alerta preventiva.
2026-05-02,32969,2026-04-30,BARRIO CRR RINCONHONDO CHIRIGUANA,CERRADO CON SALDO,CERRADO CON SALDO,RECUPERACION,CESAR,CHIRIGUANÁ,REDEBAN,0.37311198351025526,0.9792758331994341,Crítico,Crítico,Recuperación prioritaria,657,650,0,0,9265409.29432173,24832784.0,1102.0,1179.0,0.99331136,0.99331136,100.0,"1102 días sin compensar | 1179 días sin transacciones | consumo cupo 99% | saldo expuesto $24,832,784 | mora operativa Mayor a 60",Bloqueo/validación inmediata + gestión prioritaria,Enviar a recuperación/cartera prioritaria; no mezclar con alerta preventiva.
2026-05-02,21186,2026-04-30,BARRIO MOTILONES IV - NORTE DE SANTANDER,CERRADO CON SALDO,CERRADO CON SALDO,RECUPERACION,NORTE DE SANTANDER,CÚCUTA,REDEBAN,0.47711711029520476,0.9868313014688447,Crítico,Crítico,Recuperación prioritaria,658,651,0,0,9256436.170928972,19400763.4,1.0,1063.0,0.9700381699999999,0.9700381699999999,100.0,"1063 días sin transacciones | consumo cupo 97% | saldo expuesto $19,400,763 | mora operativa Mayor a 60",Bloqueo/validación inmediata + gestión prioritaria,Enviar a recuperación/cartera prioritaria; no mezclar con alerta preventiva.
2026-05-02,14974,2026-04-30,BARRIO CENTRO BUGA,CERRADO CON SALDO,CERRADO CON SALDO,RECUPERACION,VALLE DEL CAUCA,GUADALAJARA DE BUGA,REDEBAN,0.41101710873999964,0.9824887569418572,Crítico,Crítico,Recuperación prioritaria,659,652,0,0,9246450.49694049,22496510.0,830.0,781.0,0.9998448888888889,0.9998448888888889,100.0,"830 días sin compensar | 781 días sin transacciones | consumo cupo 100% | saldo expuesto $22,496,510 | mora operativa Mayor a 60 | aparece en castigados: Otro",Bloqueo/validación inmediata + gestión prioritaria,Enviar a recuperación/cartera prioritaria; no mezclar con alerta preventiva.
2026-05-02,40356,2026-04-30,BARRIO SAN JUAN DE LAS PALMAS PURISIMA DE LA CONCEPCION,CERRADO CON SALDO,CERRADO CON SALDO,RECUPERACION,CÓRDOBA,PURÍSIMA DE LA CONCEPCIÓN,REDEBAN,0.445614828170335,0.9849290643703826,Crítico,Crítico,Recuperación prioritaria,660,653,0,0,9229352.73909067,20711502.75,741.0,732.0,0.9205112333333333,0.9205112333333333,100.0,"741 días sin compensar | 732 días sin transacciones | consumo cupo 92% | saldo expuesto $20,711,503 | mora operativa Mayor a 60 | aparece en castigados: Otro",Bloqueo/validación inmediata + gestión prioritaria,Enviar a recuperación/cartera prioritaria; no mezclar con alerta preventiva.
2026-05-02,32850,2026-04-30,BARRIO CANDELARIA OROCUE,CERRADO CON SALDO,CERRADO CON SALDO,RECUPERACION,CASANARE,OROCUÉ,REDEBAN,0.3544343238825384,0.9774321856993495,Crítico,Crítico,Recuperación prioritaria,661,654,0,0,9215423.68569785,26000370.35,2115.0,999.0,1.040014814,1.040014814,100.0,"2115 días sin compensar | 999 días sin transacciones | consumo cupo 104% | saldo expuesto $26,000,370 | mora operativa Mayor a 60",Bloqueo/validación inmediata + gestión prioritaria,Enviar a recuperación/cartera prioritaria; no mezclar con alerta preventiva.
2026-05-02,25050,2026-04-30,CALLE LA 70 SEGOVIA - ANTIOQUIA,CERRADO CON SALDO,CERRADO CON SALDO,RECUPERACION,ANTIOQUIA,SEGOVIA,REDEBAN,0.45976119236201823,0.9858169856562327,Crítico,Crítico,Recuperación prioritaria,662,655,0,0,9214075.895171978,20041004.0,17.0,254.0,1.60328032,1.60328032,100.0,"254 días sin transacciones | consumo cupo 160% | saldo expuesto $20,041,004 | mora operativa Mayor a 60 | aparece en castigados: Inactividad",Bloqueo/validación inmediata + gestión prioritaria,Enviar a recuperación/cartera prioritaria; no mezclar con alerta preventiva.
2026-05-02,10459,2026-04-30,BRUSELAS - HUILA,CERRADO CON SALDO,CERRADO CON SALDO,RECUPERACION,HUILA,PITALITO,REDEBAN,0.32340472619141175,0.9738870095006987,Crítico,Crítico,Recuperación prioritaria,663,656,0,0,9212955.602345925,28487387.03,3472.0,999.0,0.9495795676666667,0.9495795676666667,100.0,"3472 días sin compensar | 999 días sin transacciones | consumo cupo 95% | saldo expuesto $28,487,387 | mora operativa Mayor a 60",Bloqueo/validación inmediata + gestión prioritaria,Enviar a recuperación/cartera prioritaria; no mezclar con alerta preventiva.
2026-05-02,17487,2026-04-30,BARRIO KENNEDY ROMA BOGOTA,CERRADO CON SALDO,CERRADO CON SALDO,RECUPERACION,CUNDINAMARCA,BOGOTÁ,REDEBAN,0.530291943743856,0.9895063406398842,Crítico,Crítico,Recuperación prioritaria,664,657,0,0,9202612.384187208,17353860.44,2067.0,999.0,1.1569240293333334,1.1569240293333334,100.0,"2067 días sin compensar | 999 días sin transacciones | consumo cupo 116% | saldo expuesto $17,353,860 | mora operativa Mayor a 60",Bloqueo/validación inmediata + gestión prioritaria,Enviar a recuperación/cartera prioritaria; no mezclar con alerta preventiva.
2026-05-02,10623,2026-04-30,SAN BERNARDO DEL VIENTO II - CORDOBA,CERRADO CON SALDO,CERRADO CON SALDO,RECUPERACION,CÓRDOBA,SAN BERNARDO DEL VIENTO,REDEBAN,0.3037011612909878,0.9712526930686467,Crítico,Crítico,Recuperación prioritaria,665,658,0,0,9201841.252105745,30298999.23,1493.0,999.0,1.009966641,1.009966641,100.0,"1493 días sin compensar | 999 días sin transacciones | consumo cupo 101% | saldo expuesto $30,298,999 | mora operativa Mayor a 60",Bloqueo/validación inmediata + gestión prioritaria,Enviar a recuperación/cartera prioritaria; no mezclar con alerta preventiva.
2026-05-02,56135,2026-04-30,BARRIO ONCE DE NOVIEMBRE TIBU 1,CERRADO CON SALDO,CERRADO CON SALDO,RECUPERACION,NORTE DE SANTANDER,TIBÚ,REDEBAN,0.4753868439150061,0.9867336602426263,Crítico,Crítico,Recuperación prioritaria,666,659,0,0,9181060.071511764,19312819.0,703.0,732.0,0.5680240882352942,0.5680240882352942,100.0,"703 días sin compensar | 732 días sin transacciones | saldo expuesto $19,312,819 | mora operativa Mayor a 60 | aparece en castigados: Malas prácticas",Bloqueo/validación inmediata + gestión prioritaria,Enviar a recuperación/cartera prioritaria; no mezclar con alerta preventiva.
2026-05-02,47110,2026-04-30,BARRIO LA LIBERTAD EL DONCELLO,CERRADO CON SALDO,CERRADO CON SALDO,RECUPERACION,CAQUETÁ,EL DONCELLO,REDEBAN,0.4372839454188829,0.9843781142932494,Crítico,Crítico,Recuperación prioritaria,667,660,0,0,9178757.056809502,20990382.0,1071.0,1114.0,1.3993588,1.3993588,100.0,"1071 días sin compensar | 1114 días sin transacciones | consumo cupo 140% | saldo expuesto $20,990,382 | mora operativa Mayor a 60",Bloqueo/validación inmediata + gestión prioritaria,Enviar a recuperación/cartera prioritaria; no mezclar con alerta preventiva.
2026-05-02,62959,2026-04-30,BARRIO SANTAFE DE ANTIOQUIA SANTAFE DE ANTIOQUIA,CERRADO CON SALDO,CERRADO CON SALDO,RECUPERACION,ANTIOQUIA,SANTA FÉ DE ANTIOQUIA,REDEBAN,0.4072632046186319,0.9821980878854172,Crítico,Crítico,Recuperación prioritaria,668,661,0,0,9159074.97647312,22489326.0,1164.0,1130.0,1.4992884,1.4992884,100.0,"1164 días sin compensar | 1130 días sin transacciones | consumo cupo 150% | saldo expuesto $22,489,326 | mora operativa Mayor a 60",Bloqueo/validación inmediata + gestión prioritaria,Enviar a recuperación/cartera prioritaria; no mezclar con alerta preventiva.
2026-05-02,31518,2026-04-30,STYLOS MEDELLIN CENTRO,CERRADO CON SALDO,CERRADO CON SALDO,RECUPERACION,ANTIOQUIA,MEDELLÍN,REDEBAN,0.4944290676109688,0.9877687933130671,Crítico,Crítico,Recuperación prioritaria,669,662,0,0,9157407.118203701,18521174.66,1823.0,999.0,1.2347449773333334,1.2347449773333334,100.0,"1823 días sin compensar | 999 días sin transacciones | consumo cupo 123% | saldo expuesto $18,521,175 | mora operativa Mayor a 60",Bloqueo/validación inmediata + gestión prioritaria,Enviar a recuperación/cartera prioritaria; no mezclar con alerta preventiva.
2026-05-02,23603,2026-04-30,BARRIO PARQUE ANDES - ANDES,CERRADO CON SALDO,CERRADO CON SALDO,RECUPERACION,ANTIOQUIA,ANDES,REDEBAN,0.4670905566773163,0.9862549535778422,Crítico,Crítico,Recuperación prioritaria,670,663,0,0,9157101.326621955,19604552.47,3220.0,999.0,0.9802276234999999,0.9802276234999999,100.0,"3220 días sin compensar | 999 días sin transacciones | consumo cupo 98% | saldo expuesto $19,604,552 | mora operativa Mayor a 60",Bloqueo/validación inmediata + gestión prioritaria,Enviar a recuperación/cartera prioritaria; no mezclar con alerta preventiva.
2026-05-02,27994,2026-04-30,BARRIO RIONEGRO 2 RIONEGRO,CERRADO CON SALDO,CERRADO CON SALDO,RECUPERACION,ANTIOQUIA,RIONEGRO,REDEBAN,0.4339382293229533,0.9841506510994892,Crítico,Crítico,Recuperación prioritaria,671,664,0,0,9133957.657016426,21048981.26,809.0,753.0,1.052449063,1.052449063,100.0,"809 días sin compensar | 753 días sin transacciones | consumo cupo 105% | saldo expuesto $21,048,981 | mora operativa Mayor a 60 | aparece en castigados: Inactividad",Bloqueo/validación inmediata + gestión prioritaria,Enviar a recuperación/cartera prioritaria; no mezclar con alerta preventiva.
2026-05-02,38147,2026-04-30,BARRIO CENTRO PURISIMA DE LA CONCEPCION,CERRADO CON SALDO,CERRADO CON SALDO,RECUPERACION,CÓRDOBA,PURÍSIMA DE LA CONCEPCIÓN,REDEBAN,0.43886699584386407,0.9844844830116671,Crítico,Crítico,Recuperación prioritaria,672,665,0,0,9130317.222860605,20804292.21,753.0,732.0,0.9246352093333333,0.9246352093333333,100.0,"753 días sin compensar | 732 días sin transacciones | consumo cupo 92% | saldo expuesto $20,804,292 | mora operativa Mayor a 60 | aparece en castigados: Otro",Bloqueo/validación inmediata + gestión prioritaria,Enviar a recuperación/cartera prioritaria; no mezclar con alerta preventiva.
2026-05-02,11489,2026-04-30,PUEBLO BELLO II - CESAR,CERRADO CON SALDO,CERRADO CON SALDO,RECUPERACION,CESAR,PUEBLO BELLO,REDEBAN,0.4563154865036606,0.9856060023838465,Crítico,Crítico,Recuperación prioritaria,673,666,0,0,9125642.596831944,19998538.0,4568.0,999.0,0.9999269,0.9999269,100.0,"4568 días sin compensar | 999 días sin transacciones | consumo cupo 100% | saldo expuesto $19,998,538 | mora operativa Mayor a 60",Bloqueo/validación inmediata + gestión prioritaria,Enviar a recuperación/cartera prioritaria; no mezclar con alerta preventiva.
2026-05-02,19097,2026-04-30,BARRIO PERDOMO V BOGOTA,CERRADO CON SALDO,CERRADO CON SALDO,RECUPERACION,CUNDINAMARCA,BOGOTÁ,REDEBAN,0.5405700661259575,0.9899594280408849,Crítico,Crítico,Recuperación prioritaria,674,667,0,0,9111549.666916518,16855446.2,2810.0,999.0,0.9973636804733728,0.9973636804733728,100.0,"2810 días sin compensar | 999 días sin transacciones | consumo cupo 100% | saldo expuesto $16,855,446 | mora operativa Mayor a 60",Bloqueo/validación inmediata + gestión prioritaria,Enviar a recuperación/cartera prioritaria; no mezclar con alerta preventiva.
2026-05-02,24030,2026-04-30,BARRIO OBRERO - APARTADÓ,CERRADO CON SALDO,CERRADO CON SALDO,RECUPERACION,ANTIOQUIA,APARTADÓ,REDEBAN,0.4728459867669308,0.9865889184652822,Crítico,Crítico,Recuperación prioritaria,675,668,0,0,9108522.92549473,19263191.78,3110.0,999.0,0.9631595890000001,0.9631595890000001,100.0,"3110 días sin compensar | 999 días sin transacciones | consumo cupo 96% | saldo expuesto $19,263,192 | mora operativa Mayor a 60",Bloqueo/validación inmediata + gestión prioritaria,Enviar a recuperación/cartera prioritaria; no mezclar con alerta preventiva.
2026-05-02,49782,2026-04-30,BARRIO CENTRO ACACIAS 13,CERRADO CON SALDO,CERRADO CON SALDO,RECUPERACION,META,ACACÍAS,REDEBAN,0.40503209854516037,0.9820226893267033,Crítico,Crítico,Recuperación prioritaria,676,669,0,0,9103796.715300864,22476729.0,581.0,1115.0,1.4984486,1.4984486,100.0,"581 días sin compensar | 1115 días sin transacciones | consumo cupo 150% | saldo expuesto $22,476,729 | mora operativa Mayor a 60",Bloqueo/validación inmediata + gestión prioritaria,Enviar a recuperación/cartera prioritaria; no mezclar con alerta preventiva.
2026-05-02,50252,2026-04-30,BARRIO MERCADO PIVIJAY,CERRADO CON SALDO,CERRADO CON SALDO,RECUPERACION,MAGDALENA,PIVIJAY,REDEBAN,0.356031966189325,0.9775976443599267,Crítico,Crítico,Recuperación prioritaria,677,670,0,0,9094709.11686241,25544642.0,4.0,580.0,3.6492345714285714,3.6492345714285714,100.0,"580 días sin transacciones | consumo cupo 365% | saldo expuesto $25,544,642 | mora operativa Mayor a 60 | aparece en castigados: Confidencial",Bloqueo/validación inmediata + gestión prioritaria,Enviar a recuperación/cartera prioritaria; no mezclar con alerta preventiva.
2026-05-02,30992,2026-04-30,BARRIO BOCHICA SUR 2 BOGOTA,CERRADO CON SALDO,CERRADO CON SALDO,RECUPERACION,CUNDINAMARCA,BOGOTÁ,REDEBAN,0.5342936134623573,0.9896849445718837,Crítico,Crítico,Recuperación prioritaria,678,671,0,0,9081336.72153918,16996903.0,284.0,490.0,0.9442723888888889,0.9442723888888889,100.0,"284 días sin compensar | 490 días sin transacciones | consumo cupo 94% | saldo expuesto $16,996,903 | mora operativa Mayor a 60 | aparece en castigados: Inactividad",Bloqueo/validación inmediata + gestión prioritaria,Enviar a recuperación/cartera prioritaria; no mezclar con alerta preventiva.
2026-05-02,49468,2026-04-30,BARRIO BRR ANTIOQUIA PUERTO BERRIO,CERRADO CON SALDO,CERRADO CON SALDO,RECUPERACION,ANTIOQUIA,PUERTO BERRÍO,REDEBAN,0.43320855850461804,0.9841005580189414,Crítico,Crítico,Recuperación prioritaria,679,672,0,0,9078637.393521834,20956736.0,1037.0,1063.0,1.3971157333333333,1.3971157333333333,100.0,"1037 días sin compensar | 1063 días sin transacciones | consumo cupo 140% | saldo expuesto $20,956,736 | mora operativa Mayor a 60",Bloqueo/validación inmediata + gestión prioritaria,Enviar a recuperación/cartera prioritaria; no mezclar con alerta preventiva.
2026-05-02,33037,2026-04-30,BARRIO CENTRO CARMEN DE APICALA,CERRADO CON SALDO,CERRADO CON SALDO,RECUPERACION,TOLIMA,CARMEN DE APICALÁ,REDEBAN,0.38304810738439327,0.9801814515643408,Crítico,Crítico,Recuperación prioritaria,680,673,0,0,9073601.620123267,23687890.49,1135.0,1204.0,0.9475156196,0.9475156196,100.0,"1135 días sin compensar | 1204 días sin transacciones | consumo cupo 95% | saldo expuesto $23,687,890 | mora operativa Mayor a 60",Bloqueo/validación inmediata + gestión prioritaria,Enviar a recuperación/cartera prioritaria; no mezclar con alerta preventiva.
2026-05-02,51946,2026-04-30,BARRIO CENTRO URIBIA,CERRADO CON SALDO,CERRADO CON SALDO,RECUPERACION,LA GUAJIRA,URIBIA,REDEBAN,0.39801615864263096,0.981457879328288,Crítico,Crítico,Recuperación prioritaria,681,674,0,0,9067835.373584589,22782581.0,1086.0,1109.0,1.5188387333333333,1.5188387333333333,100.0,"1086 días sin compensar | 1109 días sin transacciones | consumo cupo 152% | saldo expuesto $22,782,581 | mora operativa Mayor a 60",Bloqueo/validación inmediata + gestión prioritaria,Enviar a recuperación/cartera prioritaria; no mezclar con alerta preventiva.
2026-05-02,37700,2026-04-30,BARRIO LA RONDA MEDELLIN,CERRADO CON SALDO,CERRADO CON SALDO,RECUPERACION,ANTIOQUIA,MEDELLÍN,REDEBAN,0.48679117477801237,0.9873638134878103,Crítico,Crítico,Recuperación prioritaria,682,675,0,0,9045336.98765225,18581555.0,35.0,999.0,1.2387703333333333,1.2387703333333333,100.0,"35 días sin compensar | 999 días sin transacciones | consumo cupo 124% | saldo expuesto $18,581,555 | mora operativa Mayor a 60",Bloqueo/validación inmediata + gestión prioritaria,Enviar a recuperación/cartera prioritaria; no mezclar con alerta preventiva.
2026-05-02,37040,2026-04-30,BARRIO BOITA BOGOTA 2,CERRADO CON SALDO,CERRADO CON SALDO,RECUPERACION,CUNDINAMARCA,BOGOTÁ,REDEBAN,0.39762168048394664,0.9814255108168101,Crítico,Crítico,Recuperación prioritaria,683,676,0,0,9019873.186336262,22684560.8,1978.0,999.0,0.986285252173913,0.986285252173913,100.0,"1978 días sin compensar | 999 días sin transacciones | consumo cupo 99% | saldo expuesto $22,684,561 | mora operativa Mayor a 60",Bloqueo/validación inmediata + gestión prioritaria,Enviar a recuperación/cartera prioritaria; no mezclar con alerta preventiva.
2026-05-02,60142,2026-04-30,BARRIO SANTA MONICA PUERTO CARREÑO,CERRADO CON SALDO,CERRADO CON SALDO,RECUPERACION,VICHADA,PUERTO CARREÑO,REDEBAN,0.6008504447575298,0.9922855773551218,Crítico,Crítico,Recuperación prioritaria,684,677,0,0,9019557.096696712,15011318.0,1304.0,999.0,1.0007545333333334,1.0007545333333334,100.0,"1304 días sin compensar | 999 días sin transacciones | consumo cupo 100% | saldo expuesto $15,011,318 | mora operativa Mayor a 60",Bloqueo/validación inmediata + gestión prioritaria,Enviar a recuperación/cartera prioritaria; no mezclar con alerta preventiva.
2026-05-02,52218,2026-04-30,BARRIO ALFONSO LOPEZ PUERTO BERRIO,CERRADO CON SALDO,CERRADO CON SALDO,RECUPERACION,ANTIOQUIA,PUERTO BERRÍO,REDEBAN,0.43320855850461804,0.9841005580189414,Crítico,Crítico,Recuperación prioritaria,685,678,0,0,9010778.305291995,20800093.0,1225.0,1201.0,1.3866728666666666,1.3866728666666666,100.0,"1225 días sin compensar | 1201 días sin transacciones | consumo cupo 139% | saldo expuesto $20,800,093 | mora operativa Mayor a 60",Bloqueo/validación inmediata + gestión prioritaria,Enviar a recuperación/cartera prioritaria; no mezclar con alerta preventiva.
2026-05-02,15381,2026-04-30,BARRIO NAZARETH SANTIAGO,CERRADO CON SALDO,CERRADO CON SALDO,RECUPERACION,PUTUMAYO,SANTIAGO,REDEBAN,0.3597090428379359,0.977972740447844,Crítico,Crítico,Recuperación prioritaria,686,679,0,0,8991460.531802613,24996481.77,3983.0,999.0,0.9998592708,0.9998592708,100.0,"3983 días sin compensar | 999 días sin transacciones | consumo cupo 100% | saldo expuesto $24,996,482 | mora operativa Mayor a 60",Bloqueo/validación inmediata + gestión prioritaria,Enviar a recuperación/cartera prioritaria; no mezclar con alerta preventiva.
2026-05-02,37761,2026-04-30,BARRIO CENTRO CHAMEZA,CERRADO CON SALDO,CERRADO CON SALDO,RECUPERACION,CASANARE,CHÁMEZA,REDEBAN,0.35790856809285254,0.977790061694145,Crítico,Crítico,Recuperación prioritaria,687,680,0,0,8986370.47512675,25108006.0,737.0,1152.0,1.00432024,1.00432024,100.0,"737 días sin compensar | 1152 días sin transacciones | consumo cupo 100% | saldo expuesto $25,108,006 | mora operativa Mayor a 60",Bloqueo/validación inmediata + gestión prioritaria,Enviar a recuperación/cartera prioritaria; no mezclar con alerta preventiva.
2026-05-02,15672,2026-04-30,BARRIO MONTERIA MODERNO MONTERIA,CERRADO CON SALDO,CERRADO CON SALDO,RECUPERACION,CÓRDOBA,MONTERÍA,REDEBAN,0.4466500112107513,0.9849960297677267,Crítico,Crítico,Recuperación prioritaria,688,681,0,0,8984993.988248551,20116408.29,3465.0,999.0,0.670546943,0.670546943,100.0,"3465 días sin compensar | 999 días sin transacciones | saldo expuesto $20,116,408 | mora operativa Mayor a 60",Bloqueo/validación inmediata + gestión prioritaria,Enviar a recuperación/cartera prioritaria; no mezclar con alerta preventiva.
2026-05-02,65857,2026-04-30,BARRIO PUENTE VIEJO LA PINTADA,CERRADO CON SALDO,CERRADO CON SALDO,RECUPERACION,ANTIOQUIA,LA PINTADA,REDEBAN,0.5212024587675219,0.9890898471949934,Crítico,Crítico,Recuperación prioritaria,689,682,0,0,8984620.36965907,17238254.0,423.0,578.0,0.8619127,0.8619127,100.0,"423 días sin compensar | 578 días sin transacciones | consumo cupo 86% | saldo expuesto $17,238,254 | mora operativa Mayor a 60 | aparece en castigados: Confidencial",Bloqueo/validación inmediata + gestión prioritaria,Enviar a recuperación/cartera prioritaria; no mezclar con alerta preventiva.
2026-05-02,15303,2026-04-30,BARRIO EL GUABAL V CALI,CERRADO CON SALDO,CERRADO CON SALDO,RECUPERACION,VALLE DEL CAUCA,CALI,REDEBAN,0.4279983793154137,0.983737709857998,Crítico,Crítico,Recuperación prioritaria,690,683,0,0,8981055.93178964,20983855.0,1963.0,999.0,1.3989236666666667,1.3989236666666667,100.0,"1963 días sin compensar | 999 días sin transacciones | consumo cupo 140% | saldo expuesto $20,983,855 | mora operativa Mayor a 60",Bloqueo/validación inmediata + gestión prioritaria,Enviar a recuperación/cartera prioritaria; no mezclar con alerta preventiva.
2026-05-02,30627,2026-04-30,BARRIO CENTRO CUCUNUBA 1,CERRADO CON SALDO,CERRADO CON SALDO,RECUPERACION,CUNDINAMARCA,CUCUNUBÁ,REDEBAN,0.4590824504413354,0.9857756874242399,Crítico,Crítico,Recuperación prioritaria,691,684,0,0,8957558.01045768,19511872.0,714.0,738.0,0.9755936,0.9755936,100.0,"714 días sin compensar | 738 días sin transacciones | consumo cupo 98% | saldo expuesto $19,511,872 | mora operativa Mayor a 60 | aparece en castigados: Otro",Bloqueo/validación inmediata + gestión prioritaria,Enviar a recuperación/cartera prioritaria; no mezclar con alerta preventiva.
2026-05-02,36992,2026-04-30,BARRIO VILLETA CUNDINAMARCA,CERRADO CON SALDO,CERRADO CON SALDO,RECUPERACION,CUNDINAMARCA,VILLETA,REDEBAN,0.40057604380628553,0.9816663285601822,Crítico,Crítico,Recuperación prioritaria,692,685,0,0,8899441.340011118,22216609.0,898.0,934.0,1.4811072666666667,1.4811072666666667,100.0,"898 días sin compensar | 934 días sin transacciones | consumo cupo 148% | saldo expuesto $22,216,609 | mora operativa Mayor a 60",Bloqueo/validación inmediata + gestión prioritaria,Enviar a recuperación/cartera prioritaria; no mezclar con alerta preventiva.
2026-05-02,43688,2026-04-30,BARRIO CENTRO IBAGUE 15,CERRADO CON SALDO,CERRADO CON SALDO,RECUPERACION,TOLIMA,IBAGUÉ,REDEBAN,0.61124479326934,0.9926370622349334,Crítico,Crítico,Recuperación prioritaria,693,686,0,0,8891882.860620925,14547171.54,32.0,1214.0,0.3636792885,0.3636792885,100.0,"32 días sin compensar | 1214 días sin transacciones | saldo expuesto $14,547,172 | mora operativa Mayor a 60",Bloqueo/validación inmediata + gestión prioritaria,Enviar a recuperación/cartera prioritaria; no mezclar con alerta preventiva.
2026-05-02,12804,2026-04-30,BARRIO PRADOS DEL ESTE III - CUCUTA,CERRADO CON SALDO,CERRADO CON SALDO,RECUPERACION,NORTE DE SANTANDER,CÚCUTA,REDEBAN,0.35616429789640797,0.977611281043473,Crítico,Crítico,Recuperación prioritaria,694,687,0,0,8887833.887488727,24954308.84,2498.0,999.0,0.9981723536,0.9981723536,100.0,"2498 días sin compensar | 999 días sin transacciones | consumo cupo 100% | saldo expuesto $24,954,309 | mora operativa Mayor a 60",Bloqueo/validación inmediata + gestión prioritaria,Enviar a recuperación/cartera prioritaria; no mezclar con alerta preventiva.
2026-05-02,14089,2026-04-30,SANTA LUCIA ATLANTICO,CERRADO CON SALDO,CERRADO CON SALDO,RECUPERACION,ATLÁNTICO,SANTA LUCÍA,REDEBAN,0.3840595216519958,0.9802709330633043,Crítico,Crítico,Recuperación prioritaria,695,688,0,0,8868057.253991513,23090320.0,605.0,481.0,1.8472256,1.8472256,100.0,"605 días sin compensar | 481 días sin transacciones | consumo cupo 185% | saldo expuesto $23,090,320 | mora operativa Mayor a 60 | aparece en castigados: Malas prácticas",Bloqueo/validación inmediata + gestión prioritaria,Enviar a recuperación/cartera prioritaria; no mezclar con alerta preventiva.
2026-05-02,37311,2026-04-30,BARRIO MARTINEZ BARBOSA AGUSTIN CODAZZI,CERRADO CON SALDO,CERRADO CON SALDO,RECUPERACION,CESAR,AGUSTÍN CODAZZI,REDEBAN,0.43298613280274273,0.9840852532257173,Crítico,Crítico,Recuperación prioritaria,696,689,0,0,8854565.549843824,20449998.0,1673.0,999.0,1.0224999,1.0224999,100.0,"1673 días sin compensar | 999 días sin transacciones | consumo cupo 102% | saldo expuesto $20,449,998 | mora operativa Mayor a 60",Bloqueo/validación inmediata + gestión prioritaria,Enviar a recuperación/cartera prioritaria; no mezclar con alerta preventiva.
2026-05-02,38173,2026-04-30,BARRIO NUEVO PRINCIPE TULUA 2,CERRADO CON SALDO,CERRADO CON SALDO,RECUPERACION,VALLE DEL CAUCA,TULUÁ,REDEBAN,0.44205443457751054,0.9846962490981334,Crítico,Crítico,Recuperación prioritaria,697,690,0,0,8841088.249495776,19999999.0,923.0,882.0,0.99999995,0.99999995,100.0,"923 días sin compensar | 882 días sin transacciones | consumo cupo 100% | saldo expuesto $19,999,999 | mora operativa Mayor a 60",Bloqueo/validación inmediata + gestión prioritaria,Enviar a recuperación/cartera prioritaria; no mezclar con alerta preventiva.
2026-05-02,48874,2026-04-30,BARRIO EL PROGRESO SIBATE,CERRADO CON SALDO,CERRADO CON SALDO,RECUPERACION,CUNDINAMARCA,SIBATÉ,REDEBAN,0.40914593600761495,0.982344559820792,Crítico,Crítico,Recuperación prioritaria,698,691,0,0,8823323.32909065,21565222.95,206.0,999.0,1.4376815299999999,1.4376815299999999,100.0,"206 días sin compensar | 999 días sin transacciones | consumo cupo 144% | saldo expuesto $21,565,223 | mora operativa Mayor a 60",Bloqueo/validación inmediata + gestión prioritaria,Enviar a recuperación/cartera prioritaria; no mezclar con alerta preventiva.
2026-05-02,12204,2026-04-30,URRAO III - ANTIOQUIA,CERRADO CON SALDO,CERRADO CON SALDO,RECUPERACION,ANTIOQUIA,URRAO,REDEBAN,0.3020168812635103,0.9710113383088571,Crítico,Crítico,Recuperación prioritaria,699,692,0,0,8814895.153558228,29186763.06,3847.0,999.0,0.972892102,0.972892102,100.0,"3847 días sin compensar | 999 días sin transacciones | consumo cupo 97% | saldo expuesto $29,186,763 | mora operativa Mayor a 60",Bloqueo/validación inmediata + gestión prioritaria,Enviar a recuperación/cartera prioritaria; no mezclar con alerta preventiva.
2026-05-02,20886,2026-04-30,BARRIO CALIXTO III - NEIVA,CERRADO CON SALDO,CERRADO CON SALDO,RECUPERACION,HUILA,NEIVA,REDEBAN,0.44084428528242325,0.9846162249873873,Crítico,Crítico,Recuperación prioritaria,700,693,0,0,8810168.543639846,19984762.96,2373.0,999.0,0.999238148,0.999238148,100.0,"2373 días sin compensar | 999 días sin transacciones | consumo cupo 100% | saldo expuesto $19,984,763 | mora operativa Mayor a 60",Bloqueo/validación inmediata + gestión prioritaria,Enviar a recuperación/cartera prioritaria; no mezclar con alerta preventiva.
2026-05-02,19741,2026-04-30,BARRIO SAMAN DE LA RIVERA VILLAVICENCIO,CERRADO CON SALDO,CERRADO CON SALDO,RECUPERACION,META,VILLAVICENCIO,REDEBAN,0.43962533508989715,0.9845351551378786,Crítico,Crítico,Recuperación prioritaria,701,694,0,0,8776682.365880115,19964004.95,253.0,221.0,0.9982002474999999,0.9982002474999999,100.0,"253 días sin compensar | 221 días sin transacciones | consumo cupo 100% | saldo expuesto $19,964,005 | mora operativa Mayor a 60 | aparece en castigados: Novedad en el establecimiento (Comercio)",Bloqueo/validación inmediata + gestión prioritaria,Enviar a recuperación/cartera prioritaria; no mezclar con alerta preventiva.
2026-05-02,20502,2026-04-30,BARRIO EL ROSARIO BARRANQUILLA,CERRADO CON SALDO,CERRADO CON SALDO,RECUPERACION,ATLÁNTICO,BARRANQUILLA,REDEBAN,0.4051934938773019,0.9820354444574241,Crítico,Crítico,Recuperación prioritaria,702,695,0,0,8749967.20041572,21594540.22,3335.0,999.0,0.98157001,0.98157001,100.0,"3335 días sin compensar | 999 días sin transacciones | consumo cupo 98% | saldo expuesto $21,594,540 | mora operativa Mayor a 60",Bloqueo/validación inmediata + gestión prioritaria,Enviar a recuperación/cartera prioritaria; no mezclar con alerta preventiva.
2026-05-02,67253,2026-04-30,BARRIO TRISTE MEDELLIN 5,CERRADO CON SALDO,CERRADO CON SALDO,RECUPERACION,ANTIOQUIA,MEDELLÍN,REDEBAN,0.4293788655302984,0.9838347409052209,Crítico,Crítico,Recuperación prioritaria,703,696,0,0,8747107.016789634,20371536.0,396.0,578.0,0.6173192727272727,0.6173192727272727,100.0,"396 días sin compensar | 578 días sin transacciones | saldo expuesto $20,371,536 | mora operativa Mayor a 60 | aparece en castigados: Confidencial",Bloqueo/validación inmediata + gestión prioritaria,Enviar a recuperación/cartera prioritaria; no mezclar con alerta preventiva.
2026-05-02,30422,2026-04-30,BARRIO SAN VICENTE TULUA,CERRADO CON SALDO,CERRADO CON SALDO,RECUPERACION,VALLE DEL CAUCA,TULUÁ,REDEBAN,0.4369072782353675,0.9843526870484672,Crítico,Crítico,Recuperación prioritaria,704,697,0,0,8737915.633514034,19999473.73,2500.0,999.0,0.9999736865000001,0.9999736865000001,100.0,"2500 días sin compensar | 999 días sin transacciones | consumo cupo 100% | saldo expuesto $19,999,474 | mora operativa Mayor a 60",Bloqueo/validación inmediata + gestión prioritaria,Enviar a recuperación/cartera prioritaria; no mezclar con alerta preventiva.
2026-05-02,39652,2026-04-30,BARRIO LOS ALPES CARTAGENA DE INDIAS,CERRADO CON SALDO,CERRADO CON SALDO,RECUPERACION,BOLÍVAR,CARTAGENA DE INDIAS,REDEBAN,0.45042152135125274,0.9852372930617069,Crítico,Crítico,Recuperación prioritaria,705,698,0,0,8736669.052539298,19396651.0,129.0,149.0,0.96983255,0.96983255,100.0,"129 días sin compensar | 149 días sin transacciones | consumo cupo 97% | saldo expuesto $19,396,651 | mora operativa Mayor a 60",Bloqueo/validación inmediata + gestión prioritaria,Enviar a recuperación/cartera prioritaria; no mezclar con alerta preventiva.
2026-05-02,61440,2026-04-30,BARRIO LA UNION CONDOTO,CERRADO CON SALDO,CERRADO CON SALDO,RECUPERACION,CHOCÓ,CONDOTO,REDEBAN,0.5654938654583953,0.9909855473316911,Crítico,Crítico,Recuperación prioritaria,706,699,0,0,8734835.961008575,15446385.0,1003.0,919.0,1.029759,1.029759,100.0,"1003 días sin compensar | 919 días sin transacciones | consumo cupo 103% | saldo expuesto $15,446,385 | mora operativa Mayor a 60",Bloqueo/validación inmediata + gestión prioritaria,Enviar a recuperación/cartera prioritaria; no mezclar con alerta preventiva.
2026-05-02,52305,2026-04-30,BARRIO MERCADO ALBANIA 1,CERRADO CON SALDO,CERRADO CON SALDO,RECUPERACION,LA GUAJIRA,ALBANIA,REDEBAN,0.3875132815524761,0.9805728675350639,Crítico,Crítico,Recuperación prioritaria,707,700,0,0,8718533.054752966,22498669.0,241.0,999.0,1.4999112666666667,1.4999112666666667,100.0,"241 días sin compensar | 999 días sin transacciones | consumo cupo 150% | saldo expuesto $22,498,669 | mora operativa Mayor a 60",Bloqueo/validación inmediata + gestión prioritaria,Enviar a recuperación/cartera prioritaria; no mezclar con alerta preventiva.
2026-05-02,52304,2026-04-30,BARRIO MERCADO ALBANIA,CERRADO CON SALDO,CERRADO CON SALDO,RECUPERACION,LA GUAJIRA,ALBANIA,REDEBAN,0.3875132815524761,0.9805728675350639,Crítico,Crítico,Recuperación prioritaria,708,701,0,0,8714580.031767849,22488468.0,1184.0,999.0,1.4992312,1.4992312,100.0,"1184 días sin compensar | 999 días sin transacciones | consumo cupo 150% | saldo expuesto $22,488,468 | mora operativa Mayor a 60",Bloqueo/validación inmediata + gestión prioritaria,Enviar a recuperación/cartera prioritaria; no mezclar con alerta preventiva.
2026-05-02,50749,2026-04-30,BARRIO CENTRO SAN JOSE DEL GUAVIARE,CERRADO CON SALDO,CERRADO CON SALDO,RECUPERACION,GUAVIARE,SAN JOSÉ DEL GUAVIARE,REDEBAN,0.3939271994970415,0.9811191150224695,Crítico,Crítico,Recuperación prioritaria,709,702,0,0,8698528.66703469,22081564.0,1464.0,999.0,1.4721042666666666,1.4721042666666666,100.0,"1464 días sin compensar | 999 días sin transacciones | consumo cupo 147% | saldo expuesto $22,081,564 | mora operativa Mayor a 60",Bloqueo/validación inmediata + gestión prioritaria,Enviar a recuperación/cartera prioritaria; no mezclar con alerta preventiva.
2026-05-02,29322,2026-04-30,	BARRIO CINCUENTENARIO - BELEN DE LOS ANDAQUIES II,CERRADO CON SALDO,CERRADO CON SALDO,RECUPERACION,CAQUETÁ,BELÉN DE LOS ANDAQUÍES,REDEBAN,0.43467027395488855,0.9842007314372679,Crítico,Crítico,Recuperación prioritaria,710,703,0,0,8693199.010717642,19999525.0,1094.0,1073.0,1.3333016666666666,1.3333016666666666,100.0,"1094 días sin compensar | 1073 días sin transacciones | consumo cupo 133% | saldo expuesto $19,999,525 | mora operativa Mayor a 60",Bloqueo/validación inmediata + gestión prioritaria,Enviar a recuperación/cartera prioritaria; no mezclar con alerta preventiva.
2026-05-02,64268,2026-04-30,BARRIO CENTRO PUEBLO BELLO 10,CERRADO CON SALDO,CERRADO CON SALDO,RECUPERACION,CESAR,PUEBLO BELLO,REDEBAN,0.5619447652600756,0.9908453523734059,Crítico,Crítico,Recuperación prioritaria,711,704,0,0,8681259.900596805,15448600.0,1026.0,970.0,1.0299066666666667,1.0299066666666667,100.0,"1026 días sin compensar | 970 días sin transacciones | consumo cupo 103% | saldo expuesto $15,448,600 | mora operativa Mayor a 60",Bloqueo/validación inmediata + gestión prioritaria,Enviar a recuperación/cartera prioritaria; no mezclar con alerta preventiva.
2026-05-02,40038,2026-04-30,BARRIO SAN CARLOS CARTAGO,CERRADO CON SALDO,CERRADO CON SALDO,RECUPERACION,VALLE DEL CAUCA,CARTAGO,REDEBAN,0.4029679598230099,0.9818586281678555,Crítico,Crítico,Recuperación prioritaria,712,705,0,0,8679198.681313574,21538185.53,137.0,249.0,0.9572526902222223,0.9572526902222223,100.0,"137 días sin compensar | 249 días sin transacciones | consumo cupo 96% | saldo expuesto $21,538,186 | mora operativa Mayor a 60 | aparece en castigados: Novedad en Operación del punto de servicio",Bloqueo/validación inmediata + gestión prioritaria,Enviar a recuperación/cartera prioritaria; no mezclar con alerta preventiva.
2026-05-02,31643,2026-04-30,BARRIO BOSA 2	BOGOTÁ,CERRADO CON SALDO,CERRADO CON SALDO,RECUPERACION,CUNDINAMARCA,BOGOTÁ,REDEBAN,0.5237999162017531,0.9892104289028264,Crítico,Crítico,Recuperación prioritaria,713,706,0,0,8666544.948983958,16545525.65,2306.0,999.0,1.1030350433333334,1.1030350433333334,100.0,"2306 días sin compensar | 999 días sin transacciones | consumo cupo 110% | saldo expuesto $16,545,526 | mora operativa Mayor a 60",Bloqueo/validación inmediata + gestión prioritaria,Enviar a recuperación/cartera prioritaria; no mezclar con alerta preventiva.
2026-05-02,11930,2026-04-30,AVENIDA PALACE,CERRADO CON SALDO,CERRADO CON SALDO,RECUPERACION,ANTIOQUIA,MEDELLÍN,REDEBAN,0.4405485321408618,0.9845965979698122,Crítico,Crítico,Recuperación prioritaria,714,707,0,0,8656904.080735035,19650284.7,2768.0,999.0,0.982514235,0.982514235,100.0,"2768 días sin compensar | 999 días sin transacciones | consumo cupo 98% | saldo expuesto $19,650,285 | mora operativa Mayor a 60",Bloqueo/validación inmediata + gestión prioritaria,Enviar a recuperación/cartera prioritaria; no mezclar con alerta preventiva.
2026-05-02,43518,2026-04-30,BARRIO LA ESMERALDA POPAYAN 4,CERRADO CON SALDO,CERRADO CON SALDO,RECUPERACION,CAUCA,POPAYÁN,REDEBAN,0.40740718864493464,0.9822093389538686,Crítico,Crítico,Recuperación prioritaria,715,708,0,0,8645968.973733265,21221935.24,1144.0,999.0,0.9431971217777777,0.9431971217777777,100.0,"1144 días sin compensar | 999 días sin transacciones | consumo cupo 94% | saldo expuesto $21,221,935 | mora operativa Mayor a 60",Bloqueo/validación inmediata + gestión prioritaria,Enviar a recuperación/cartera prioritaria; no mezclar con alerta preventiva.
2026-05-02,52033,2026-04-30,BARRIO JORGE ELIECER GAITAN CANDELARIA,CERRADO CON SALDO,CERRADO CON SALDO,RECUPERACION,VALLE DEL CAUCA,CANDELARIA,REDEBAN,0.3895963652617711,0.980752308736376,Crítico,Crítico,Recuperación prioritaria,716,709,0,0,8640948.561093926,22179233.0,1212.0,1184.0,1.4786155333333333,1.4786155333333333,100.0,"1212 días sin compensar | 1184 días sin transacciones | consumo cupo 148% | saldo expuesto $22,179,233 | mora operativa Mayor a 60",Bloqueo/validación inmediata + gestión prioritaria,Enviar a recuperación/cartera prioritaria; no mezclar con alerta preventiva.
2026-05-02,19258,2026-04-30,MORICHAL PLAZA - YOPAL,CERRADO CON SALDO,CERRADO CON SALDO,RECUPERACION,CASANARE,YOPAL,REDEBAN,0.3471982398809833,0.9766632692183367,Crítico,Crítico,Recuperación prioritaria,717,710,0,0,8620523.293246252,24828821.99,3382.0,999.0,0.9931528796,0.9931528796,100.0,"3382 días sin compensar | 999 días sin transacciones | consumo cupo 99% | saldo expuesto $24,828,822 | mora operativa Mayor a 60",Bloqueo/validación inmediata + gestión prioritaria,Enviar a recuperación/cartera prioritaria; no mezclar con alerta preventiva.
2026-05-02,21756,2026-04-30,BARRIO LA LIBERTAD - CÚCUTA,CERRADO CON SALDO,CERRADO CON SALDO,RECUPERACION,NORTE DE SANTANDER,CÚCUTA,REDEBAN,0.45333574387510683,0.9854208489682666,Crítico,Crítico,Recuperación prioritaria,718,711,0,0,8612925.480548134,18998999.3,714.0,865.0,1.8998999300000001,1.8998999300000001,100.0,"714 días sin compensar | 865 días sin transacciones | consumo cupo 190% | saldo expuesto $18,998,999 | mora operativa Mayor a 60",Bloqueo/validación inmediata + gestión prioritaria,Enviar a recuperación/cartera prioritaria; no mezclar con alerta preventiva.
2026-05-02,13378,2026-04-30,PARQUE PRINCIPAL AMALFI,CERRADO CON SALDO,CERRADO CON SALDO,RECUPERACION,ANTIOQUIA,AMALFI,REDEBAN,0.32247882151262014,0.973770534737865,Crítico,Crítico,Recuperación prioritaria,719,712,0,0,8609149.957831781,26696791.8,2255.0,999.0,0.88989306,0.88989306,100.0,"2255 días sin compensar | 999 días sin transacciones | consumo cupo 89% | saldo expuesto $26,696,792 | mora operativa Mayor a 60",Bloqueo/validación inmediata + gestión prioritaria,Enviar a recuperación/cartera prioritaria; no mezclar con alerta preventiva.
2026-05-02,10153,2026-04-30,VENECIA - ANTIOQUIA,CERRADO CON SALDO,CERRADO CON SALDO,RECUPERACION,ANTIOQUIA,VENECIA,REDEBAN,0.25647043699129524,0.9632718664317563,Crítico,Crítico,Recuperación prioritaria,720,713,0,0,8604689.144901337,33550413.24,3724.0,999.0,0.7455647386666666,0.7455647386666666,100.0,"3724 días sin compensar | 999 días sin transacciones | consumo cupo 75% | saldo expuesto $33,550,413 | mora operativa Mayor a 60",Bloqueo/validación inmediata + gestión prioritaria,Enviar a recuperación/cartera prioritaria; no mezclar con alerta preventiva.
2026-05-02,14835,2026-04-30,EL CARMELO ITAGUI,CERRADO CON SALDO,CERRADO CON SALDO,RECUPERACION,ANTIOQUIA,ITAGÜÍ,REDEBAN Y CREDIBANCO,0.30747610018043353,0.9717839128820812,Crítico,Crítico,Recuperación prioritaria,721,714,0,0,8596403.473606095,27957956.63,25.0,304.0,0.9319318876666667,0.9319318876666667,100.0,"304 días sin transacciones | consumo cupo 93% | saldo expuesto $27,957,957 | mora operativa Mayor a 60 | aparece en castigados: Inactividad",Bloqueo/validación inmediata + gestión prioritaria,Enviar a recuperación/cartera prioritaria; no mezclar con alerta preventiva.
2026-05-02,21332,2026-04-30,BARRIO ESTERO - VILLAVICENCIO,CERRADO CON SALDO,CERRADO CON SALDO,RECUPERACION,META,VILLAVICENCIO,REDEBAN,0.3766979427376438,0.9796083386230032,Crítico,Crítico,Recuperación prioritaria,722,715,0,0,8583347.03222398,22785755.0,3056.0,999.0,0.9993752192982456,0.9993752192982456,100.0,"3056 días sin compensar | 999 días sin transacciones | consumo cupo 100% | saldo expuesto $22,785,755 | mora operativa Mayor a 60",Bloqueo/validación inmediata + gestión prioritaria,Enviar a recuperación/cartera prioritaria; no mezclar con alerta preventiva.
2026-05-02,12417,2026-04-30,LA PAZ IV - CESAR,CERRADO CON SALDO,CERRADO CON SALDO,RECUPERACION,CESAR,LA PAZ,REDEBAN,0.2863048810905733,0.9686214990176992,Crítico,Crítico,Recuperación prioritaria,723,716,0,0,8576434.782301659,29955601.0,43.0,999.0,0.9985200333333333,0.9985200333333333,100.0,"43 días sin compensar | 999 días sin transacciones | consumo cupo 100% | saldo expuesto $29,955,601 | mora operativa Mayor a 60",Bloqueo/validación inmediata + gestión prioritaria,Enviar a recuperación/cartera prioritaria; no mezclar con alerta preventiva.
2026-05-02,65638,2026-04-30,BARRIO CENTRO GUARANDA 4,CERRADO CON SALDO,CERRADO CON SALDO,RECUPERACION,SUCRE,GUARANDA,REDEBAN,0.41189548432881695,0.9825559790370268,Crítico,Crítico,Recuperación prioritaria,724,717,0,0,8573961.619689237,20815867.0,1044.0,1028.0,1.3877244666666666,1.3877244666666666,100.0,"1044 días sin compensar | 1028 días sin transacciones | consumo cupo 139% | saldo expuesto $20,815,867 | mora operativa Mayor a 60",Bloqueo/validación inmediata + gestión prioritaria,Enviar a recuperación/cartera prioritaria; no mezclar con alerta preventiva.
2026-05-02,19789,2026-04-30,CENTRO FORTUL - ARAUCA,CERRADO CON SALDO,CERRADO CON SALDO,RECUPERACION,ARAUCA,FORTUL,REDEBAN,0.42339196038768584,0.9834091804240235,Crítico,Crítico,Recuperación prioritaria,725,718,0,0,8573599.132322878,20249792.0,2401.0,999.0,0.503103022246674,0.503103022246674,100.0,"2401 días sin compensar | 999 días sin transacciones | saldo expuesto $20,249,792 | mora operativa Mayor a 60",Bloqueo/validación inmediata + gestión prioritaria,Enviar a recuperación/cartera prioritaria; no mezclar con alerta preventiva.
2026-05-02,11011,2026-04-30,CATAMBUCO,CERRADO CON SALDO,CERRADO CON SALDO,RECUPERACION,NARIÑO,PASTO,REDEBAN,0.3969794913516315,0.9813726745505246,Crítico,Crítico,Recuperación prioritaria,726,719,0,0,8565374.990446793,21576366.48,4245.0,999.0,0.980743930909091,0.980743930909091,100.0,"4245 días sin compensar | 999 días sin transacciones | consumo cupo 98% | saldo expuesto $21,576,366 | mora operativa Mayor a 60",Bloqueo/validación inmediata + gestión prioritaria,Enviar a recuperación/cartera prioritaria; no mezclar con alerta preventiva.
2026-05-02,69917,2026-04-30,BARRIO  AVENIDA PRINCIPAL  CONDOTO,CERRADO CON SALDO,CERRADO CON SALDO,RECUPERACION,CHOCÓ,CONDOTO,REDEBAN,0.5707333841928601,0.9911891116631585,Crítico,Crítico,Recuperación prioritaria,727,720,0,0,8561000.762892902,15000000.0,607.0,602.0,1.0,1.0,100.0,"607 días sin compensar | 602 días sin transacciones | consumo cupo 100% | saldo expuesto $15,000,000 | mora operativa Mayor a 60 | aparece en castigados: Novedad en Operación del punto de servicio",Bloqueo/validación inmediata + gestión prioritaria,Enviar a recuperación/cartera prioritaria; no mezclar con alerta preventiva.
2026-05-02,30098,2026-04-30,BARRIO CATAN POPAYAN,CERRADO CON SALDO,CERRADO CON SALDO,RECUPERACION,CAUCA,POPAYÁN,REDEBAN,0.40600753092707975,0.982099618281237,Crítico,Crítico,Recuperación prioritaria,728,721,0,0,8546717.968887366,21050639.01,1108.0,1095.0,1.0525319505000001,1.0525319505000001,100.0,"1108 días sin compensar | 1095 días sin transacciones | consumo cupo 105% | saldo expuesto $21,050,639 | mora operativa Mayor a 60",Bloqueo/validación inmediata + gestión prioritaria,Enviar a recuperación/cartera prioritaria; no mezclar con alerta preventiva.
2026-05-02,34815,2026-04-30,BARRIO BOCHALEMA SAN ANDRES,CERRADO CON SALDO,CERRADO CON SALDO,RECUPERACION,SANTANDER,SAN ANDRÉS,REDEBAN,0.38085670824656237,0.9799858961857375,Crítico,Crítico,Recuperación prioritaria,729,722,0,0,8541341.71083021,22426654.24,1696.0,999.0,0.8970661696,0.8970661696,100.0,"1696 días sin compensar | 999 días sin transacciones | consumo cupo 90% | saldo expuesto $22,426,654 | mora operativa Mayor a 60",Bloqueo/validación inmediata + gestión prioritaria,Enviar a recuperación/cartera prioritaria; no mezclar con alerta preventiva.
2026-05-02,10702,2026-04-30,GUACHENE,CERRADO CON SALDO,CERRADO CON SALDO,RECUPERACION,CAUCA,GUACHENÉ,REDEBAN,0.3442799583960671,0.9763438147869157,Crítico,Crítico,Recuperación prioritaria,730,723,0,0,8531436.256920926,24780519.6,3000.0,999.0,0.8952176438712475,0.8952176438712475,100.0,"3000 días sin compensar | 999 días sin transacciones | consumo cupo 90% | saldo expuesto $24,780,520 | mora operativa Mayor a 60",Bloqueo/validación inmediata + gestión prioritaria,Enviar a recuperación/cartera prioritaria; no mezclar con alerta preventiva.
2026-05-02,19606,2026-04-30,CENTRO VISTAHERMOSA III META,CERRADO CON SALDO,CERRADO CON SALDO,RECUPERACION,META,VISTAHERMOSA,REDEBAN,0.3407721283659314,0.9759524266792435,Crítico,Crítico,Recuperación prioritaria,731,724,0,0,8518635.977320945,24998042.0,3412.0,999.0,0.99992168,0.99992168,100.0,"3412 días sin compensar | 999 días sin transacciones | consumo cupo 100% | saldo expuesto $24,998,042 | mora operativa Mayor a 60",Bloqueo/validación inmediata + gestión prioritaria,Enviar a recuperación/cartera prioritaria; no mezclar con alerta preventiva.
2026-05-02,38259,2026-04-30,BARRIO PARQUE PRINCIPAL EBEJICO,CERRADO CON SALDO,CERRADO CON SALDO,RECUPERACION,ANTIOQUIA,EBÉJICO,REDEBAN,0.4788391533684064,0.9869277441186466,Crítico,Crítico,Recuperación prioritaria,732,725,0,0,8512769.907521099,17777932.0,443.0,431.0,0.9001484556962025,0.9001484556962025,100.0,"443 días sin compensar | 431 días sin transacciones | consumo cupo 90% | saldo expuesto $17,777,932 | mora operativa Mayor a 60 | aparece en castigados: Confidencial",Bloqueo/validación inmediata + gestión prioritaria,Enviar a recuperación/cartera prioritaria; no mezclar con alerta preventiva.
2026-05-02,13414,2026-04-30,CAJARAMRCA TOLIMA,CERRADO CON SALDO,CERRADO CON SALDO,RECUPERACION,TOLIMA,CAJAMARCA,REDEBAN,0.3270719715861489,0.9743417446799487,Crítico,Crítico,Recuperación prioritaria,733,726,0,0,8505122.40965278,26003825.3,2705.0,999.0,0.8667941766666667,0.8667941766666667,100.0,"2705 días sin compensar | 999 días sin transacciones | consumo cupo 87% | saldo expuesto $26,003,825 | mora operativa Mayor a 60",Bloqueo/validación inmediata + gestión prioritaria,Enviar a recuperación/cartera prioritaria; no mezclar con alerta preventiva.
2026-05-02,13325,2026-04-30,YOPAL CENTRO,CERRADO CON SALDO,CERRADO CON SALDO,RECUPERACION,CASANARE,YOPAL,REDEBAN,0.41036037777879325,0.9824383026716462,Crítico,Crítico,Recuperación prioritaria,734,727,0,0,8495048.687163133,20701435.0,4193.0,999.0,0.517535875,0.517535875,100.0,"4193 días sin compensar | 999 días sin transacciones | saldo expuesto $20,701,435 | mora operativa Mayor a 60",Bloqueo/validación inmediata + gestión prioritaria,Enviar a recuperación/cartera prioritaria; no mezclar con alerta preventiva.
2026-05-02,22659,2026-04-30,BARRIO FUSAGASUGA II - FUSAGASUGÁ,CERRADO CON SALDO,CERRADO CON SALDO,RECUPERACION,CUNDINAMARCA,FUSAGASUGÁ,REDEBAN,0.4650644274591541,0.9861353254896094,Crítico,Crítico,Recuperación prioritaria,735,728,0,0,8492536.119734898,18260988.41,3045.0,999.0,0.9130494205,0.9130494205,100.0,"3045 días sin compensar | 999 días sin transacciones | consumo cupo 91% | saldo expuesto $18,260,988 | mora operativa Mayor a 60",Bloqueo/validación inmediata + gestión prioritaria,Enviar a recuperación/cartera prioritaria; no mezclar con alerta preventiva.
2026-05-02,41844,2026-04-30,BARRIO NORMANDIA SOLEDAD,CERRADO CON SALDO,CERRADO CON SALDO,RECUPERACION,ATLÁNTICO,SOLEDAD,REDEBAN,0.42442091395687565,0.9834832074405322,Crítico,Crítico,Recuperación prioritaria,736,729,0,0,8488173.180303913,19999422.51,1838.0,999.0,0.9999711255000001,0.9999711255000001,100.0,"1838 días sin compensar | 999 días sin transacciones | consumo cupo 100% | saldo expuesto $19,999,423 | mora operativa Mayor a 60",Bloqueo/validación inmediata + gestión prioritaria,Enviar a recuperación/cartera prioritaria; no mezclar con alerta preventiva.
2026-05-02,28934,2026-04-30,BARRIO CASA BLANCA BOGOTA,CERRADO CON SALDO,CERRADO CON SALDO,RECUPERACION,CUNDINAMARCA,BOGOTÁ,REDEBAN,0.5374059791538728,0.9898219063342947,Crítico,Crítico,Recuperación prioritaria,737,730,0,0,8476916.162174067,15773766.0,2723.0,999.0,0.9983396202531646,0.9983396202531646,100.0,"2723 días sin compensar | 999 días sin transacciones | consumo cupo 100% | saldo expuesto $15,773,766 | mora operativa Mayor a 60",Bloqueo/validación inmediata + gestión prioritaria,Enviar a recuperación/cartera prioritaria; no mezclar con alerta preventiva.
2026-05-02,52432,2026-04-30,BARRIO COLINAS DEL SUR CALI,CERRADO CON SALDO,CERRADO CON SALDO,RECUPERACION,VALLE DEL CAUCA,CALI,REDEBAN,0.45447919195418524,0.9854921995434371,Crítico,Crítico,Recuperación prioritaria,738,731,0,0,8475394.060038952,18648585.48,31.0,639.0,0.932429274,0.932429274,100.0,"31 días sin compensar | 639 días sin transacciones | consumo cupo 93% | saldo expuesto $18,648,585 | mora operativa Mayor a 60 | aparece en castigados: Inactividad",Bloqueo/validación inmediata + gestión prioritaria,Enviar a recuperación/cartera prioritaria; no mezclar con alerta preventiva.
2026-05-02,42317,2026-04-30,BARRIO PABLO NERUDA 3,CERRADO CON SALDO,CERRADO CON SALDO,RECUPERACION,CUNDINAMARCA,SIBATÉ,REDEBAN,0.4334072832441153,0.9841142181696844,Crítico,Crítico,Recuperación prioritaria,739,732,0,0,8473382.400159916,19550623.0,995.0,971.0,0.97753115,0.97753115,100.0,"995 días sin compensar | 971 días sin transacciones | consumo cupo 98% | saldo expuesto $19,550,623 | mora operativa Mayor a 60",Bloqueo/validación inmediata + gestión prioritaria,Enviar a recuperación/cartera prioritaria; no mezclar con alerta preventiva.
2026-05-02,25126,2026-04-30,BARRIO CENTRO - CÁQUEZA,CERRADO CON SALDO,CERRADO CON SALDO,RECUPERACION,CUNDINAMARCA,CÁQUEZA,REDEBAN,0.424520648335492,0.9834903629315102,Crítico,Crítico,Recuperación prioritaria,740,733,0,0,8472107.598146755,19956879.91,1302.0,999.0,0.9978439955,0.9978439955,100.0,"1302 días sin compensar | 999 días sin transacciones | consumo cupo 100% | saldo expuesto $19,956,880 | mora operativa Mayor a 60",Bloqueo/validación inmediata + gestión prioritaria,Enviar a recuperación/cartera prioritaria; no mezclar con alerta preventiva.
2026-05-02,49353,2026-04-30,BARRIO CORREGIMIENTO BILBAO PLANADAS 2,CERRADO CON SALDO,CERRADO CON SALDO,RECUPERACION,TOLIMA,PLANADAS,REDEBAN,0.4185292336634827,0.9830542259737678,Crítico,Crítico,Recuperación prioritaria,741,734,0,0,8470708.166251268,20239227.0,1037.0,995.0,1.01196135,1.01196135,100.0,"1037 días sin compensar | 995 días sin transacciones | consumo cupo 101% | saldo expuesto $20,239,227 | mora operativa Mayor a 60",Bloqueo/validación inmediata + gestión prioritaria,Enviar a recuperación/cartera prioritaria; no mezclar con alerta preventiva.
2026-05-02,12536,2026-04-30,HELICONIA - ANTIOQUIA,CERRADO CON SALDO,CERRADO CON SALDO,RECUPERACION,ANTIOQUIA,HELICONIA,REDEBAN,0.28438057970219977,0.9683104853837281,Crítico,Crítico,Recuperación prioritaria,742,735,0,0,8469798.594790326,29783322.77,3971.0,999.0,0.9927774256666666,0.9927774256666666,100.0,"3971 días sin compensar | 999 días sin transacciones | consumo cupo 99% | saldo expuesto $29,783,323 | mora operativa Mayor a 60",Bloqueo/validación inmediata + gestión prioritaria,Enviar a recuperación/cartera prioritaria; no mezclar con alerta preventiva.
2026-05-02,23671,2026-04-30,VEREDA LA JOSEFINA - SAN LUIS,CERRADO CON SALDO,CERRADO CON SALDO,RECUPERACION,ANTIOQUIA,SAN LUIS,REDEBAN,0.4253895900147148,0.9835525582317437,Crítico,Crítico,Recuperación prioritaria,743,736,0,0,8464406.813714517,19898011.17,2852.0,999.0,0.9949005585000001,0.9949005585000001,100.0,"2852 días sin compensar | 999 días sin transacciones | consumo cupo 99% | saldo expuesto $19,898,011 | mora operativa Mayor a 60",Bloqueo/validación inmediata + gestión prioritaria,Enviar a recuperación/cartera prioritaria; no mezclar con alerta preventiva.
2026-05-02,58372,2026-04-30,BARRIO ANTONIO RICAUTE PRADERA,CERRADO CON SALDO,CERRADO CON SALDO,RECUPERACION,VALLE DEL CAUCA,PRADERA,REDEBAN,0.3781889873300633,0.9797446867767382,Crítico,Crítico,Recuperación prioritaria,744,737,0,0,8459206.466233037,22367670.0,1100.0,1096.0,1.491178,1.491178,100.0,"1100 días sin compensar | 1096 días sin transacciones | consumo cupo 149% | saldo expuesto $22,367,670 | mora operativa Mayor a 60",Bloqueo/validación inmediata + gestión prioritaria,Enviar a recuperación/cartera prioritaria; no mezclar con alerta preventiva.
2026-05-02,36354,2026-04-30,BARRIO BERRIO ITUANGO,CERRADO CON SALDO,CERRADO CON SALDO,RECUPERACION,ANTIOQUIA,ITUANGO,REDEBAN,0.5475154868336494,0.9902553783418814,Crítico,Crítico,Recuperación prioritaria,745,738,0,0,8457399.097190052,15446867.35,1077.0,1034.0,1.0297911566666667,1.0297911566666667,100.0,"1077 días sin compensar | 1034 días sin transacciones | consumo cupo 103% | saldo expuesto $15,446,867 | mora operativa Mayor a 60",Bloqueo/validación inmediata + gestión prioritaria,Enviar a recuperación/cartera prioritaria; no mezclar con alerta preventiva.
2026-05-02,43273,2026-04-30,BARRIO OVELIO JIMENEZ LA JAGUA DE IBIRICO 1,CERRADO CON SALDO,CERRADO CON SALDO,RECUPERACION,CESAR,LA JAGUA DE IBIRICO,REDEBAN,0.38923170858218925,0.980721039379404,Crítico,Crítico,Recuperación prioritaria,746,739,0,0,8453808.720440747,21719219.0,581.0,555.0,1.9305972444444444,1.9305972444444444,100.0,"581 días sin compensar | 555 días sin transacciones | consumo cupo 193% | saldo expuesto $21,719,219 | mora operativa Mayor a 60 | aparece en castigados: Inactividad",Bloqueo/validación inmediata + gestión prioritaria,Enviar a recuperación/cartera prioritaria; no mezclar con alerta preventiva.
2026-05-02,50724,2026-04-30,BARRIO VILLA DEL RIO MONTERIA,CERRADO CON SALDO,CERRADO CON SALDO,RECUPERACION,CÓRDOBA,MONTERÍA,REDEBAN,0.5635322520018707,0.9909082937549019,Crítico,Crítico,Recuperación prioritaria,747,740,0,0,8452983.610968385,14999999.7,91.0,999.0,1.49999997,1.49999997,100.0,"91 días sin compensar | 999 días sin transacciones | consumo cupo 150% | saldo expuesto $15,000,000 | mora operativa Mayor a 60",Bloqueo/validación inmediata + gestión prioritaria,Enviar a recuperación/cartera prioritaria; no mezclar con alerta preventiva.
2026-05-02,27697,2026-04-30,CORREGIMIENTO EL HATICO BARBOSA,CERRADO CON SALDO,CERRADO CON SALDO,RECUPERACION,ANTIOQUIA,BARBOSA,REDEBAN,0.422629970569896,0.9833541187673411,Crítico,Crítico,Recuperación prioritaria,748,741,0,0,8452231.909280712,19999130.44,1586.0,999.0,0.9999565220000001,0.9999565220000001,100.0,"1586 días sin compensar | 999 días sin transacciones | consumo cupo 100% | saldo expuesto $19,999,130 | mora operativa Mayor a 60",Bloqueo/validación inmediata + gestión prioritaria,Enviar a recuperación/cartera prioritaria; no mezclar con alerta preventiva.
2026-05-02,52890,2026-04-30,BARRIO LAS COLINAS MONTERIA,CERRADO CON SALDO,CERRADO CON SALDO,RECUPERACION,CÓRDOBA,MONTERÍA,REDEBAN,0.5635322520018707,0.9909082937549019,Crítico,Crítico,Recuperación prioritaria,749,742,0,0,8434862.836932689,14967844.0,1122.0,1095.0,1.4967844,1.4967844,100.0,"1122 días sin compensar | 1095 días sin transacciones | consumo cupo 150% | saldo expuesto $14,967,844 | mora operativa Mayor a 60",Bloqueo/validación inmediata + gestión prioritaria,Enviar a recuperación/cartera prioritaria; no mezclar con alerta preventiva.
2026-05-02,18621,2026-04-30,BARRIO BLAS DE LEZO II CARTAGENA,CERRADO CON SALDO,CERRADO CON SALDO,RECUPERACION,BOLÍVAR,CARTAGENA DE INDIAS,REDEBAN,0.5095250196847516,0.9885316701109579,Crítico,Crítico,Recuperación prioritaria,750,743,0,0,8408118.43897282,16501875.5,2380.0,999.0,0.825093775,0.825093775,100.0,"2380 días sin compensar | 999 días sin transacciones | consumo cupo 83% | saldo expuesto $16,501,876 | mora operativa Mayor a 60",Bloqueo/validación inmediata + gestión prioritaria,Enviar a recuperación/cartera prioritaria; no mezclar con alerta preventiva.
2026-05-02,12217,2026-04-30,PONEDERA - ATLANTICO,CERRADO CON SALDO,CERRADO CON SALDO,RECUPERACION,ATLÁNTICO,PONEDERA,REDEBAN,0.3372421908445574,0.9755501806838268,Crítico,Crítico,Recuperación prioritaria,751,744,0,0,8386499.681828316,24867884.0,1382.0,999.0,0.99471536,0.99471536,100.0,"1382 días sin compensar | 999 días sin transacciones | consumo cupo 99% | saldo expuesto $24,867,884 | mora operativa Mayor a 60",Bloqueo/validación inmediata + gestión prioritaria,Enviar a recuperación/cartera prioritaria; no mezclar con alerta preventiva.
2026-05-02,27141,2026-04-30,RIOCHIQUITO PAEZ - CAUCA,CERRADO CON SALDO,CERRADO CON SALDO,RECUPERACION,CAUCA,PÁEZ,REDEBAN,0.2795198628660891,0.967505665048123,Crítico,Crítico,Recuperación prioritaria,752,745,0,0,8364984.0912949275,29926260.0,2876.0,999.0,0.997542,0.997542,100.0,"2876 días sin compensar | 999 días sin transacciones | consumo cupo 100% | saldo expuesto $29,926,260 | mora operativa Mayor a 60",Bloqueo/validación inmediata + gestión prioritaria,Enviar a recuperación/cartera prioritaria; no mezclar con alerta preventiva.
2026-05-02,31366,2026-04-30,BARRIO MINUTO DE DIOS,CERRADO CON SALDO,CERRADO CON SALDO,RECUPERACION,CÓRDOBA,MONTERÍA,REDEBAN,0.5408410463835239,0.9899711262803969,Crítico,Crítico,Recuperación prioritaria,753,746,0,0,8351537.636403244,15441760.0,1302.0,999.0,1.0294506666666667,1.0294506666666667,100.0,"1302 días sin compensar | 999 días sin transacciones | consumo cupo 103% | saldo expuesto $15,441,760 | mora operativa Mayor a 60",Bloqueo/validación inmediata + gestión prioritaria,Enviar a recuperación/cartera prioritaria; no mezclar con alerta preventiva.
2026-05-02,24900,2026-04-30,CENTRO TRINIDAD II - CASANARE,CERRADO CON SALDO,CERRADO CON SALDO,RECUPERACION,CASANARE,TRINIDAD,REDEBAN,0.2758262286305102,0.9668749957720532,Crítico,Crítico,Recuperación prioritaria,754,747,0,0,8323778.470969546,30177617.67,968.0,999.0,1.005920589,1.005920589,100.0,"968 días sin compensar | 999 días sin transacciones | consumo cupo 101% | saldo expuesto $30,177,618 | mora operativa Mayor a 60",Bloqueo/validación inmediata + gestión prioritaria,Enviar a recuperación/cartera prioritaria; no mezclar con alerta preventiva.
2026-05-02,42329,2026-04-30,BARRIO BOSA BOGOTA 7,CERRADO CON SALDO,CERRADO CON SALDO,RECUPERACION,CUNDINAMARCA,BOGOTÁ,REDEBAN,0.44982710511271023,0.9851995483220625,Crítico,Crítico,Recuperación prioritaria,755,748,0,0,8295872.060765128,18442357.0,87.0,121.0,0.92211785,0.92211785,100.0,"87 días sin compensar | 121 días sin transacciones | consumo cupo 92% | saldo expuesto $18,442,357 | mora operativa Mayor a 60",Bloqueo/validación inmediata + gestión prioritaria,Enviar a recuperación/cartera prioritaria; no mezclar con alerta preventiva.
2026-05-02,50045,2026-04-30,BARRIO PROVIVIENDA YOPAL 4,CERRADO CON SALDO,CERRADO CON SALDO,RECUPERACION,CASANARE,YOPAL,REDEBAN,0.3913711825017974,0.9809036419094513,Crítico,Crítico,Recuperación prioritaria,756,749,0,0,8288387.442558853,21177817.41,1085.0,1117.0,1.411854494,1.411854494,100.0,"1085 días sin compensar | 1117 días sin transacciones | consumo cupo 141% | saldo expuesto $21,177,817 | mora operativa Mayor a 60",Bloqueo/validación inmediata + gestión prioritaria,Enviar a recuperación/cartera prioritaria; no mezclar con alerta preventiva.
2026-05-02,10672,2026-04-30,BARRIO ARANJUEZ PARQUE,CERRADO CON SALDO,CERRADO CON SALDO,RECUPERACION,ANTIOQUIA,MEDELLÍN,REDEBAN,0.41747578403867325,0.9829761992928957,Crítico,Crítico,Recuperación prioritaria,757,750,0,0,8288124.196827441,19852946.0,4841.0,999.0,0.9926473,0.9926473,100.0,"4841 días sin compensar | 999 días sin transacciones | consumo cupo 99% | saldo expuesto $19,852,946 | mora operativa Mayor a 60",Bloqueo/validación inmediata + gestión prioritaria,Enviar a recuperación/cartera prioritaria; no mezclar con alerta preventiva.
2026-05-02,52566,2026-04-30,BARRIO URB VALLEJO MONTERIA 1,CERRADO CON SALDO,CERRADO CON SALDO,RECUPERACION,CÓRDOBA,MONTERÍA,REDEBAN,0.5635322520018707,0.9909082937549019,Crítico,Crítico,Recuperación prioritaria,758,751,0,0,8285716.700521118,14703181.0,241.0,999.0,1.4703181,1.4703181,100.0,"241 días sin compensar | 999 días sin transacciones | consumo cupo 147% | saldo expuesto $14,703,181 | mora operativa Mayor a 60",Bloqueo/validación inmediata + gestión prioritaria,Enviar a recuperación/cartera prioritaria; no mezclar con alerta preventiva.
2026-05-02,20464,2026-04-30,BARRIO LAS VEGAS IV  BELLO,CERRADO CON SALDO,CERRADO CON SALDO,RECUPERACION,ANTIOQUIA,BELLO,REDEBAN,0.4176552310606319,0.9829895193671143,Crítico,Crítico,Recuperación prioritaria,759,752,0,0,8285175.95070311,19837357.07,3061.0,999.0,0.9918678535000001,0.9918678535000001,100.0,"3061 días sin compensar | 999 días sin transacciones | consumo cupo 99% | saldo expuesto $19,837,357 | mora operativa Mayor a 60",Bloqueo/validación inmediata + gestión prioritaria,Enviar a recuperación/cartera prioritaria; no mezclar con alerta preventiva.
2026-05-02,12047,2026-04-30,QUIPILE - CUNDINAMARCA,CERRADO CON SALDO,CERRADO CON SALDO,RECUPERACION,CUNDINAMARCA,QUIPILE,REDEBAN,0.413988959553672,0.9827150020519011,Crítico,Crítico,Recuperación prioritaria,760,753,0,0,8277789.974122784,19995195.0,2657.0,999.0,0.99975975,0.99975975,100.0,"2657 días sin compensar | 999 días sin transacciones | consumo cupo 100% | saldo expuesto $19,995,195 | mora operativa Mayor a 60",Bloqueo/validación inmediata + gestión prioritaria,Enviar a recuperación/cartera prioritaria; no mezclar con alerta preventiva.
2026-05-02,46129,2026-04-30,BARRIO CHIPRE MANIZALES 2,CERRADO CON SALDO,CERRADO CON SALDO,RECUPERACION,CALDAS,MANIZALES,WOMPI,0.2762759796268354,0.9669526952791319,Crítico,Crítico,Recuperación prioritaria,761,754,0,0,8261694.732665471,29903775.0,80.0,150.0,1.13271875,1.13271875,100.0,"80 días sin compensar | 150 días sin transacciones | consumo cupo 113% | saldo expuesto $29,903,775 | mora operativa Mayor a 60",Bloqueo/validación inmediata + gestión prioritaria,Enviar a recuperación/cartera prioritaria; no mezclar con alerta preventiva.
2026-05-02,33401,2026-04-30,BARRIO CAICEDO MEDELLIN,CERRADO CON SALDO,CERRADO CON SALDO,RECUPERACION,ANTIOQUIA,MEDELLÍN,WOMPI,0.3922697888168567,0.9809797248735429,Crítico,Medio,Recuperación prioritaria,762,755,0,0,8253239.503459274,21039702.11,2.0,52.0,0.5804055754482759,0.5804055754482759,55.0,"52 días sin transacciones | saldo expuesto $21,039,702 | mora operativa 31-60",Monitoreo y recordatorio preventivo,Enviar a recuperación/cartera prioritaria; no mezclar con alerta preventiva.
2026-05-02,28839,2026-04-30,BARRIO SAN ISIDRO 2 MEDELLÍN,CERRADO CON SALDO,CERRADO CON SALDO,RECUPERACION,ANTIOQUIA,MEDELLÍN,REDEBAN,0.3776672578220313,0.9796971032958819,Crítico,Crítico,Recuperación prioritaria,763,756,0,0,8251415.148996288,21848373.08,367.0,578.0,0.8739349231999999,0.8739349231999999,100.0,"367 días sin compensar | 578 días sin transacciones | consumo cupo 87% | saldo expuesto $21,848,373 | mora operativa Mayor a 60 | aparece en castigados: Confidencial",Bloqueo/validación inmediata + gestión prioritaria,Enviar a recuperación/cartera prioritaria; no mezclar con alerta preventiva.
2026-05-02,27463,2026-04-30,BARRIO SUBA EL LAGO - BOGOTÁ,CERRADO CON SALDO,CERRADO CON SALDO,RECUPERACION,CUNDINAMARCA,BOGOTÁ,REDEBAN,0.38371414470817894,0.9802404316019627,Crítico,Crítico,Recuperación prioritaria,765,757,0,0,8222042.494668833,21427519.96,1480.0,999.0,0.9523342204444445,0.9523342204444445,100.0,"1480 días sin compensar | 999 días sin transacciones | consumo cupo 95% | saldo expuesto $21,427,520 | mora operativa Mayor a 60",Bloqueo/validación inmediata + gestión prioritaria,Enviar a recuperación/cartera prioritaria; no mezclar con alerta preventiva.
2026-05-02,34210,2026-04-30,BARRIO LATINO CUCUTA,CERRADO CON SALDO,CERRADO CON SALDO,RECUPERACION,NORTE DE SANTANDER,CÚCUTA,REDEBAN,0.4115658722493553,0.9825307886401964,Crítico,Crítico,Recuperación prioritaria,766,758,0,0,8221844.021739671,19976982.0,1340.0,999.0,0.9988491,0.9988491,100.0,"1340 días sin compensar | 999 días sin transacciones | consumo cupo 100% | saldo expuesto $19,976,982 | mora operativa Mayor a 60",Bloqueo/validación inmediata + gestión prioritaria,Enviar a recuperación/cartera prioritaria; no mezclar con alerta preventiva.
2026-05-02,24526,2026-04-30,BARRIO EL CAMBIO DE BUENAVENTURA - BUENAVENTURA,CERRADO CON SALDO,CERRADO CON SALDO,RECUPERACION,VALLE DEL CAUCA,BUENAVENTURA,REDEBAN,0.6160733200599849,0.9927959818943264,Crítico,Crítico,Recuperación prioritaria,767,759,0,0,8220581.104544731,13343510.97,193.0,999.0,0.8895673980000001,0.8895673980000001,100.0,"193 días sin compensar | 999 días sin transacciones | consumo cupo 89% | saldo expuesto $13,343,511 | mora operativa Mayor a 60",Bloqueo/validación inmediata + gestión prioritaria,Enviar a recuperación/cartera prioritaria; no mezclar con alerta preventiva.
2026-05-02,10755,2026-04-30,ACACIAS,CERRADO CON SALDO,CERRADO CON SALDO,RECUPERACION,META,ACACÍAS,REDEBAN,0.27400532084587853,0.9665577930556724,Crítico,Crítico,Recuperación prioritaria,768,760,0,0,8218095.365190966,29992466.35,4013.0,999.0,0.9997488783333334,0.9997488783333334,100.0,"4013 días sin compensar | 999 días sin transacciones | consumo cupo 100% | saldo expuesto $29,992,466 | mora operativa Mayor a 60",Bloqueo/validación inmediata + gestión prioritaria,Enviar a recuperación/cartera prioritaria; no mezclar con alerta preventiva.
2026-05-02,46903,2026-04-30,BARRIO LA CHINA SAN PEDRO DE LOS MILAGROS,CERRADO CON SALDO,CERRADO CON SALDO,RECUPERACION,ANTIOQUIA,SAN PEDRO DE LOS MILAGROS,REDEBAN,0.4329747460206352,0.9840844692777327,Crítico,Crítico,Recuperación prioritaria,769,761,0,0,8212636.406186171,18967934.0,560.0,557.0,0.9483967,0.9483967,100.0,"560 días sin compensar | 557 días sin transacciones | consumo cupo 95% | saldo expuesto $18,967,934 | mora operativa Mayor a 60 | aparece en castigados: Malas prácticas",Bloqueo/validación inmediata + gestión prioritaria,Enviar a recuperación/cartera prioritaria; no mezclar con alerta preventiva.
2026-05-02,60057,2026-04-30,BARRIO LA SIERRITA CARTAGENA DE INDIAS 1,CERRADO CON SALDO,CERRADO CON SALDO,RECUPERACION,BOLÍVAR,CARTAGENA DE INDIAS,REDEBAN,0.5501188482755227,0.9903642621276716,Crítico,Crítico,Recuperación prioritaria,770,762,0,0,8208909.211692488,14922065.0,1205.0,999.0,1.4922065,1.4922065,100.0,"1205 días sin compensar | 999 días sin transacciones | consumo cupo 149% | saldo expuesto $14,922,065 | mora operativa Mayor a 60",Bloqueo/validación inmediata + gestión prioritaria,Enviar a recuperación/cartera prioritaria; no mezclar con alerta preventiva.
2026-05-02,46272,2026-04-30,BARRIO LA CUMBRE BARRANQUILLA 1,CERRADO CON SALDO,CERRADO CON SALDO,RECUPERACION,ATLÁNTICO,BARRANQUILLA,REDEBAN,0.5464009074854083,0.9902084241391946,Crítico,Crítico,Recuperación prioritaria,771,763,0,0,8195721.287795619,14999465.0,917.0,1066.0,0.9999643333333333,0.9999643333333333,100.0,"917 días sin compensar | 1066 días sin transacciones | consumo cupo 100% | saldo expuesto $14,999,465 | mora operativa Mayor a 60",Bloqueo/validación inmediata + gestión prioritaria,Enviar a recuperación/cartera prioritaria; no mezclar con alerta preventiva.
2026-05-02,41955,2026-04-30,BARRIO ALFONSO LOPEZ MONTERIA 1,CERRADO CON SALDO,CERRADO CON SALDO,RECUPERACION,CÓRDOBA,MONTERÍA,REDEBAN,0.5574592225763774,0.9906654382187186,Crítico,Crítico,Recuperación prioritaria,772,764,0,0,8194683.907934258,14700059.8,703.0,732.0,0.9800039866666668,0.9800039866666668,100.0,"703 días sin compensar | 732 días sin transacciones | consumo cupo 98% | saldo expuesto $14,700,060 | mora operativa Mayor a 60 | aparece en castigados: Otro",Bloqueo/validación inmediata + gestión prioritaria,Enviar a recuperación/cartera prioritaria; no mezclar con alerta preventiva.
2026-05-02,55151,2026-04-30,BARRIO EDUARDO SANTOAS CAMPOALEGRE,CERRADO CON SALDO,CERRADO CON SALDO,RECUPERACION,HUILA,CAMPOALEGRE,REDEBAN,0.3825528617807904,0.9801374586888322,Crítico,Crítico,Recuperación prioritaria,773,765,0,0,8177078.514597386,21375029.0,1099.0,1207.0,1.4250019333333332,1.4250019333333332,100.0,"1099 días sin compensar | 1207 días sin transacciones | consumo cupo 143% | saldo expuesto $21,375,029 | mora operativa Mayor a 60",Bloqueo/validación inmediata + gestión prioritaria,Enviar a recuperación/cartera prioritaria; no mezclar con alerta preventiva.
2026-05-02,45986,2026-04-30,BARRIO EL CENTRO CUCUTA 35,CERRADO CON SALDO,CERRADO CON SALDO,RECUPERACION,NORTE DE SANTANDER,CÚCUTA,REDEBAN,0.4450490304945945,0.9848923260195834,Crítico,Crítico,Recuperación prioritaria,774,766,0,0,8172351.677754506,18362812.0,956.0,1091.0,0.9181406,0.9181406,100.0,"956 días sin compensar | 1091 días sin transacciones | consumo cupo 92% | saldo expuesto $18,362,812 | mora operativa Mayor a 60",Bloqueo/validación inmediata + gestión prioritaria,Enviar a recuperación/cartera prioritaria; no mezclar con alerta preventiva.
2026-05-02,61989,2026-04-30,BARRIO FUERA DEL MUNICIPIO DE TIBU TIBU 18,CERRADO CON SALDO,CERRADO CON SALDO,RECUPERACION,NORTE DE SANTANDER,TIBÚ,REDEBAN,0.4387098684535185,0.9844739609772378,Crítico,Crítico,Recuperación prioritaria,775,767,0,0,8168204.356806446,18618693.0,714.0,731.0,0.58183415625,0.58183415625,100.0,"714 días sin compensar | 731 días sin transacciones | saldo expuesto $18,618,693 | mora operativa Mayor a 60 | aparece en castigados: Malas prácticas",Bloqueo/validación inmediata + gestión prioritaria,Enviar a recuperación/cartera prioritaria; no mezclar con alerta preventiva.
2026-05-02,50717,2026-04-30,BARRIO CINCUENTENARIO BELEN DE LOS ANDAQUIES,CERRADO CON SALDO,CERRADO CON SALDO,RECUPERACION,CAQUETÁ,BELÉN DE LOS ANDAQUÍES,REDEBAN,0.5971168477355949,0.9921561000705781,Crítico,Crítico,Recuperación prioritaria,776,768,0,0,8158859.50806517,13663757.0,1653.0,999.0,0.9109171333333334,0.9109171333333334,100.0,"1653 días sin compensar | 999 días sin transacciones | consumo cupo 91% | saldo expuesto $13,663,757 | mora operativa Mayor a 60",Bloqueo/validación inmediata + gestión prioritaria,Enviar a recuperación/cartera prioritaria; no mezclar con alerta preventiva.
2026-05-02,11906,2026-04-30,PUERTO CARREÑO - VICHADA,CERRADO CON SALDO,CERRADO CON SALDO,RECUPERACION,VICHADA,PUERTO CARREÑO,REDEBAN,0.3985929096899007,0.9815050849955341,Crítico,Crítico,Recuperación prioritaria,777,769,0,0,8155487.061479486,20460692.76,2380.0,999.0,1.0224879770729136,1.0224879770729136,100.0,"2380 días sin compensar | 999 días sin transacciones | consumo cupo 102% | saldo expuesto $20,460,693 | mora operativa Mayor a 60",Bloqueo/validación inmediata + gestión prioritaria,Enviar a recuperación/cartera prioritaria; no mezclar con alerta preventiva.
2026-05-02,10205,2026-04-30,PIEDRAS - TOLIMA,CERRADO CON SALDO,CERRADO CON SALDO,RECUPERACION,TOLIMA,PIEDRAS,REDEBAN,0.21808788990600614,0.9542403800478632,Crítico,Crítico,Recuperación prioritaria,778,770,0,0,8154673.22805725,37391682.92,2332.0,999.0,0.5548412103669721,0.5548412103669721,100.0,"2332 días sin compensar | 999 días sin transacciones | saldo expuesto $37,391,683 | mora operativa Mayor a 60",Bloqueo/validación inmediata + gestión prioritaria,Enviar a recuperación/cartera prioritaria; no mezclar con alerta preventiva.
2026-05-02,28015,2026-04-30,BARRIO SANTA ELENA MONTERIA,CERRADO CON SALDO,CERRADO CON SALDO,RECUPERACION,CÓRDOBA,MONTERÍA,REDEBAN,0.5432372058417421,0.9900740289840447,Crítico,Crítico,Recuperación prioritaria,779,771,0,0,8148484.864683156,14999865.21,389.0,375.0,0.999991014,0.999991014,100.0,"389 días sin compensar | 375 días sin transacciones | consumo cupo 100% | saldo expuesto $14,999,865 | mora operativa Mayor a 60 | aparece en castigados: Inactividad",Bloqueo/validación inmediata + gestión prioritaria,Enviar a recuperación/cartera prioritaria; no mezclar con alerta preventiva.
2026-05-02,12123,2026-04-30,SUAN - ATLANTICO,CERRADO CON SALDO,CERRADO CON SALDO,RECUPERACION,ATLÁNTICO,SUAN,REDEBAN,0.2847883911471052,0.9683767512809077,Crítico,Crítico,Recuperación prioritaria,780,772,0,0,8145017.529284443,28600244.19,3896.0,999.0,0.953341473,0.953341473,100.0,"3896 días sin compensar | 999 días sin transacciones | consumo cupo 95% | saldo expuesto $28,600,244 | mora operativa Mayor a 60",Bloqueo/validación inmediata + gestión prioritaria,Enviar a recuperación/cartera prioritaria; no mezclar con alerta preventiva.
2026-05-02,30331,2026-04-30,BARRIO NUEVO BOSQUE 4 - CARTAGENA DE INDIAS,CERRADO CON SALDO,CERRADO CON SALDO,RECUPERACION,BOLÍVAR,CARTAGENA DE INDIAS,REDEBAN,0.4757211415005302,0.9867525831350733,Crítico,Crítico,Recuperación prioritaria,781,773,0,0,8134945.293127268,17100239.16,1926.0,999.0,1.140015944,1.140015944,100.0,"1926 días sin compensar | 999 días sin transacciones | consumo cupo 114% | saldo expuesto $17,100,239 | mora operativa Mayor a 60",Bloqueo/validación inmediata + gestión prioritaria,Enviar a recuperación/cartera prioritaria; no mezclar con alerta preventiva.
2026-05-02,31168,2026-04-30,BARRIO CENTRO COMERCIAL NUESTRO 2,CERRADO CON SALDO,CERRADO CON SALDO,RECUPERACION,CÓRDOBA,MONTERÍA,REDEBAN,0.5408410463835239,0.9899711262803969,Crítico,Crítico,Recuperación prioritaria,782,774,0,0,8122618.859185119,15018495.57,35.0,999.0,1.001233038,1.001233038,100.0,"35 días sin compensar | 999 días sin transacciones | consumo cupo 100% | saldo expuesto $15,018,496 | mora operativa Mayor a 60",Bloqueo/validación inmediata + gestión prioritaria,Enviar a recuperación/cartera prioritaria; no mezclar con alerta preventiva.
2026-05-02,48458,2026-04-30,BARRIO CAMELIAS VILLAVICENCIO,CERRADO CON SALDO,CERRADO CON SALDO,RECUPERACION,META,VILLAVICENCIO,REDEBAN,0.5407410691011412,0.989966811703494,Crítico,Crítico,Recuperación prioritaria,783,775,0,0,8110904.606759099,14999609.0,81.0,55.0,0.9999739333333333,0.9999739333333333,100.0,"81 días sin compensar | 55 días sin transacciones | consumo cupo 100% | saldo expuesto $14,999,609 | mora operativa 31-60",Bloqueo/validación inmediata + gestión prioritaria,Enviar a recuperación/cartera prioritaria; no mezclar con alerta preventiva.
2026-05-02,20578,2026-04-30,BARRIO EL JARDIN II - VILLA RICA,CERRADO CON SALDO,CERRADO CON SALDO,RECUPERACION,CAUCA,VILLA RICA,REDEBAN,0.3287532072032958,0.9745467656543301,Crítico,Crítico,Recuperación prioritaria,784,776,0,0,8103267.983597326,24648483.44,525.0,504.0,0.9859393376000001,0.9859393376000001,100.0,"525 días sin compensar | 504 días sin transacciones | consumo cupo 99% | saldo expuesto $24,648,483 | mora operativa Mayor a 60 | aparece en castigados: Inactividad",Bloqueo/validación inmediata + gestión prioritaria,Enviar a recuperación/cartera prioritaria; no mezclar con alerta preventiva.
2026-05-02,30714,2026-04-30,BARRIO TALAVERA,CERRADO CON SALDO,CERRADO CON SALDO,RECUPERACION,CUNDINAMARCA,BOGOTÁ,REDEBAN,0.5237999162017531,0.9892104289028264,Crítico,Crítico,Recuperación prioritaria,785,777,0,0,8092708.668651092,15449999.93,794.0,999.0,1.0299999953333334,1.0299999953333334,100.0,"794 días sin compensar | 999 días sin transacciones | consumo cupo 103% | saldo expuesto $15,450,000 | mora operativa Mayor a 60",Bloqueo/validación inmediata + gestión prioritaria,Enviar a recuperación/cartera prioritaria; no mezclar con alerta preventiva.
2026-05-02,12953,2026-04-30,PUERTO BOYACA III,CERRADO CON SALDO,CERRADO CON SALDO,RECUPERACION,BOYACÁ,PUERTO BOYACÁ,REDEBAN,0.2870576258736829,0.9687420171973646,Crítico,Crítico,Recuperación prioritaria,786,778,0,0,8076279.89961068,28134699.0,3839.0,999.0,0.9378233,0.9378233,100.0,"3839 días sin compensar | 999 días sin transacciones | consumo cupo 94% | saldo expuesto $28,134,699 | mora operativa Mayor a 60",Bloqueo/validación inmediata + gestión prioritaria,Enviar a recuperación/cartera prioritaria; no mezclar con alerta preventiva.
2026-05-02,52384,2026-04-30,BARRIO LOS ABETOS PLANETA RICA,CERRADO CON SALDO,CERRADO CON SALDO,RECUPERACION,CÓRDOBA,PLANETA RICA,REDEBAN,0.4805304357864757,0.9870217584074154,Crítico,Crítico,Recuperación prioritaria,787,779,0,0,8063617.862584681,16780660.0,822.0,821.0,1.1187106666666666,1.1187106666666666,100.0,"822 días sin compensar | 821 días sin transacciones | consumo cupo 112% | saldo expuesto $16,780,660 | mora operativa Mayor a 60 | aparece en castigados: Inactividad",Bloqueo/validación inmediata + gestión prioritaria,Enviar a recuperación/cartera prioritaria; no mezclar con alerta preventiva.
2026-05-02,54443,2026-04-30,BARRIO EL CENTRO SAN VICENTE DEL CAGUAN,CERRADO CON SALDO,CERRADO CON SALDO,RECUPERACION,CAQUETÁ,SAN VICENTE DEL CAGUÁN,REDEBAN,0.40310220605320785,0.981869351088514,Crítico,Crítico,Recuperación prioritaria,788,780,0,0,8060127.370074374,19995245.0,812.0,802.0,0.99976225,0.99976225,100.0,"812 días sin compensar | 802 días sin transacciones | consumo cupo 100% | saldo expuesto $19,995,245 | mora operativa Mayor a 60 | aparece en castigados: Asuntos Personales",Bloqueo/validación inmediata + gestión prioritaria,Enviar a recuperación/cartera prioritaria; no mezclar con alerta preventiva.
2026-05-02,55743,2026-04-30,BARRIO EL PROGRESO PUERTO LEGUIZAMO,CERRADO CON SALDO,CERRADO CON SALDO,RECUPERACION,PUTUMAYO,PUERTO LEGUÍZAMO,REDEBAN,0.5311810651074473,0.9895462708616236,Crítico,Crítico,Recuperación prioritaria,789,781,0,0,8040324.709944442,15136693.0,884.0,919.0,1.5136693,1.5136693,100.0,"884 días sin compensar | 919 días sin transacciones | consumo cupo 151% | saldo expuesto $15,136,693 | mora operativa Mayor a 60",Bloqueo/validación inmediata + gestión prioritaria,Enviar a recuperación/cartera prioritaria; no mezclar con alerta preventiva.
2026-05-02,32626,2026-04-30,BARRIO UBALA UBALA,CERRADO CON SALDO,CERRADO CON SALDO,RECUPERACION,CUNDINAMARCA,UBALÁ,REDEBAN,0.42368222877585665,0.9834301012711559,Crítico,Crítico,Recuperación prioritaria,790,782,0,0,8034829.476734974,18964282.5,2297.0,999.0,0.948214125,0.948214125,100.0,"2297 días sin compensar | 999 días sin transacciones | consumo cupo 95% | saldo expuesto $18,964,282 | mora operativa Mayor a 60",Bloqueo/validación inmediata + gestión prioritaria,Enviar a recuperación/cartera prioritaria; no mezclar con alerta preventiva.
2026-05-02,28284,2026-04-30,CENTRO BARAYA - HUILA,CERRADO CON SALDO,CERRADO CON SALDO,RECUPERACION,HUILA,BARAYA,REDEBAN,0.2963334374033323,0.9701764219909241,Crítico,Crítico,Recuperación prioritaria,791,783,0,0,8029267.991039817,27095383.03,3112.0,999.0,0.9031794343333334,0.9031794343333334,100.0,"3112 días sin compensar | 999 días sin transacciones | consumo cupo 90% | saldo expuesto $27,095,383 | mora operativa Mayor a 60",Bloqueo/validación inmediata + gestión prioritaria,Enviar a recuperación/cartera prioritaria; no mezclar con alerta preventiva.
2026-05-02,15590,2026-04-30,ALBANIA II GUAJIRA,CERRADO CON SALDO,CERRADO CON SALDO,RECUPERACION,LA GUAJIRA,ALBANIA,REDEBAN,0.4035532510734072,0.9819053243136971,Crítico,Crítico,Recuperación prioritaria,792,784,0,0,8024052.863530059,19883504.45,4102.0,999.0,0.9941752225,0.9941752225,100.0,"4102 días sin compensar | 999 días sin transacciones | consumo cupo 99% | saldo expuesto $19,883,504 | mora operativa Mayor a 60",Bloqueo/validación inmediata + gestión prioritaria,Enviar a recuperación/cartera prioritaria; no mezclar con alerta preventiva.
2026-05-02,33009,2026-04-30,BARRIO EL CENTRO OCAÑA OCAÑA,CERRADO CON SALDO,CERRADO CON SALDO,RECUPERACION,NORTE DE SANTANDER,OCAÑA,REDEBAN,0.3917749056086232,0.9809378687620612,Crítico,Crítico,Recuperación prioritaria,793,785,0,0,8011796.819696344,20450000.0,1172.0,1158.0,1.0225,1.0225,100.0,"1172 días sin compensar | 1158 días sin transacciones | consumo cupo 102% | saldo expuesto $20,450,000 | mora operativa Mayor a 60",Bloqueo/validación inmediata + gestión prioritaria,Enviar a recuperación/cartera prioritaria; no mezclar con alerta preventiva.
2026-05-02,27741,2026-04-30,LOS COLEGIOS RIONEGRO - ANTIOQUIA,CERRADO CON SALDO,CERRADO CON SALDO,RECUPERACION,ANTIOQUIA,RIONEGRO,REDEBAN,0.4339382293229533,0.9841506510994892,Crítico,Crítico,Recuperación prioritaria,794,786,0,0,8002371.234462628,18441268.12,2845.0,999.0,0.922063406,0.922063406,100.0,"2845 días sin compensar | 999 días sin transacciones | consumo cupo 92% | saldo expuesto $18,441,268 | mora operativa Mayor a 60",Bloqueo/validación inmediata + gestión prioritaria,Enviar a recuperación/cartera prioritaria; no mezclar con alerta preventiva.
2026-05-02,35104,2026-04-30,BARRIO ACACIAS TESALIA,CERRADO CON SALDO,CERRADO CON SALDO,RECUPERACION,HUILA,TESALIA,REDEBAN,0.3747446519153075,0.9794280322478769,Crítico,Crítico,Recuperación prioritaria,795,787,0,0,7997274.6618838925,21340597.18,1255.0,999.0,1.4227064786666666,1.4227064786666666,100.0,"1255 días sin compensar | 999 días sin transacciones | consumo cupo 142% | saldo expuesto $21,340,597 | mora operativa Mayor a 60",Bloqueo/validación inmediata + gestión prioritaria,Enviar a recuperación/cartera prioritaria; no mezclar con alerta preventiva.
2026-05-02,29083,2026-04-30,BARRIO JOSÉ ANTONIO GALAN BOGOTÁ,CERRADO CON SALDO,CERRADO CON SALDO,RECUPERACION,CUNDINAMARCA,BOGOTÁ,REDEBAN,0.5169350567157491,0.9888889570946066,Crítico,Crítico,Recuperación prioritaria,796,788,0,0,7986646.466008456,15449999.69,1254.0,999.0,1.544999969,1.544999969,100.0,"1254 días sin compensar | 999 días sin transacciones | consumo cupo 154% | saldo expuesto $15,450,000 | mora operativa Mayor a 60",Bloqueo/validación inmediata + gestión prioritaria,Enviar a recuperación/cartera prioritaria; no mezclar con alerta preventiva.
2026-05-02,49853,2026-04-30,BARRIO CENTRO BARRANQUILLA 25,CERRADO CON SALDO,CERRADO CON SALDO,RECUPERACION,ATLÁNTICO,BARRANQUILLA,REDEBAN,0.5335216655878137,0.9896507119474285,Crítico,Crítico,Recuperación prioritaria,797,789,0,0,7947408.621934264,14896131.0,1591.0,999.0,1.4896131,1.4896131,100.0,"1591 días sin compensar | 999 días sin transacciones | consumo cupo 149% | saldo expuesto $14,896,131 | mora operativa Mayor a 60",Bloqueo/validación inmediata + gestión prioritaria,Enviar a recuperación/cartera prioritaria; no mezclar con alerta preventiva.
2026-05-02,30624,2026-04-30,BARRIO EL ALIVIO  MONTERIA,CERRADO CON SALDO,CERRADO CON SALDO,RECUPERACION,CÓRDOBA,MONTERÍA,REDEBAN,0.5408410463835239,0.9899711262803969,Crítico,Crítico,Recuperación prioritaria,798,790,0,0,7930339.477639275,14662976.36,1614.0,999.0,0.9775317573333333,0.9775317573333333,100.0,"1614 días sin compensar | 999 días sin transacciones | consumo cupo 98% | saldo expuesto $14,662,976 | mora operativa Mayor a 60",Bloqueo/validación inmediata + gestión prioritaria,Enviar a recuperación/cartera prioritaria; no mezclar con alerta preventiva.
2026-05-02,37432,2026-04-30,BARRIO CENTRO SINCELEJO 5,CERRADO CON SALDO,CERRADO CON SALDO,RECUPERACION,SUCRE,SINCELEJO,REDEBAN,0.4022495983034888,0.9818011233233417,Crítico,Crítico,Recuperación prioritaria,799,791,0,0,7929184.306718201,19712100.0,609.0,606.0,0.985605,0.985605,100.0,"609 días sin compensar | 606 días sin transacciones | consumo cupo 99% | saldo expuesto $19,712,100 | mora operativa Mayor a 60 | aparece en castigados: Inactividad",Bloqueo/validación inmediata + gestión prioritaria,Enviar a recuperación/cartera prioritaria; no mezclar con alerta preventiva.
2026-05-02,43738,2026-04-30,BARRIO CENTRO PUERTO GAITAN META PUERTO GAITAN 2,CERRADO CON SALDO,CERRADO CON SALDO,RECUPERACION,META,PUERTO GAITÁN,REDEBAN,0.304803727248582,0.9714092268522402,Crítico,Crítico,Recuperación prioritaria,800,792,0,0,7928156.479522329,26010694.0,1393.0,999.0,1.04042776,1.04042776,100.0,"1393 días sin compensar | 999 días sin transacciones | consumo cupo 104% | saldo expuesto $26,010,694 | mora operativa Mayor a 60",Bloqueo/validación inmediata + gestión prioritaria,Enviar a recuperación/cartera prioritaria; no mezclar con alerta preventiva.
2026-05-02,48517,2026-04-30,BARRIO OTRO MONTERIA 1,CERRADO CON SALDO,CERRADO CON SALDO,RECUPERACION,CÓRDOBA,MONTERÍA,REDEBAN,0.5635322520018707,0.9909082937549019,Crítico,Crítico,Recuperación prioritaria,801,793,0,0,7925848.177079302,14064586.63,1040.0,1093.0,1.406458663,1.406458663,100.0,"1040 días sin compensar | 1093 días sin transacciones | consumo cupo 141% | saldo expuesto $14,064,587 | mora operativa Mayor a 60",Bloqueo/validación inmediata + gestión prioritaria,Enviar a recuperación/cartera prioritaria; no mezclar con alerta preventiva.
2026-05-02,10299,2026-04-30,HELICONIA II - ANTIOQUIA,CERRADO CON SALDO,CERRADO CON SALDO,RECUPERACION,ANTIOQUIA,HELICONIA,REDEBAN,0.22769379855403876,0.9567842233341012,Crítico,Crítico,Recuperación prioritaria,802,794,0,0,7923904.02389632,34800701.97,4069.0,999.0,0.9943057705714285,0.9943057705714285,100.0,"4069 días sin compensar | 999 días sin transacciones | consumo cupo 99% | saldo expuesto $34,800,702 | mora operativa Mayor a 60",Bloqueo/validación inmediata + gestión prioritaria,Enviar a recuperación/cartera prioritaria; no mezclar con alerta preventiva.
2026-05-02,33716,2026-04-30,BARRIO LA GRANJA MONTERIA,CERRADO CON SALDO,CERRADO CON SALDO,RECUPERACION,CÓRDOBA,MONTERÍA,REDEBAN,0.5500155687271766,0.9903599634354077,Crítico,Crítico,Recuperación prioritaria,803,795,0,0,7919364.0643246565,14398436.18,703.0,911.0,0.9598957453333333,0.9598957453333333,100.0,"703 días sin compensar | 911 días sin transacciones | consumo cupo 96% | saldo expuesto $14,398,436 | mora operativa Mayor a 60",Bloqueo/validación inmediata + gestión prioritaria,Enviar a recuperación/cartera prioritaria; no mezclar con alerta preventiva.
2026-05-02,10180,2026-04-30,ANCUYA - NARIÑO,CERRADO CON SALDO,CERRADO CON SALDO,RECUPERACION,NARIÑO,ANCUYÁ,REDEBAN,0.32441166036479546,0.974012910022725,Crítico,Crítico,Recuperación prioritaria,804,796,0,0,7905912.065766567,24369999.7,1648.0,999.0,0.6092499925,0.6092499925,100.0,"1648 días sin compensar | 999 días sin transacciones | saldo expuesto $24,370,000 | mora operativa Mayor a 60",Bloqueo/validación inmediata + gestión prioritaria,Enviar a recuperación/cartera prioritaria; no mezclar con alerta preventiva.
2026-05-02,18353,2026-04-30,BARRIO SANTA ELENA VILLAVICENCIO,CERRADO CON SALDO,CERRADO CON SALDO,RECUPERACION,META,VILLAVICENCIO,REDEBAN,0.356193244187824,0.9776142625541868,Crítico,Crítico,Recuperación prioritaria,805,797,0,0,7903259.513808474,22188123.0,3053.0,999.0,0.999465,0.999465,100.0,"3053 días sin compensar | 999 días sin transacciones | consumo cupo 100% | saldo expuesto $22,188,123 | mora operativa Mayor a 60",Bloqueo/validación inmediata + gestión prioritaria,Enviar a recuperación/cartera prioritaria; no mezclar con alerta preventiva.
2026-05-02,18505,2026-04-30,CENTRO SIACHOQUE,CERRADO CON SALDO,CERRADO CON SALDO,RECUPERACION,BOYACÁ,SIACHOQUE,REDEBAN,0.2848700134905942,0.9683899912578234,Crítico,Crítico,Recuperación prioritaria,806,798,0,0,7901412.681005438,27736905.63,1523.0,999.0,0.9245635209999999,0.9245635209999999,100.0,"1523 días sin compensar | 999 días sin transacciones | consumo cupo 92% | saldo expuesto $27,736,906 | mora operativa Mayor a 60",Bloqueo/validación inmediata + gestión prioritaria,Enviar a recuperación/cartera prioritaria; no mezclar con alerta preventiva.
2026-05-02,16300,2026-04-30,BARRIO CENTRO II GUADALAJARA DE BUGA,CERRADO CON SALDO,CERRADO CON SALDO,RECUPERACION,VALLE DEL CAUCA,GUADALAJARA DE BUGA,REDEBAN,0.4082742666130662,0.9822769198028829,Crítico,Crítico,Recuperación prioritaria,807,799,0,0,7900410.815017191,19350744.0,2900.0,999.0,0.9675372,0.9675372,100.0,"2900 días sin compensar | 999 días sin transacciones | consumo cupo 97% | saldo expuesto $19,350,744 | mora operativa Mayor a 60",Bloqueo/validación inmediata + gestión prioritaria,Enviar a recuperación/cartera prioritaria; no mezclar con alerta preventiva.
2026-05-02,28684,2026-04-30,CENTRO MOCOA - PUTUMAYO,CERRADO CON SALDO,CERRADO CON SALDO,RECUPERACION,PUTUMAYO,MOCOA,REDEBAN,0.3284424619171382,0.9745090322766546,Crítico,Crítico,Recuperación prioritaria,808,800,0,0,7899041.209107175,24050000.0,1864.0,999.0,0.962,0.962,100.0,"1864 días sin compensar | 999 días sin transacciones | consumo cupo 96% | saldo expuesto $24,050,000 | mora operativa Mayor a 60",Bloqueo/validación inmediata + gestión prioritaria,Enviar a recuperación/cartera prioritaria; no mezclar con alerta preventiva.
2026-05-02,51514,2026-04-30,BARRIO 7 DE ABRIL BARRANQUILLA,CERRADO CON SALDO,CERRADO CON SALDO,RECUPERACION,ATLÁNTICO,BARRANQUILLA,REDEBAN,0.5335216655878137,0.9896507119474285,Crítico,Crítico,Recuperación prioritaria,809,801,0,0,7898405.414550789,14804282.42,241.0,999.0,1.480428242,1.480428242,100.0,"241 días sin compensar | 999 días sin transacciones | consumo cupo 148% | saldo expuesto $14,804,282 | mora operativa Mayor a 60",Bloqueo/validación inmediata + gestión prioritaria,Enviar a recuperación/cartera prioritaria; no mezclar con alerta preventiva.
2026-05-02,25018,2026-04-30,BARRIO MONTEBLANCO - BOGOTÁ,CERRADO CON SALDO,CERRADO CON SALDO,RECUPERACION,CUNDINAMARCA,BOGOTÁ,REDEBAN,0.5253834508826926,0.9892833221105607,Crítico,Crítico,Recuperación prioritaria,810,802,0,0,7875814.551068236,14990602.65,2723.0,999.0,0.9993735100000001,0.9993735100000001,100.0,"2723 días sin compensar | 999 días sin transacciones | consumo cupo 100% | saldo expuesto $14,990,603 | mora operativa Mayor a 60",Bloqueo/validación inmediata + gestión prioritaria,Enviar a recuperación/cartera prioritaria; no mezclar con alerta preventiva.
2026-05-02,24015,2026-04-30,BARRIO SIGIFREDO ZULETA - LA VIRGINIA,CERRADO CON SALDO,CERRADO CON SALDO,RECUPERACION,RISARALDA,LA VIRGINIA,REDEBAN,0.2808783962691416,0.9677334301637723,Crítico,Crítico,Recuperación prioritaria,811,803,0,0,7873823.91700218,28032857.0,500.0,618.0,0.9344285666666666,0.9344285666666666,100.0,"500 días sin compensar | 618 días sin transacciones | consumo cupo 93% | saldo expuesto $28,032,857 | mora operativa Mayor a 60 | aparece en castigados: Inactividad",Bloqueo/validación inmediata + gestión prioritaria,Enviar a recuperación/cartera prioritaria; no mezclar con alerta preventiva.
2026-05-02,17300,2026-04-30,CL COMERCIO GIRALDO ANTIOQUIA,CERRADO CON SALDO,CERRADO CON SALDO,RECUPERACION,ANTIOQUIA,GIRALDO,REDEBAN,0.40746612243955477,0.982213941732376,Crítico,Alto,Recuperación prioritaria,812,804,0,0,7872213.295708525,19319921.0,22.0,606.0,0.6439973666666666,0.6439973666666666,75.0,"606 días sin transacciones | saldo expuesto $19,319,921 | mora operativa Mayor a 60 | aparece en castigados: Confidencial",Contacto el mismo día + seguimiento de compensación,Enviar a recuperación/cartera prioritaria; no mezclar con alerta preventiva.
2026-05-02,41698,2026-04-30,BARRIO CENTRO PEREIRA 21,CERRADO CON SALDO,CERRADO CON SALDO,RECUPERACION,RISARALDA,PEREIRA,REDEBAN,0.3507290826443837,0.9770425158274867,Crítico,Crítico,Recuperación prioritaria,813,805,0,0,7865807.446081789,22427017.99,996.0,999.0,1.4951345326666665,1.4951345326666665,100.0,"996 días sin compensar | 999 días sin transacciones | consumo cupo 150% | saldo expuesto $22,427,018 | mora operativa Mayor a 60",Bloqueo/validación inmediata + gestión prioritaria,Enviar a recuperación/cartera prioritaria; no mezclar con alerta preventiva.
2026-05-02,29211,2026-04-30,BARRIO BOSA RECREO 3 BOGOTÁ,CERRADO CON SALDO,CERRADO CON SALDO,RECUPERACION,CUNDINAMARCA,BOGOTÁ,REDEBAN,0.526920316733349,0.9893536234361517,Crítico,Crítico,Recuperación prioritaria,814,806,0,0,7859301.003087702,14915539.89,1233.0,999.0,0.994369326,0.994369326,100.0,"1233 días sin compensar | 999 días sin transacciones | consumo cupo 99% | saldo expuesto $14,915,540 | mora operativa Mayor a 60",Bloqueo/validación inmediata + gestión prioritaria,Enviar a recuperación/cartera prioritaria; no mezclar con alerta preventiva.
2026-05-02,29664,2026-04-30,BARRIO CAMPAMENTO POPAYÁN,CERRADO CON SALDO,CERRADO CON SALDO,RECUPERACION,CAUCA,POPAYÁN,REDEBAN,0.31692597368840336,0.9730574950209006,Crítico,Crítico,Recuperación prioritaria,815,807,0,0,7854650.962059966,24783866.31,2529.0,999.0,0.9913546524,0.9913546524,100.0,"2529 días sin compensar | 999 días sin transacciones | consumo cupo 99% | saldo expuesto $24,783,866 | mora operativa Mayor a 60",Bloqueo/validación inmediata + gestión prioritaria,Enviar a recuperación/cartera prioritaria; no mezclar con alerta preventiva.
2026-05-02,42163,2026-04-30,BARRIO PALENQUE MEDELLIN,CERRADO CON SALDO,CERRADO CON SALDO,RECUPERACION,ANTIOQUIA,MEDELLÍN,REDEBAN,0.48748508605310903,0.9874011574138326,Crítico,Crítico,Recuperación prioritaria,816,808,0,0,7851585.91634805,16106310.0,400.0,999.0,1.073754,1.073754,100.0,"400 días sin compensar | 999 días sin transacciones | consumo cupo 107% | saldo expuesto $16,106,310 | mora operativa Mayor a 60",Bloqueo/validación inmediata + gestión prioritaria,Enviar a recuperación/cartera prioritaria; no mezclar con alerta preventiva.
2026-05-02,42646,2026-04-30,BARRIO CENTRO VILLA DE LEYVA,CERRADO CON SALDO,CERRADO CON SALDO,RECUPERACION,BOYACÁ,VILLA DE LEYVA,REDEBAN,0.512963187977813,0.9886988029157212,Crítico,Crítico,Recuperación prioritaria,817,809,0,0,7847389.8460155325,15298154.0,427.0,636.0,0.39226035897435896,0.39226035897435896,100.0,"427 días sin compensar | 636 días sin transacciones | saldo expuesto $15,298,154 | mora operativa Mayor a 60 | aparece en castigados: Inactividad",Bloqueo/validación inmediata + gestión prioritaria,Enviar a recuperación/cartera prioritaria; no mezclar con alerta preventiva.
2026-05-02,59374,2026-04-30,BARRIO CENTRO NUEVA GRANADA 1,CERRADO CON SALDO,CERRADO CON SALDO,RECUPERACION,MAGDALENA,NUEVA GRANADA,REDEBAN,0.5864476770124782,0.9917763103391092,Crítico,Crítico,Recuperación prioritaria,818,810,0,0,7847072.22153339,13380686.0,771.0,723.0,0.8920457333333334,0.8920457333333334,100.0,"771 días sin compensar | 723 días sin transacciones | consumo cupo 89% | saldo expuesto $13,380,686 | mora operativa Mayor a 60 | aparece en castigados: Inactividad",Bloqueo/validación inmediata + gestión prioritaria,Enviar a recuperación/cartera prioritaria; no mezclar con alerta preventiva.
2026-05-02,63177,2026-04-30,BARRIO LA PEPITA BOGOTA 2,CERRADO CON SALDO,CERRADO CON SALDO,RECUPERACION,CUNDINAMARCA,BOGOTÁ,REDEBAN,0.5686842125269076,0.9911099754652974,Crítico,Crítico,Recuperación prioritaria,819,811,0,0,7836331.395725568,13779759.0,59.0,395.0,0.49213425,0.49213425,100.0,"59 días sin compensar | 395 días sin transacciones | saldo expuesto $13,779,759 | mora operativa Mayor a 60 | aparece en castigados: Inactividad",Bloqueo/validación inmediata + gestión prioritaria,Enviar a recuperación/cartera prioritaria; no mezclar con alerta preventiva.
2026-05-02,11106,2026-04-30,BARRIO ANTONIA SANTOS,CERRADO CON SALDO,CERRADO CON SALDO,RECUPERACION,NORTE DE SANTANDER,CÚCUTA,REDEBAN,0.3922967632544949,0.9809820031808972,Crítico,Crítico,Recuperación prioritaria,820,812,0,0,7836081.982593944,19974883.09,2695.0,999.0,0.6658294363333334,0.6658294363333334,100.0,"2695 días sin compensar | 999 días sin transacciones | saldo expuesto $19,974,883 | mora operativa Mayor a 60",Bloqueo/validación inmediata + gestión prioritaria,Enviar a recuperación/cartera prioritaria; no mezclar con alerta preventiva.
2026-05-02,10503,2026-04-30,MIRAFLORES II - BOYACA,CERRADO CON SALDO,CERRADO CON SALDO,RECUPERACION,BOYACÁ,MIRAFLORES,REDEBAN,0.39197617854274613,0.9809549051262737,Crítico,Crítico,Recuperación prioritaria,821,813,0,0,7833227.492684699,19983937.6,1310.0,999.0,0.9991968800000001,0.9991968800000001,100.0,"1310 días sin compensar | 999 días sin transacciones | consumo cupo 100% | saldo expuesto $19,983,938 | mora operativa Mayor a 60",Bloqueo/validación inmediata + gestión prioritaria,Enviar a recuperación/cartera prioritaria; no mezclar con alerta preventiva.
2026-05-02,27621,2026-04-30,BARRIO VERGANZO - TOCANCIPÁ,CERRADO CON SALDO,CERRADO CON SALDO,RECUPERACION,CUNDINAMARCA,TOCANCIPÁ,REDEBAN,0.42000359326058667,0.983162747245715,Crítico,Crítico,Recuperación prioritaria,822,814,0,0,7832662.31564762,18649036.44,2499.0,999.0,0.9324518220000001,0.9324518220000001,100.0,"2499 días sin compensar | 999 días sin transacciones | consumo cupo 93% | saldo expuesto $18,649,036 | mora operativa Mayor a 60",Bloqueo/validación inmediata + gestión prioritaria,Enviar a recuperación/cartera prioritaria; no mezclar con alerta preventiva.
2026-05-02,66608,2026-04-30,BARRIO JERICO BOGOTA,CERRADO CON SALDO,CERRADO CON SALDO,RECUPERACION,CUNDINAMARCA,BOGOTÁ,REDEBAN,0.5830084364996206,0.9916506967863313,Crítico,Crítico,Recuperación prioritaria,823,815,0,0,7822518.6117758425,13417505.0,30.0,401.0,0.47919660714285717,0.47919660714285717,100.0,"30 días sin compensar | 401 días sin transacciones | saldo expuesto $13,417,505 | mora operativa Mayor a 60 | aparece en castigados: Inactividad",Bloqueo/validación inmediata + gestión prioritaria,Enviar a recuperación/cartera prioritaria; no mezclar con alerta preventiva.
2026-05-02,36217,2026-04-30,BARRIO LA NUEVA JERUSALEN BELLO,CERRADO CON SALDO,CERRADO CON SALDO,RECUPERACION,ANTIOQUIA,BELLO,REDEBAN,0.507311375383431,0.988422796787583,Crítico,Crítico,Recuperación prioritaria,824,816,0,0,7812737.2585286265,15400280.06,2060.0,999.0,0.770014003,0.770014003,100.0,"2060 días sin compensar | 999 días sin transacciones | consumo cupo 77% | saldo expuesto $15,400,280 | mora operativa Mayor a 60",Bloqueo/validación inmediata + gestión prioritaria,Enviar a recuperación/cartera prioritaria; no mezclar con alerta preventiva.
2026-05-02,59255,2026-04-30,BARRIO CENTRO CALAMAR,CERRADO CON SALDO,CERRADO CON SALDO,RECUPERACION,GUAVIARE,CALAMAR,REDEBAN,0.5074193522543392,0.9884281306532544,Crítico,Crítico,Recuperación prioritaria,825,817,0,0,7812274.522468861,15396091.0,241.0,999.0,1.0264060666666666,1.0264060666666666,100.0,"241 días sin compensar | 999 días sin transacciones | consumo cupo 103% | saldo expuesto $15,396,091 | mora operativa Mayor a 60",Bloqueo/validación inmediata + gestión prioritaria,Enviar a recuperación/cartera prioritaria; no mezclar con alerta preventiva.
2026-05-02,11160,2026-04-30,SAN JUAN NEPOMUCENO - BOLIVAR,CERRADO CON SALDO,CERRADO CON SALDO,RECUPERACION,BOLÍVAR,SAN JUAN NEPOMUCENO,REDEBAN,0.3442589718893267,0.9763414974239341,Crítico,Crítico,Recuperación prioritaria,826,818,0,0,7808122.931400849,22680956.98,3026.0,999.0,0.5040212662222222,0.5040212662222222,100.0,"3026 días sin compensar | 999 días sin transacciones | saldo expuesto $22,680,957 | mora operativa Mayor a 60",Bloqueo/validación inmediata + gestión prioritaria,Enviar a recuperación/cartera prioritaria; no mezclar con alerta preventiva.
2026-05-02,16277,2026-04-30,BARRIO CHICALA II BOGOTA,CERRADO CON SALDO,CERRADO CON SALDO,RECUPERACION,CUNDINAMARCA,BOGOTÁ,REDEBAN,0.530291943743856,0.9895063406398842,Crítico,Crítico,Recuperación prioritaria,827,819,0,0,7795812.855318303,14700983.01,3251.0,999.0,0.980065534,0.980065534,100.0,"3251 días sin compensar | 999 días sin transacciones | consumo cupo 98% | saldo expuesto $14,700,983 | mora operativa Mayor a 60",Bloqueo/validación inmediata + gestión prioritaria,Enviar a recuperación/cartera prioritaria; no mezclar con alerta preventiva.
2026-05-02,20730,2026-04-30,PARQUE PRINCIPAL HERVEO - TOLIMA,CERRADO CON SALDO,CERRADO CON SALDO,RECUPERACION,TOLIMA,HERVEO,REDEBAN,0.2937182167146417,0.9697812643079067,Crítico,Crítico,Recuperación prioritaria,828,820,0,0,7785624.604077447,26507122.0,659.0,814.0,0.8835707333333334,0.8835707333333334,100.0,"659 días sin compensar | 814 días sin transacciones | consumo cupo 88% | saldo expuesto $26,507,122 | mora operativa Mayor a 60 | aparece en castigados: Inactividad",Bloqueo/validación inmediata + gestión prioritaria,Enviar a recuperación/cartera prioritaria; no mezclar con alerta preventiva.
2026-05-02,32983,2026-04-30,BARRIO EL CARMEN SIBATE,CERRADO CON SALDO,CERRADO CON SALDO,RECUPERACION,CUNDINAMARCA,SIBATÉ,REDEBAN,0.2836753474976199,0.9681954381156773,Crítico,Crítico,Recuperación prioritaria,829,821,0,0,7773986.626208843,27404519.62,388.0,658.0,0.9134839873333334,0.9134839873333334,100.0,"388 días sin compensar | 658 días sin transacciones | consumo cupo 91% | saldo expuesto $27,404,520 | mora operativa Mayor a 60 | aparece en castigados: Confidencial",Bloqueo/validación inmediata + gestión prioritaria,Enviar a recuperación/cartera prioritaria; no mezclar con alerta preventiva.
2026-05-02,61131,2026-04-30,BARRIO CARTAGENITA CIENAGA DE ORO,CERRADO CON SALDO,CERRADO CON SALDO,RECUPERACION,CÓRDOBA,CIÉNAGA DE ORO,REDEBAN,0.5030951934482442,0.9882126362038938,Crítico,Crítico,Recuperación prioritaria,830,822,0,0,7772477.124758247,15449317.0,1182.0,1170.0,1.0299544666666667,1.0299544666666667,100.0,"1182 días sin compensar | 1170 días sin transacciones | consumo cupo 103% | saldo expuesto $15,449,317 | mora operativa Mayor a 60",Bloqueo/validación inmediata + gestión prioritaria,Enviar a recuperación/cartera prioritaria; no mezclar con alerta preventiva.
2026-05-02,27985,2026-04-30,BARRIO SANTA RITA 4 MEDELLÍN,CERRADO CON SALDO,CERRADO CON SALDO,RECUPERACION,ANTIOQUIA,MEDELLÍN,REDEBAN,0.4975573153819768,0.9879308871779025,Crítico,Crítico,Recuperación prioritaria,831,823,0,0,7761795.762828733,15599802.32,2397.0,999.0,1.0399868213333334,1.0399868213333334,100.0,"2397 días sin compensar | 999 días sin transacciones | consumo cupo 104% | saldo expuesto $15,599,802 | mora operativa Mayor a 60",Bloqueo/validación inmediata + gestión prioritaria,Enviar a recuperación/cartera prioritaria; no mezclar con alerta preventiva.
2026-05-02,15553,2026-04-30,BARRIO CENTRO III GRANADA,CERRADO CON SALDO,CERRADO CON SALDO,RECUPERACION,META,GRANADA,REDEBAN,0.2940806237558622,0.9698364474653894,Crítico,Crítico,Recuperación prioritaria,832,824,0,0,7748045.235714049,26346670.3,226.0,999.0,0.7025778746666667,0.7025778746666667,100.0,"226 días sin compensar | 999 días sin transacciones | consumo cupo 70% | saldo expuesto $26,346,670 | mora operativa Mayor a 60",Bloqueo/validación inmediata + gestión prioritaria,Enviar a recuperación/cartera prioritaria; no mezclar con alerta preventiva.
2026-05-02,21742,2026-04-30,BARRIO CENTRO - SANTA ANA,CERRADO CON SALDO,CERRADO CON SALDO,RECUPERACION,MAGDALENA,SANTA ANA,REDEBAN,0.3634920417658778,0.9783505277597518,Crítico,Crítico,Recuperación prioritaria,833,825,0,0,7747013.704574361,21312746.4,2934.0,999.0,0.53281866,0.53281866,100.0,"2934 días sin compensar | 999 días sin transacciones | saldo expuesto $21,312,746 | mora operativa Mayor a 60",Bloqueo/validación inmediata + gestión prioritaria,Enviar a recuperación/cartera prioritaria; no mezclar con alerta preventiva.
2026-05-02,62320,2026-04-30,BARRIO CENTRO ZONA BANANERA 6,CERRADO CON SALDO,CERRADO CON SALDO,RECUPERACION,MAGDALENA,ZONA BANANERA,REDEBAN,0.5014120155837082,0.9881276952045273,Crítico,Crítico,Recuperación prioritaria,834,826,0,0,7744665.084633453,15445711.0,1124.0,1059.0,0.5073197666495619,0.5073197666495619,100.0,"1124 días sin compensar | 1059 días sin transacciones | saldo expuesto $15,445,711 | mora operativa Mayor a 60",Bloqueo/validación inmediata + gestión prioritaria,Enviar a recuperación/cartera prioritaria; no mezclar con alerta preventiva.
2026-05-02,35047,2026-04-30,BARRIO FLORALIA BOGOTA,CERRADO CON SALDO,CERRADO CON SALDO,RECUPERACION,CUNDINAMARCA,BOGOTÁ,REDEBAN,0.5161715367432009,0.9888526434842144,Crítico,Crítico,Recuperación prioritaria,835,827,0,0,7742151.607411694,14999183.52,1803.0,999.0,0.999945568,0.999945568,100.0,"1803 días sin compensar | 999 días sin transacciones | consumo cupo 100% | saldo expuesto $14,999,184 | mora operativa Mayor a 60",Bloqueo/validación inmediata + gestión prioritaria,Enviar a recuperación/cartera prioritaria; no mezclar con alerta preventiva.
2026-05-02,36450,2026-04-30,BARRIO CENTRO BERBEO,CERRADO CON SALDO,CERRADO CON SALDO,RECUPERACION,BOYACÁ,BERBEO,REDEBAN,0.3797032999972655,0.9798820354745565,Crítico,Crítico,Recuperación prioritaria,836,828,0,0,7740493.641446355,20385637.0,884.0,1179.0,1.01928185,1.01928185,100.0,"884 días sin compensar | 1179 días sin transacciones | consumo cupo 102% | saldo expuesto $20,385,637 | mora operativa Mayor a 60",Bloqueo/validación inmediata + gestión prioritaria,Enviar a recuperación/cartera prioritaria; no mezclar con alerta preventiva.
2026-05-02,29212,2026-04-30,BARRIO SUBA RINCON 5 BOGOTÁ,CERRADO CON SALDO,CERRADO CON SALDO,RECUPERACION,CUNDINAMARCA,BOGOTÁ,REDEBAN,0.5169350567157491,0.9888889570946066,Crítico,Crítico,Recuperación prioritaria,837,829,0,0,7739438.010637276,14971780.13,1997.0,999.0,1.497178013,1.497178013,100.0,"1997 días sin compensar | 999 días sin transacciones | consumo cupo 150% | saldo expuesto $14,971,780 | mora operativa Mayor a 60",Bloqueo/validación inmediata + gestión prioritaria,Enviar a recuperación/cartera prioritaria; no mezclar con alerta preventiva.
2026-05-02,31429,2026-04-30,BARRIO CENTRO 3,CERRADO CON SALDO,CERRADO CON SALDO,RECUPERACION,ARAUCA,ARAUCA,REDEBAN,0.3095085064719647,0.9720644827278474,Crítico,Crítico,Recuperación prioritaria,838,830,0,0,7737712.661799118,25000000.0,456.0,638.0,1.0,1.0,100.0,"456 días sin compensar | 638 días sin transacciones | consumo cupo 100% | saldo expuesto $25,000,000 | mora operativa Mayor a 60 | aparece en castigados: Inactividad",Bloqueo/validación inmediata + gestión prioritaria,Enviar a recuperación/cartera prioritaria; no mezclar con alerta preventiva.
2026-05-02,61142,2026-04-30,BARRIO LAS GAVIOTAS SANTA BARBARA DE PINTO,CERRADO CON SALDO,CERRADO CON SALDO,RECUPERACION,MAGDALENA,SANTA BÁRBARA DE PINTO,REDEBAN,0.5028662353276335,0.9882011171253722,Crítico,Crítico,Recuperación prioritaria,839,831,0,0,7737099.89675097,15386000.0,836.0,826.0,2.198,2.198,100.0,"836 días sin compensar | 826 días sin transacciones | consumo cupo 220% | saldo expuesto $15,386,000 | mora operativa Mayor a 60 | aparece en castigados: Inactividad",Bloqueo/validación inmediata + gestión prioritaria,Enviar a recuperación/cartera prioritaria; no mezclar con alerta preventiva.
2026-05-02,12690,2026-04-30,BARRIO LA CUMBRE V - FLORIDABLANCA,CERRADO CON SALDO,CERRADO CON SALDO,RECUPERACION,SANTANDER,FLORIDABLANCA,REDEBAN,0.3872196381051706,0.9805474124572726,Crítico,Crítico,Recuperación prioritaria,840,832,0,0,7732489.8821208235,19969260.65,3158.0,999.0,0.9984630324999999,0.9984630324999999,100.0,"3158 días sin compensar | 999 días sin transacciones | consumo cupo 100% | saldo expuesto $19,969,261 | mora operativa Mayor a 60",Bloqueo/validación inmediata + gestión prioritaria,Enviar a recuperación/cartera prioritaria; no mezclar con alerta preventiva.
2026-05-02,48757,2026-04-30,BARRIO CENTRO SOTARA,CERRADO CON SALDO,CERRADO CON SALDO,RECUPERACION,CAUCA,SOTARA,REDEBAN,0.38670551901589495,0.9805027490773377,Crítico,Crítico,Recuperación prioritaria,841,833,0,0,7725972.162670209,19978955.0,1150.0,1179.0,1.3319303333333334,1.3319303333333334,100.0,"1150 días sin compensar | 1179 días sin transacciones | consumo cupo 133% | saldo expuesto $19,978,955 | mora operativa Mayor a 60",Bloqueo/validación inmediata + gestión prioritaria,Enviar a recuperación/cartera prioritaria; no mezclar con alerta preventiva.
2026-05-02,28812,2026-04-30,BARRIO CENTRO EL PEÑON,CERRADO CON SALDO,CERRADO CON SALDO,RECUPERACION,CUNDINAMARCA,EL PEÑÓN,REDEBAN,0.42119036459096326,0.983249528149188,Crítico,Crítico,Recuperación prioritaria,842,834,0,0,7719171.395902074,18327037.0,1162.0,999.0,0.91635185,0.91635185,100.0,"1162 días sin compensar | 999 días sin transacciones | consumo cupo 92% | saldo expuesto $18,327,037 | mora operativa Mayor a 60",Bloqueo/validación inmediata + gestión prioritaria,Enviar a recuperación/cartera prioritaria; no mezclar con alerta preventiva.
2026-05-02,46751,2026-04-30,BARRIO EL SALADO IBAGUE 2,CERRADO CON SALDO,CERRADO CON SALDO,RECUPERACION,TOLIMA,IBAGUÉ,REDEBAN,0.5145572407601929,0.9887754912467993,Crítico,Crítico,Recuperación prioritaria,843,835,0,0,7718358.323250839,14999999.44,1645.0,999.0,0.9999999626666667,0.9999999626666667,100.0,"1645 días sin compensar | 999 días sin transacciones | consumo cupo 100% | saldo expuesto $14,999,999 | mora operativa Mayor a 60",Bloqueo/validación inmediata + gestión prioritaria,Enviar a recuperación/cartera prioritaria; no mezclar con alerta preventiva.
2026-05-02,46478,2026-04-30,BARRIO IBAGUE 2000 IBAGUE,CERRADO CON SALDO,CERRADO CON SALDO,RECUPERACION,TOLIMA,IBAGUÉ,REDEBAN,0.5145572407601929,0.9887754912467993,Crítico,Crítico,Recuperación prioritaria,844,836,0,0,7718135.808117645,14999567.0,1687.0,999.0,0.9999711333333333,0.9999711333333333,100.0,"1687 días sin compensar | 999 días sin transacciones | consumo cupo 100% | saldo expuesto $14,999,567 | mora operativa Mayor a 60",Bloqueo/validación inmediata + gestión prioritaria,Enviar a recuperación/cartera prioritaria; no mezclar con alerta preventiva.
2026-05-02,68155,2026-04-30,BARRIO CENTRO BECERRIL 7,CERRADO CON SALDO,CERRADO CON SALDO,RECUPERACION,CESAR,BECERRIL,REDEBAN,0.5657551368220999,0.9909957936974324,Crítico,Crítico,Recuperación prioritaria,845,837,0,0,7716756.36444869,13639746.0,288.0,374.0,0.9093164,0.9093164,100.0,"288 días sin compensar | 374 días sin transacciones | consumo cupo 91% | saldo expuesto $13,639,746 | mora operativa Mayor a 60 | aparece en castigados: Confidencial",Bloqueo/validación inmediata + gestión prioritaria,Enviar a recuperación/cartera prioritaria; no mezclar con alerta preventiva.
2026-05-02,13823,2026-04-30,SAN VICENTE DEL CAGUÁN CENTRO,CERRADO CON SALDO,CERRADO CON SALDO,RECUPERACION,CAQUETÁ,SAN VICENTE DEL CAGUÁN,REDEBAN,0.42991509532205663,0.9838722566629919,Crítico,Crítico,Recuperación prioritaria,846,838,0,0,7714258.854636971,17943679.9,2439.0,999.0,0.7177471959999999,0.7177471959999999,100.0,"2439 días sin compensar | 999 días sin transacciones | consumo cupo 72% | saldo expuesto $17,943,680 | mora operativa Mayor a 60",Bloqueo/validación inmediata + gestión prioritaria,Enviar a recuperación/cartera prioritaria; no mezclar con alerta preventiva.
2026-05-02,35013,2026-04-30,BARRIO EL CENTRO PUEBLO BELLO,CERRADO CON SALDO,CERRADO CON SALDO,RECUPERACION,CESAR,PUEBLO BELLO,REDEBAN,0.5074613345503939,0.9884302038575494,Crítico,Crítico,Recuperación prioritaria,847,839,0,0,7710687.725260786,15194631.0,2493.0,999.0,1.0129754,1.0129754,100.0,"2493 días sin compensar | 999 días sin transacciones | consumo cupo 101% | saldo expuesto $15,194,631 | mora operativa Mayor a 60",Bloqueo/validación inmediata + gestión prioritaria,Enviar a recuperación/cartera prioritaria; no mezclar con alerta preventiva.
2026-05-02,10319,2026-04-30,BARRIO SAN JAVIER II,CERRADO CON SALDO,CERRADO CON SALDO,RECUPERACION,ANTIOQUIA,MEDELLÍN,WOMPI,0.3084367438109847,0.9719169949352247,Crítico,Crítico,Recuperación prioritaria,848,840,0,0,7709542.936553545,24995539.9,233.0,223.0,0.999821596,0.999821596,100.0,"233 días sin compensar | 223 días sin transacciones | consumo cupo 100% | saldo expuesto $24,995,540 | mora operativa Mayor a 60 | aparece en castigados: Confidencial",Bloqueo/validación inmediata + gestión prioritaria,Enviar a recuperación/cartera prioritaria; no mezclar con alerta preventiva.
2026-05-02,34474,2026-04-30,BARRIO PATIOS CENTRO 4 LOS PATIOS,CERRADO CON SALDO,CERRADO CON SALDO,RECUPERACION,NORTE DE SANTANDER,LOS PATIOS,REDEBAN,0.36577320737754576,0.9785744631658038,Crítico,Crítico,Recuperación prioritaria,849,841,0,0,7705744.159822756,21067000.0,1501.0,999.0,1.4044666666666668,1.4044666666666668,100.0,"1501 días sin compensar | 999 días sin transacciones | consumo cupo 140% | saldo expuesto $21,067,000 | mora operativa Mayor a 60",Bloqueo/validación inmediata + gestión prioritaria,Enviar a recuperación/cartera prioritaria; no mezclar con alerta preventiva.
2026-05-02,38001,2026-04-30,BARRIO GALICIA BOGOTA,CERRADO CON SALDO,CERRADO CON SALDO,RECUPERACION,CUNDINAMARCA,BOGOTÁ,REDEBAN,0.5161715367432009,0.9888526434842144,Crítico,Crítico,Recuperación prioritaria,850,842,0,0,7705493.461030552,14928164.21,1241.0,999.0,0.9952109473333334,0.9952109473333334,100.0,"1241 días sin compensar | 999 días sin transacciones | consumo cupo 100% | saldo expuesto $14,928,164 | mora operativa Mayor a 60",Bloqueo/validación inmediata + gestión prioritaria,Enviar a recuperación/cartera prioritaria; no mezclar con alerta preventiva.
2026-05-02,41092,2026-04-30,BARRIO MADERA BELLO,CERRADO CON SALDO,CERRADO CON SALDO,RECUPERACION,ANTIOQUIA,BELLO,REDEBAN,0.5086959200485008,0.9884910097537853,Crítico,Crítico,Recuperación prioritaria,851,843,0,0,7701710.863476116,15140107.4,1015.0,999.0,0.75700537,0.75700537,100.0,"1015 días sin compensar | 999 días sin transacciones | consumo cupo 76% | saldo expuesto $15,140,107 | mora operativa Mayor a 60",Bloqueo/validación inmediata + gestión prioritaria,Enviar a recuperación/cartera prioritaria; no mezclar con alerta preventiva.
2026-05-02,40681,2026-04-30,BARRIO PATIO BONITO BOGOTA 7,CERRADO CON SALDO,CERRADO CON SALDO,RECUPERACION,CUNDINAMARCA,BOGOTÁ,REDEBAN,0.5110384962708641,0.9886055343021225,Crítico,Crítico,Recuperación prioritaria,852,844,0,0,7688541.980969884,15044937.0,1597.0,999.0,0.75224685,0.75224685,100.0,"1597 días sin compensar | 999 días sin transacciones | consumo cupo 75% | saldo expuesto $15,044,937 | mora operativa Mayor a 60",Bloqueo/validación inmediata + gestión prioritaria,Enviar a recuperación/cartera prioritaria; no mezclar con alerta preventiva.
2026-05-02,28783,2026-04-30,BARRIO QUINTAS DE LA AUTOPISTA  BOGOTÁ,CERRADO CON SALDO,CERRADO CON SALDO,RECUPERACION,CUNDINAMARCA,BOGOTÁ,REDEBAN,0.526920316733349,0.9893536234361517,Crítico,Crítico,Recuperación prioritaria,853,845,0,0,7684025.633509563,14582898.76,2334.0,999.0,0.9721932506666666,0.9721932506666666,100.0,"2334 días sin compensar | 999 días sin transacciones | consumo cupo 97% | saldo expuesto $14,582,899 | mora operativa Mayor a 60",Bloqueo/validación inmediata + gestión prioritaria,Enviar a recuperación/cartera prioritaria; no mezclar con alerta preventiva.
2026-05-02,35880,2026-04-30,BARRIO BOSA RECREO BOGOTA   1,CERRADO CON SALDO,CERRADO CON SALDO,RECUPERACION,CUNDINAMARCA,BOGOTÁ,REDEBAN,0.5161715367432009,0.9888526434842144,Crítico,Crítico,Recuperación prioritaria,854,846,0,0,7676383.848496466,14871768.98,1148.0,1179.0,0.9914512653333334,0.9914512653333334,100.0,"1148 días sin compensar | 1179 días sin transacciones | consumo cupo 99% | saldo expuesto $14,871,769 | mora operativa Mayor a 60",Bloqueo/validación inmediata + gestión prioritaria,Enviar a recuperación/cartera prioritaria; no mezclar con alerta preventiva.
2026-05-02,24685,2026-04-30,CALLE SUCRE 29-26 SAN ANDRES DE CUERQUIA - ANTIOQUIA,CERRADO CON SALDO,CERRADO CON SALDO,RECUPERACION,ANTIOQUIA,SAN ANDRÉS DE CUERQUÍA,REDEBAN,0.374428280147607,0.9793986462928957,Crítico,Crítico,Recuperación prioritaria,855,847,0,0,7674589.873604442,20496822.17,2730.0,999.0,0.8198728868,0.8198728868,100.0,"2730 días sin compensar | 999 días sin transacciones | consumo cupo 82% | saldo expuesto $20,496,822 | mora operativa Mayor a 60",Bloqueo/validación inmediata + gestión prioritaria,Enviar a recuperación/cartera prioritaria; no mezclar con alerta preventiva.
2026-05-02,18631,2026-04-30,BARRIO FERIAS BOGOTA,CERRADO CON SALDO,CERRADO CON SALDO,RECUPERACION,CUNDINAMARCA,BOGOTÁ,REDEBAN,0.5300934119803292,0.9894974052296829,Crítico,Crítico,Recuperación prioritaria,856,848,0,0,7668709.795005465,14466714.02,1261.0,999.0,0.9644476013333333,0.9644476013333333,100.0,"1261 días sin compensar | 999 días sin transacciones | consumo cupo 96% | saldo expuesto $14,466,714 | mora operativa Mayor a 60",Bloqueo/validación inmediata + gestión prioritaria,Enviar a recuperación/cartera prioritaria; no mezclar con alerta preventiva.
2026-05-02,72634,2026-04-30,LA ESMERALDA MAJAGUAL,CERRADO CON SALDO,CERRADO CON SALDO,RECUPERACION,SUCRE,MAJAGUAL,REDEBAN,0.5084161385341545,0.9884772572409791,Crítico,Crítico,Recuperación prioritaria,857,849,0,0,7667330.745080232,15080817.0,355.0,317.0,2.0107756,2.0107756,100.0,"355 días sin compensar | 317 días sin transacciones | consumo cupo 201% | saldo expuesto $15,080,817 | mora operativa Mayor a 60 | aparece en castigados: Inactividad",Bloqueo/validación inmediata + gestión prioritaria,Enviar a recuperación/cartera prioritaria; no mezclar con alerta preventiva.
2026-05-02,53684,2026-04-30,BARRIO PLAYA RICA EL BAGRE,CERRADO CON SALDO,CERRADO CON SALDO,RECUPERACION,ANTIOQUIA,EL BAGRE,REDEBAN,0.46036868311028495,0.9858538406817764,Crítico,Crítico,Recuperación prioritaria,858,850,0,0,7665823.1420180295,16651487.0,1458.0,999.0,1.0407179375,1.0407179375,100.0,"1458 días sin compensar | 999 días sin transacciones | consumo cupo 104% | saldo expuesto $16,651,487 | mora operativa Mayor a 60",Bloqueo/validación inmediata + gestión prioritaria,Enviar a recuperación/cartera prioritaria; no mezclar con alerta preventiva.
2026-05-02,48407,2026-04-30,BARRIO SANTA ANA IBAGUE 1,CERRADO CON SALDO,CERRADO CON SALDO,RECUPERACION,TOLIMA,IBAGUÉ,REDEBAN,0.5145572407601929,0.9887754912467993,Crítico,Crítico,Recuperación prioritaria,859,851,0,0,7654952.80996746,14876776.0,898.0,936.0,0.9917850666666667,0.9917850666666667,100.0,"898 días sin compensar | 936 días sin transacciones | consumo cupo 99% | saldo expuesto $14,876,776 | mora operativa Mayor a 60",Bloqueo/validación inmediata + gestión prioritaria,Enviar a recuperación/cartera prioritaria; no mezclar con alerta preventiva.
2026-05-02,55733,2026-04-30,BARRIO LAS FERIAS BARRANCA DE UPIA,CERRADO CON SALDO,CERRADO CON SALDO,RECUPERACION,META,BARRANCA DE UPÍA,REDEBAN,0.40074489980890504,0.9816799816599628,Crítico,Crítico,Recuperación prioritaria,861,852,0,0,7636327.113165422,19055332.0,60.0,868.0,0.76221328,0.76221328,100.0,"60 días sin compensar | 868 días sin transacciones | consumo cupo 76% | saldo expuesto $19,055,332 | mora operativa Mayor a 60",Bloqueo/validación inmediata + gestión prioritaria,Enviar a recuperación/cartera prioritaria; no mezclar con alerta preventiva.
2026-05-02,27806,2026-04-30,BARRIO CENTRO VISTA HERMOSA META -  VISTAHERMOSA,CERRADO CON SALDO,CERRADO CON SALDO,RECUPERACION,META,VISTAHERMOSA,REDEBAN,0.4025363600433415,0.9818241040392166,Crítico,Crítico,Recuperación prioritaria,862,853,0,0,7634895.032648348,18966969.92,6.0,999.0,0.948348496,0.948348496,100.0,"999 días sin transacciones | consumo cupo 95% | saldo expuesto $18,966,970 | mora operativa Mayor a 60",Bloqueo/validación inmediata + gestión prioritaria,Enviar a recuperación/cartera prioritaria; no mezclar con alerta preventiva.
2026-05-02,51008,2026-04-30,BARRIO LIBERTADOR ESPINAL 1,CERRADO CON SALDO,CERRADO CON SALDO,RECUPERACION,TOLIMA,ESPINAL,REDEBAN,0.3869030533372313,0.9805199240639128,Crítico,Crítico,Recuperación prioritaria,863,854,0,0,7634633.36872041,19732678.0,1148.0,1187.0,0.9866339,0.9866339,100.0,"1148 días sin compensar | 1187 días sin transacciones | consumo cupo 99% | saldo expuesto $19,732,678 | mora operativa Mayor a 60",Bloqueo/validación inmediata + gestión prioritaria,Enviar a recuperación/cartera prioritaria; no mezclar con alerta preventiva.
2026-05-02,31174,2026-04-30,BARRIO CENTRO 5,CERRADO CON SALDO,CERRADO CON SALDO,RECUPERACION,CUNDINAMARCA,EL COLEGIO,REDEBAN,0.42368222877585665,0.9834301012711559,Crítico,Crítico,Recuperación prioritaria,864,855,0,0,7633194.667017731,18016320.13,2634.0,999.0,0.9008160064999999,0.9008160064999999,100.0,"2634 días sin compensar | 999 días sin transacciones | consumo cupo 90% | saldo expuesto $18,016,320 | mora operativa Mayor a 60",Bloqueo/validación inmediata + gestión prioritaria,Enviar a recuperación/cartera prioritaria; no mezclar con alerta preventiva.
2026-05-02,11739,2026-04-30,LA PAILA - VALLE DEL CAUCA,CERRADO CON SALDO,CERRADO CON SALDO,RECUPERACION,VALLE DEL CAUCA,ZARZAL,REDEBAN,0.32621185148666043,0.9742360242447624,Crítico,Crítico,Recuperación prioritaria,865,856,0,0,7623690.294276409,23370365.79,3430.0,999.0,0.9348146316,0.9348146316,100.0,"3430 días sin compensar | 999 días sin transacciones | consumo cupo 93% | saldo expuesto $23,370,366 | mora operativa Mayor a 60",Bloqueo/validación inmediata + gestión prioritaria,Enviar a recuperación/cartera prioritaria; no mezclar con alerta preventiva.
2026-05-02,12031,2026-04-30,MONTOYA PAVA GRANADA - META,CERRADO CON SALDO,CERRADO CON SALDO,RECUPERACION,META,GRANADA,REDEBAN,0.255857397627671,0.963148825573341,Crítico,Crítico,Recuperación prioritaria,866,857,0,0,7616362.500865716,29767998.0,3324.0,999.0,0.9922666,0.9922666,100.0,"3324 días sin compensar | 999 días sin transacciones | consumo cupo 99% | saldo expuesto $29,767,998 | mora operativa Mayor a 60",Bloqueo/validación inmediata + gestión prioritaria,Enviar a recuperación/cartera prioritaria; no mezclar con alerta preventiva.
2026-05-02,10866,2026-04-30,RIO VIEJO - BOLIVAR,CERRADO CON SALDO,CERRADO CON SALDO,RECUPERACION,BOLÍVAR,RÍO VIEJO,REDEBAN,0.28210188930087926,0.9679366651784865,Crítico,Crítico,Recuperación prioritaria,867,858,0,0,7604820.871446866,26957709.82,1383.0,999.0,0.8985903273333333,0.8985903273333333,100.0,"1383 días sin compensar | 999 días sin transacciones | consumo cupo 90% | saldo expuesto $26,957,710 | mora operativa Mayor a 60",Bloqueo/validación inmediata + gestión prioritaria,Enviar a recuperación/cartera prioritaria; no mezclar con alerta preventiva.
2026-05-02,25914,2026-04-30,BARRIO POPULAR 2 MEDELLIN,CERRADO CON SALDO,CERRADO CON SALDO,RECUPERACION,ANTIOQUIA,MEDELLÍN,REDEBAN,0.4954698883954451,0.9878229638349191,Crítico,Crítico,Recuperación prioritaria,868,859,0,0,7600950.839878398,15340893.6,38.0,999.0,0.51136312,0.51136312,100.0,"38 días sin compensar | 999 días sin transacciones | saldo expuesto $15,340,894 | mora operativa Mayor a 60",Bloqueo/validación inmediata + gestión prioritaria,Enviar a recuperación/cartera prioritaria; no mezclar con alerta preventiva.
2026-05-02,36520,2026-04-30,BARRIO SAN FELIPE SAN MIGUEL,CERRADO CON SALDO,CERRADO CON SALDO,RECUPERACION,PUTUMAYO,SAN MIGUEL,REDEBAN,0.30365894802589966,0.97124667708132,Crítico,Crítico,Recuperación prioritaria,869,860,0,0,7589305.721514882,24992860.48,1078.0,1043.0,0.9997144192,0.9997144192,100.0,"1078 días sin compensar | 1043 días sin transacciones | consumo cupo 100% | saldo expuesto $24,992,860 | mora operativa Mayor a 60",Bloqueo/validación inmediata + gestión prioritaria,Enviar a recuperación/cartera prioritaria; no mezclar con alerta preventiva.
2026-05-02,28768,2026-04-30,BARRIO LIJACA 3 BOGOTÁ,CERRADO CON SALDO,CERRADO CON SALDO,RECUPERACION,CUNDINAMARCA,BOGOTÁ,REDEBAN,0.526920316733349,0.9893536234361517,Crítico,Crítico,Recuperación prioritaria,870,861,0,0,7581557.668387368,14388432.99,3.0,723.0,0.959228866,0.959228866,100.0,"723 días sin transacciones | consumo cupo 96% | saldo expuesto $14,388,433 | mora operativa Mayor a 60 | aparece en castigados: Inactividad",Bloqueo/validación inmediata + gestión prioritaria,Enviar a recuperación/cartera prioritaria; no mezclar con alerta preventiva.
2026-05-02,64430,2026-04-30,BARRIO SEIS DE ENERO CIENAGA DE ORO 1,CERRADO CON SALDO,CERRADO CON SALDO,RECUPERACION,CÓRDOBA,CIÉNAGA DE ORO,REDEBAN,0.5029738040063427,0.9882065303741988,Crítico,Crítico,Recuperación prioritaria,871,862,0,0,7575269.852108779,15060963.0,1150.0,1125.0,1.0040642,1.0040642,100.0,"1150 días sin compensar | 1125 días sin transacciones | consumo cupo 100% | saldo expuesto $15,060,963 | mora operativa Mayor a 60",Bloqueo/validación inmediata + gestión prioritaria,Enviar a recuperación/cartera prioritaria; no mezclar con alerta preventiva.
2026-05-02,64006,2026-04-30,BARRIO DIVINA PASTORA CUCUTA 2,CERRADO CON SALDO,CERRADO CON SALDO,RECUPERACION,NORTE DE SANTANDER,CÚCUTA,REDEBAN,0.46728244530431673,0.9862662269291936,Crítico,Crítico,Recuperación prioritaria,872,863,0,0,7572811.083808037,16206068.0,87.0,820.0,1.6206068,1.6206068,100.0,"87 días sin compensar | 820 días sin transacciones | consumo cupo 162% | saldo expuesto $16,206,068 | mora operativa Mayor a 60 | aparece en castigados: Inactividad",Bloqueo/validación inmediata + gestión prioritaria,Enviar a recuperación/cartera prioritaria; no mezclar con alerta preventiva.
2026-05-02,39809,2026-04-30,BARRIO CENTRO CHIMA,CERRADO CON SALDO,CERRADO CON SALDO,RECUPERACION,SANTANDER,CHIMA,REDEBAN,0.4185829375822522,0.9830581927982777,Crítico,Crítico,Recuperación prioritaria,873,864,0,0,7569277.118593625,18083100.0,1626.0,999.0,0.60277,0.60277,100.0,"1626 días sin compensar | 999 días sin transacciones | saldo expuesto $18,083,100 | mora operativa Mayor a 60",Bloqueo/validación inmediata + gestión prioritaria,Enviar a recuperación/cartera prioritaria; no mezclar con alerta preventiva.
2026-05-02,66826,2026-04-30,BARRIO VILLA DE VERACRUZ CALI,CERRADO CON SALDO,CERRADO CON SALDO,RECUPERACION,VALLE DEL CAUCA,CALI,REDEBAN,0.46382165190097124,0.9860614076194271,Crítico,Crítico,Recuperación prioritaria,874,865,0,0,7565590.738637793,16311422.09,221.0,429.0,0.7574729307142194,0.7574729307142194,100.0,"221 días sin compensar | 429 días sin transacciones | consumo cupo 76% | saldo expuesto $16,311,422 | mora operativa Mayor a 60 | aparece en castigados: Confidencial",Bloqueo/validación inmediata + gestión prioritaria,Enviar a recuperación/cartera prioritaria; no mezclar con alerta preventiva.
2026-05-02,25560,2026-04-30,BARRIO PARQUE PRINCIPAL ISTMINA,CERRADO CON SALDO,CERRADO CON SALDO,RECUPERACION,CHOCÓ,ISTMINA,REDEBAN,0.31890377865935127,0.9733143571356112,Crítico,Alto,Recuperación prioritaria,875,866,0,0,7556516.783950448,23695287.7,16.0,578.0,0.5265619488888889,0.5265619488888889,75.0,"578 días sin transacciones | saldo expuesto $23,695,288 | mora operativa Mayor a 60 | aparece en castigados: Confidencial",Contacto el mismo día + seguimiento de compensación,Enviar a recuperación/cartera prioritaria; no mezclar con alerta preventiva.
2026-05-02,11772,2026-04-30,PROAGUAS EL CERRITO,CERRADO CON SALDO,CERRADO CON SALDO,RECUPERACION,VALLE DEL CAUCA,EL CERRITO,REDEBAN,0.34502600637444425,0.9764260074984042,Crítico,Crítico,Recuperación prioritaria,876,867,0,0,7549498.5193089275,21880955.0,1305.0,999.0,0.48624344444444445,0.48624344444444445,100.0,"1305 días sin compensar | 999 días sin transacciones | saldo expuesto $21,880,955 | mora operativa Mayor a 60",Bloqueo/validación inmediata + gestión prioritaria,Enviar a recuperación/cartera prioritaria; no mezclar con alerta preventiva.
2026-05-02,10966,2026-04-30,VADO REAL - SANTANDER,CERRADO CON SALDO,CERRADO CON SALDO,RECUPERACION,SANTANDER,SUAITA,REDEBAN,0.2700857917013427,0.9658604295147246,Crítico,Crítico,Recuperación prioritaria,877,868,0,0,7549402.725115236,27951869.21,905.0,995.0,0.9317289736666667,0.9317289736666667,100.0,"905 días sin compensar | 995 días sin transacciones | consumo cupo 93% | saldo expuesto $27,951,869 | mora operativa Mayor a 60",Bloqueo/validación inmediata + gestión prioritaria,Enviar a recuperación/cartera prioritaria; no mezclar con alerta preventiva.
2026-05-02,61132,2026-04-30,BARRIO CENTRO CIENAGA DE ORO 5,CERRADO CON SALDO,CERRADO CON SALDO,RECUPERACION,CÓRDOBA,CIÉNAGA DE ORO,REDEBAN,0.5030951934482442,0.9882126362038938,Crítico,Crítico,Recuperación prioritaria,878,869,0,0,7546373.56744277,14999892.0,918.0,911.0,0.9999928,0.9999928,100.0,"918 días sin compensar | 911 días sin transacciones | consumo cupo 100% | saldo expuesto $14,999,892 | mora operativa Mayor a 60",Bloqueo/validación inmediata + gestión prioritaria,Enviar a recuperación/cartera prioritaria; no mezclar con alerta preventiva.
2026-05-02,36909,2026-04-30,BARRIO BOGOTA CUNDINAMARCA 4,CERRADO CON SALDO,CERRADO CON SALDO,RECUPERACION,CUNDINAMARCA,BOGOTÁ,REDEBAN,0.5161854681882783,0.9888533070918226,Crítico,Crítico,Recuperación prioritaria,879,870,0,0,7541420.095130961,14609903.92,386.0,384.0,0.9739935946666667,0.9739935946666667,100.0,"386 días sin compensar | 384 días sin transacciones | consumo cupo 97% | saldo expuesto $14,609,904 | mora operativa Mayor a 60 | aparece en castigados: Inactividad",Bloqueo/validación inmediata + gestión prioritaria,Enviar a recuperación/cartera prioritaria; no mezclar con alerta preventiva.
2026-05-02,22643,2026-04-30,BARRIO LA GRANJA - VALLEDUPAR,CERRADO CON SALDO,CERRADO CON SALDO,RECUPERACION,CESAR,VALLEDUPAR,REDEBAN,0.39963173149517195,0.9815897550858548,Crítico,Crítico,Recuperación prioritaria,880,871,0,0,7536238.008371498,18857957.0,255.0,254.0,0.94289785,0.94289785,100.0,"255 días sin compensar | 254 días sin transacciones | consumo cupo 94% | saldo expuesto $18,857,957 | mora operativa Mayor a 60 | aparece en castigados: Confidencial",Bloqueo/validación inmediata + gestión prioritaria,Enviar a recuperación/cartera prioritaria; no mezclar con alerta preventiva.
2026-05-02,11082,2026-04-30,PORE - CASANARE,CERRADO CON SALDO,CERRADO CON SALDO,RECUPERACION,CASANARE,PORE,REDEBAN,0.2759441286189033,0.9668953889387514,Crítico,Crítico,Recuperación prioritaria,881,872,0,0,7532923.307486028,27298726.54,3045.0,999.0,0.40563511292854243,0.40563511292854243,100.0,"3045 días sin compensar | 999 días sin transacciones | saldo expuesto $27,298,727 | mora operativa Mayor a 60",Bloqueo/validación inmediata + gestión prioritaria,Enviar a recuperación/cartera prioritaria; no mezclar con alerta preventiva.
2026-05-02,46385,2026-04-30,BARRIO SAN ROQUE BARRANQUILLA,CERRADO CON SALDO,CERRADO CON SALDO,RECUPERACION,ATLÁNTICO,BARRANQUILLA,REDEBAN,0.5464009074854083,0.9902084241391946,Crítico,Crítico,Recuperación prioritaria,882,873,0,0,7531014.409854723,13782946.38,241.0,999.0,0.918863092,0.918863092,100.0,"241 días sin compensar | 999 días sin transacciones | consumo cupo 92% | saldo expuesto $13,782,946 | mora operativa Mayor a 60",Bloqueo/validación inmediata + gestión prioritaria,Enviar a recuperación/cartera prioritaria; no mezclar con alerta preventiva.
2026-05-02,27611,2026-04-30,LOS CORALES CARTAGENA DE INDIAS - BOLIVAR,CERRADO CON SALDO,CERRADO CON SALDO,RECUPERACION,BOLÍVAR,CARTAGENA DE INDIAS,REDEBAN,0.48263096550321927,0.9871375593584704,Crítico,Crítico,Recuperación prioritaria,883,874,0,0,7528916.419484872,15599737.6,3012.0,999.0,0.9999831794871795,0.9999831794871795,100.0,"3012 días sin compensar | 999 días sin transacciones | consumo cupo 100% | saldo expuesto $15,599,738 | mora operativa Mayor a 60",Bloqueo/validación inmediata + gestión prioritaria,Enviar a recuperación/cartera prioritaria; no mezclar con alerta preventiva.
2026-05-02,51079,2026-04-30,BARRIO BALBOTIA PATIA,CERRADO CON SALDO,CERRADO CON SALDO,RECUPERACION,CAUCA,PATÍA,REDEBAN,0.37718137841726573,0.9796526677125098,Crítico,Crítico,Recuperación prioritaria,884,875,0,0,7528242.339919674,19959210.0,108.0,139.0,0.9979605,0.9979605,100.0,"108 días sin compensar | 139 días sin transacciones | consumo cupo 100% | saldo expuesto $19,959,210 | mora operativa Mayor a 60",Bloqueo/validación inmediata + gestión prioritaria,Enviar a recuperación/cartera prioritaria; no mezclar con alerta preventiva.
2026-05-02,14150,2026-04-30,BARRIO EL COMERCIO LAS ANIMAS,CERRADO CON SALDO,CERRADO CON SALDO,RECUPERACION,CHOCÓ,UNIÓN PANAMERICANA,REDEBAN,0.3291604983931204,0.9745961126342014,Crítico,Crítico,Recuperación prioritaria,885,876,0,0,7516158.162838642,22834326.11,2845.0,999.0,0.7611442036666667,0.7611442036666667,100.0,"2845 días sin compensar | 999 días sin transacciones | consumo cupo 76% | saldo expuesto $22,834,326 | mora operativa Mayor a 60",Bloqueo/validación inmediata + gestión prioritaria,Enviar a recuperación/cartera prioritaria; no mezclar con alerta preventiva.
2026-05-02,27956,2026-04-30,BARRIO SAN SEBASTIAN SAN SEBASTIAN DE BUENAVISTA,CERRADO CON SALDO,CERRADO CON SALDO,RECUPERACION,MAGDALENA,SAN SEBASTIÁN DE BUENAVISTA,REDEBAN,0.36744901241362815,0.9787371547900321,Crítico,Crítico,Recuperación prioritaria,886,877,0,0,7514212.923349053,20449675.11,917.0,888.0,1.0224837555,1.0224837555,100.0,"917 días sin compensar | 888 días sin transacciones | consumo cupo 102% | saldo expuesto $20,449,675 | mora operativa Mayor a 60",Bloqueo/validación inmediata + gestión prioritaria,Enviar a recuperación/cartera prioritaria; no mezclar con alerta preventiva.
2026-05-02,16440,2026-04-30,BARRIO LA PRADERA JAMUNDI,CERRADO CON SALDO,CERRADO CON SALDO,RECUPERACION,VALLE DEL CAUCA,JAMUNDÍ,REDEBAN,0.39677898099618664,0.9813561413398012,Crítico,Crítico,Recuperación prioritaria,887,878,0,0,7505885.35845644,18917043.79,802.0,758.0,0.9956338836842105,0.9956338836842105,100.0,"802 días sin compensar | 758 días sin transacciones | consumo cupo 100% | saldo expuesto $18,917,044 | mora operativa Mayor a 60 | aparece en castigados: Inactividad",Bloqueo/validación inmediata + gestión prioritaria,Enviar a recuperación/cartera prioritaria; no mezclar con alerta preventiva.
2026-05-02,10380,2026-04-30,BARRIO SUCRE - PINAR,CERRADO CON SALDO,CERRADO CON SALDO,RECUPERACION,ANTIOQUIA,MEDELLÍN,REDEBAN,0.4405485321408618,0.9845965979698122,Crítico,Crítico,Recuperación prioritaria,888,879,0,0,7502479.125092211,17029858.41,4600.0,999.0,0.8514929205,0.8514929205,100.0,"4600 días sin compensar | 999 días sin transacciones | consumo cupo 85% | saldo expuesto $17,029,858 | mora operativa Mayor a 60",Bloqueo/validación inmediata + gestión prioritaria,Enviar a recuperación/cartera prioritaria; no mezclar con alerta preventiva.
2026-05-02,10094,2026-04-30,BARRIO LA LIBERTAD - CUCUTA,CERRADO CON SALDO,CERRADO CON SALDO,RECUPERACION,NORTE DE SANTANDER,CÚCUTA,REDEBAN,0.3802272405071925,0.97992929500399,Crítico,Crítico,Recuperación prioritaria,889,880,0,0,7497879.384798481,19719469.27,501.0,999.0,0.9859734634999999,0.9859734634999999,100.0,"501 días sin compensar | 999 días sin transacciones | consumo cupo 99% | saldo expuesto $19,719,469 | mora operativa Mayor a 60",Bloqueo/validación inmediata + gestión prioritaria,Enviar a recuperación/cartera prioritaria; no mezclar con alerta preventiva.
2026-05-02,41728,2026-04-30,BARRIO DINDALITO BOGOTA 3,CERRADO CON SALDO,CERRADO CON SALDO,RECUPERACION,CUNDINAMARCA,BOGOTÁ,REDEBAN,0.48186834057101424,0.987095638811972,Crítico,Crítico,Recuperación prioritaria,890,881,0,0,7494637.011521501,15553287.86,1178.0,999.0,1.555328786,1.555328786,100.0,"1178 días sin compensar | 999 días sin transacciones | consumo cupo 156% | saldo expuesto $15,553,288 | mora operativa Mayor a 60",Bloqueo/validación inmediata + gestión prioritaria,Enviar a recuperación/cartera prioritaria; no mezclar con alerta preventiva.
2026-05-02,48737,2026-04-30,BARRIO CENTRO TULUA 16,CERRADO CON SALDO,CERRADO CON SALDO,RECUPERACION,VALLE DEL CAUCA,TULUÁ,REDEBAN,0.28159043351309454,0.9678519233051817,Crítico,Crítico,Recuperación prioritaria,891,882,0,0,7486429.157540574,26586234.0,388.0,430.0,1.3992754736842106,1.3992754736842106,100.0,"388 días sin compensar | 430 días sin transacciones | consumo cupo 140% | saldo expuesto $26,586,234 | mora operativa Mayor a 60 | aparece en castigados: Inactividad",Bloqueo/validación inmediata + gestión prioritaria,Enviar a recuperación/cartera prioritaria; no mezclar con alerta preventiva.
2026-05-02,17772,2026-04-30,BARBOSA SANTANDER,CERRADO CON SALDO,CERRADO CON SALDO,RECUPERACION,SANTANDER,BARBOSA,REDEBAN,0.32546767170084084,0.9741440956513518,Crítico,Crítico,Recuperación prioritaria,892,883,0,0,7485886.444162093,23000399.41,2758.0,999.0,0.7666799803333333,0.7666799803333333,100.0,"2758 días sin compensar | 999 días sin transacciones | consumo cupo 77% | saldo expuesto $23,000,399 | mora operativa Mayor a 60",Bloqueo/validación inmediata + gestión prioritaria,Enviar a recuperación/cartera prioritaria; no mezclar con alerta preventiva.
2026-05-02,32426,2026-04-30,BARRIO ARBORIZADORA ALTA 1,CERRADO CON SALDO,CERRADO CON SALDO,RECUPERACION,CUNDINAMARCA,BOGOTÁ,REDEBAN,0.5237999162017531,0.9892104289028264,Crítico,Crítico,Recuperación prioritaria,893,884,0,0,7472628.078918456,14266188.0,1001.0,1089.0,0.9510792,0.9510792,100.0,"1001 días sin compensar | 1089 días sin transacciones | consumo cupo 95% | saldo expuesto $14,266,188 | mora operativa Mayor a 60",Bloqueo/validación inmediata + gestión prioritaria,Enviar a recuperación/cartera prioritaria; no mezclar con alerta preventiva.
2026-05-02,39394,2026-04-30,BARRIO BRUSELAS CARTAGENA 1,CERRADO CON SALDO,CERRADO CON SALDO,RECUPERACION,BOLÍVAR,CARTAGENA DE INDIAS,REDEBAN,0.4979897230496392,0.9879531242700264,Crítico,Crítico,Recuperación prioritaria,894,885,0,0,7469419.566541657,14999144.0,1876.0,999.0,0.9999429333333333,0.9999429333333333,100.0,"1876 días sin compensar | 999 días sin transacciones | consumo cupo 100% | saldo expuesto $14,999,144 | mora operativa Mayor a 60",Bloqueo/validación inmediata + gestión prioritaria,Enviar a recuperación/cartera prioritaria; no mezclar con alerta preventiva.
2026-05-02,11499,2026-04-30,SANTO TOMAS II - ATLANTICO,CERRADO CON SALDO,CERRADO CON SALDO,RECUPERACION,ATLÁNTICO,SANTO TOMÁS,REDEBAN,0.29557064564615404,0.9700618945496832,Crítico,Crítico,Recuperación prioritaria,895,886,0,0,7467306.536568622,25264032.97,1270.0,999.0,1.0105613188,1.0105613188,100.0,"1270 días sin compensar | 999 días sin transacciones | consumo cupo 101% | saldo expuesto $25,264,033 | mora operativa Mayor a 60",Bloqueo/validación inmediata + gestión prioritaria,Enviar a recuperación/cartera prioritaria; no mezclar con alerta preventiva.
2026-05-02,39291,2026-04-30,BARRIO SAN VICTORINO BOGOTA 4,CERRADO CON SALDO,CERRADO CON SALDO,RECUPERACION,CUNDINAMARCA,BOGOTÁ,REDEBAN,0.5149168396674637,0.9887927218571474,Crítico,Crítico,Recuperación prioritaria,896,887,0,0,7466111.369401805,14499644.98,1956.0,999.0,0.9666429986666667,0.9666429986666667,100.0,"1956 días sin compensar | 999 días sin transacciones | consumo cupo 97% | saldo expuesto $14,499,645 | mora operativa Mayor a 60",Bloqueo/validación inmediata + gestión prioritaria,Enviar a recuperación/cartera prioritaria; no mezclar con alerta preventiva.
2026-05-02,11693,2026-04-30,BARRIO EL POBLADO - MEDELLIN,CERRADO CON SALDO,CERRADO CON SALDO,RECUPERACION,ANTIOQUIA,MEDELLÍN,REDEBAN,0.497529444770741,0.9879294525015127,Crítico,Crítico,Recuperación prioritaria,897,888,0,0,7462860.071756879,14999835.99,2635.0,999.0,0.999989066,0.999989066,100.0,"2635 días sin compensar | 999 días sin transacciones | consumo cupo 100% | saldo expuesto $14,999,836 | mora operativa Mayor a 60",Bloqueo/validación inmediata + gestión prioritaria,Enviar a recuperación/cartera prioritaria; no mezclar con alerta preventiva.
2026-05-02,15967,2026-04-30,BARRIO MANRIQUE VII MEDELLÍN,CERRADO CON SALDO,CERRADO CON SALDO,RECUPERACION,ANTIOQUIA,MEDELLÍN,REDEBAN,0.497529444770741,0.9879294525015127,Crítico,Crítico,Recuperación prioritaria,898,889,0,0,7459822.107214164,14993729.89,3229.0,999.0,0.9995819926666667,0.9995819926666667,100.0,"3229 días sin compensar | 999 días sin transacciones | consumo cupo 100% | saldo expuesto $14,993,730 | mora operativa Mayor a 60",Bloqueo/validación inmediata + gestión prioritaria,Enviar a recuperación/cartera prioritaria; no mezclar con alerta preventiva.
2026-05-02,31999,2026-04-30,BARRIO PUENTE 2 QUETAME QUETAME,CERRADO CON SALDO,CERRADO CON SALDO,RECUPERACION,CUNDINAMARCA,QUETAME,REDEBAN,0.403478566639005,0.981899373578136,Crítico,Crítico,Recuperación prioritaria,899,890,0,0,7454615.487267903,18475864.9,1606.0,999.0,1.2317243266666666,1.2317243266666666,100.0,"1606 días sin compensar | 999 días sin transacciones | consumo cupo 123% | saldo expuesto $18,475,865 | mora operativa Mayor a 60",Bloqueo/validación inmediata + gestión prioritaria,Enviar a recuperación/cartera prioritaria; no mezclar con alerta preventiva.
2026-05-02,52453,2026-04-30,BARRIO CENTRO CIENAGA DE ORO 2,CERRADO CON SALDO,CERRADO CON SALDO,RECUPERACION,CÓRDOBA,CIÉNAGA DE ORO,REDEBAN,0.5024468217803852,0.9881799873695449,Crítico,Crítico,Recuperación prioritaria,900,891,0,0,7446785.448373605,14821042.0,837.0,850.0,0.9880694666666666,0.9880694666666666,100.0,"837 días sin compensar | 850 días sin transacciones | consumo cupo 99% | saldo expuesto $14,821,042 | mora operativa Mayor a 60",Bloqueo/validación inmediata + gestión prioritaria,Enviar a recuperación/cartera prioritaria; no mezclar con alerta preventiva.
2026-05-02,10921,2026-04-30,GACHALA - CUNDINAMARCA,CERRADO CON SALDO,CERRADO CON SALDO,RECUPERACION,CUNDINAMARCA,GACHALÁ,REDEBAN,0.34456296446924,0.9763750365986615,Crítico,Crítico,Recuperación prioritaria,901,892,0,0,7444263.55183192,21604944.0,1824.0,999.0,0.48010986666666666,0.48010986666666666,100.0,"1824 días sin compensar | 999 días sin transacciones | saldo expuesto $21,604,944 | mora operativa Mayor a 60",Bloqueo/validación inmediata + gestión prioritaria,Enviar a recuperación/cartera prioritaria; no mezclar con alerta preventiva.
2026-05-02,43340,2026-04-30,BARRIO QUINTANARES SOACHA 2,CERRADO CON SALDO,CERRADO CON SALDO,RECUPERACION,CUNDINAMARCA,SOACHA,REDEBAN,0.4816283106569715,0.9870824158339933,Crítico,Crítico,Recuperación prioritaria,902,893,0,0,7440936.813883929,15449542.0,819.0,763.0,1.0299694666666668,1.0299694666666668,100.0,"819 días sin compensar | 763 días sin transacciones | consumo cupo 103% | saldo expuesto $15,449,542 | mora operativa Mayor a 60 | aparece en castigados: Inactividad",Bloqueo/validación inmediata + gestión prioritaria,Enviar a recuperación/cartera prioritaria; no mezclar con alerta preventiva.
2026-05-02,18136,2026-04-30,BARRIO CENTRO III CARTAGENA,CERRADO CON SALDO,CERRADO CON SALDO,RECUPERACION,BOLÍVAR,CARTAGENA DE INDIAS,REDEBAN,0.5111053092373268,0.9886087844199127,Crítico,Crítico,Recuperación prioritaria,903,894,0,0,7438879.207773348,14554494.1,18.0,999.0,0.727724705,0.727724705,90.0,"999 días sin transacciones | consumo cupo 73% | saldo expuesto $14,554,494 | mora operativa Mayor a 60",Bloqueo/validación inmediata + gestión prioritaria,Enviar a recuperación/cartera prioritaria; no mezclar con alerta preventiva.
2026-05-02,19118,2026-04-30,BARRIO ROBLEDO VII MEDELLIN,CERRADO CON SALDO,CERRADO CON SALDO,RECUPERACION,ANTIOQUIA,MEDELLÍN,REDEBAN,0.4973301916984126,0.9879191907554374,Crítico,Crítico,Recuperación prioritaria,904,895,0,0,7437755.223712092,14955366.37,3664.0,999.0,0.9970244246666666,0.9970244246666666,100.0,"3664 días sin compensar | 999 días sin transacciones | consumo cupo 100% | saldo expuesto $14,955,366 | mora operativa Mayor a 60",Bloqueo/validación inmediata + gestión prioritaria,Enviar a recuperación/cartera prioritaria; no mezclar con alerta preventiva.
2026-05-02,17866,2026-04-30,BARRIO CENTRO CICUCO,CERRADO CON SALDO,CERRADO CON SALDO,RECUPERACION,BOLÍVAR,CICUCO,REDEBAN,0.37161330637544154,0.9791349151956878,Crítico,Crítico,Recuperación prioritaria,905,896,0,0,7431095.917207055,19996851.0,3735.0,999.0,0.99984255,0.99984255,100.0,"3735 días sin compensar | 999 días sin transacciones | consumo cupo 100% | saldo expuesto $19,996,851 | mora operativa Mayor a 60",Bloqueo/validación inmediata + gestión prioritaria,Enviar a recuperación/cartera prioritaria; no mezclar con alerta preventiva.
2026-05-02,20902,2026-04-30,CENTRO SAMANIEGO - NARIÑO,CERRADO CON SALDO,CERRADO CON SALDO,RECUPERACION,NARIÑO,SAMANIEGO,REDEBAN,0.2907391584212699,0.9693223834266169,Crítico,Crítico,Recuperación prioritaria,906,897,0,0,7428509.596765826,25550426.84,1523.0,999.0,0.8516808946666666,0.8516808946666666,100.0,"1523 días sin compensar | 999 días sin transacciones | consumo cupo 85% | saldo expuesto $25,550,427 | mora operativa Mayor a 60",Bloqueo/validación inmediata + gestión prioritaria,Enviar a recuperación/cartera prioritaria; no mezclar con alerta preventiva.
2026-05-02,71717,2026-04-30,REPELON CENTRO,CERRADO CON SALDO,CERRADO CON SALDO,RECUPERACION,ATLÁNTICO,REPELÓN,REDEBAN,0.6078158391192903,0.9925225470740265,Crítico,Crítico,Recuperación prioritaria,907,898,0,0,7426826.976850396,12218877.0,546.0,478.0,1.6291836,1.6291836,100.0,"546 días sin compensar | 478 días sin transacciones | consumo cupo 163% | saldo expuesto $12,218,877 | mora operativa Mayor a 60 | aparece en castigados: Inactividad",Bloqueo/validación inmediata + gestión prioritaria,Enviar a recuperación/cartera prioritaria; no mezclar con alerta preventiva.
2026-05-02,14091,2026-04-30,BARRIO CENTRO FUSAGASUGA,CERRADO CON SALDO,CERRADO CON SALDO,RECUPERACION,CUNDINAMARCA,FUSAGASUGÁ,REDEBAN,0.4766590092483291,0.9868055225529828,Crítico,Crítico,Recuperación prioritaria,908,899,0,0,7422084.054411399,15571055.85,1305.0,999.0,0.7785527925,0.7785527925,100.0,"1305 días sin compensar | 999 días sin transacciones | consumo cupo 78% | saldo expuesto $15,571,056 | mora operativa Mayor a 60",Bloqueo/validación inmediata + gestión prioritaria,Enviar a recuperación/cartera prioritaria; no mezclar con alerta preventiva.
2026-05-02,24998,2026-04-30,BARRIO ANTONIA SANTOS VI - BUCARAMANGA,CERRADO CON SALDO,CERRADO CON SALDO,RECUPERACION,SANTANDER,BUCARAMANGA,REDEBAN,0.4787505413230336,0.9869227991777095,Crítico,Crítico,Recuperación prioritaria,909,900,0,0,7419045.542524141,15496683.35,2376.0,999.0,1.0,1.0,100.0,"2376 días sin compensar | 999 días sin transacciones | consumo cupo 100% | saldo expuesto $15,496,683 | mora operativa Mayor a 60",Bloqueo/validación inmediata + gestión prioritaria,Enviar a recuperación/cartera prioritaria; no mezclar con alerta preventiva.
2026-05-02,41666,2026-04-30,BARRIO CIUDADELA SUCRE SOACHA,CERRADO CON SALDO,CERRADO CON SALDO,RECUPERACION,CUNDINAMARCA,SOACHA,REDEBAN,0.47005058203243427,0.9864277817110892,Crítico,Crítico,Recuperación prioritaria,910,901,0,0,7418018.251697101,15781319.15,1254.0,999.0,1.578131915,1.578131915,100.0,"1254 días sin compensar | 999 días sin transacciones | consumo cupo 158% | saldo expuesto $15,781,319 | mora operativa Mayor a 60",Bloqueo/validación inmediata + gestión prioritaria,Enviar a recuperación/cartera prioritaria; no mezclar con alerta preventiva.
2026-05-02,40472,2026-04-30,BARRIO CENTRO LA VIRGINIA 2,CERRADO CON SALDO,CERRADO CON SALDO,RECUPERACION,RISARALDA,LA VIRGINIA,REDEBAN,0.298481479979113,0.9704957558882455,Crítico,Crítico,Recuperación prioritaria,911,902,0,0,7413792.840905841,24838368.0,622.0,618.0,0.99353472,0.99353472,100.0,"622 días sin compensar | 618 días sin transacciones | consumo cupo 99% | saldo expuesto $24,838,368 | mora operativa Mayor a 60 | aparece en castigados: Inactividad",Bloqueo/validación inmediata + gestión prioritaria,Enviar a recuperación/cartera prioritaria; no mezclar con alerta preventiva.
2026-05-02,62690,2026-04-30,BARRIO PRADO TIERRALTA,CERRADO CON SALDO,CERRADO CON SALDO,RECUPERACION,CÓRDOBA,TIERRALTA,REDEBAN,0.4494701640831056,0.985176832944113,Crítico,Alto,Recuperación prioritaria,912,903,0,0,7413490.769041146,16493844.0,1.0,296.0,0.5320594838709677,0.5320594838709677,75.0,"296 días sin transacciones | saldo expuesto $16,493,844 | mora operativa Mayor a 60 | aparece en castigados: Novedad en Operación del punto de servicio",Contacto el mismo día + seguimiento de compensación,Enviar a recuperación/cartera prioritaria; no mezclar con alerta preventiva.
2026-05-02,11073,2026-04-30,REPELON - ATLANTICO,CERRADO CON SALDO,CERRADO CON SALDO,RECUPERACION,ATLÁNTICO,REPELÓN,REDEBAN,0.4041820750364597,0.9819553378500662,Crítico,Crítico,Recuperación prioritaria,913,904,0,0,7408733.421648413,18330188.0,569.0,557.0,0.73320752,0.73320752,100.0,"569 días sin compensar | 557 días sin transacciones | consumo cupo 73% | saldo expuesto $18,330,188 | mora operativa Mayor a 60 | aparece en castigados: Confidencial",Bloqueo/validación inmediata + gestión prioritaria,Enviar a recuperación/cartera prioritaria; no mezclar con alerta preventiva.
2026-05-02,30698,2026-04-30,BARRIO SAN CIPRIANO 2 BOGOTA,CERRADO CON SALDO,CERRADO CON SALDO,RECUPERACION,CUNDINAMARCA,BOGOTÁ,REDEBAN,0.6003558577391782,0.9922685253281314,Crítico,Crítico,Recuperación prioritaria,914,905,0,0,7408274.815465057,12339806.0,421.0,413.0,0.33350827027027025,0.33350827027027025,100.0,"421 días sin compensar | 413 días sin transacciones | saldo expuesto $12,339,806 | mora operativa Mayor a 60 | aparece en castigados: Confidencial",Bloqueo/validación inmediata + gestión prioritaria,Enviar a recuperación/cartera prioritaria; no mezclar con alerta preventiva.
2026-05-02,28972,2026-04-30,BARRIO TESCA NUEVO CARTAGENA DE INDIAS,CERRADO CON SALDO,CERRADO CON SALDO,RECUPERACION,BOLÍVAR,CARTAGENA DE INDIAS,REDEBAN,0.47990281099827925,0.9869869513908073,Crítico,Crítico,Recuperación prioritaria,915,906,0,0,7400738.30619742,15421327.27,2837.0,999.0,0.9999563785501232,0.9999563785501232,100.0,"2837 días sin compensar | 999 días sin transacciones | consumo cupo 100% | saldo expuesto $15,421,327 | mora operativa Mayor a 60",Bloqueo/validación inmediata + gestión prioritaria,Enviar a recuperación/cartera prioritaria; no mezclar con alerta preventiva.
2026-05-02,50318,2026-04-30,BARRIO SAN JOSE ACHI,CERRADO CON SALDO,CERRADO CON SALDO,RECUPERACION,BOLÍVAR,ACHÍ,REDEBAN,0.6402415524528913,0.9935524304953599,Crítico,Crítico,Recuperación prioritaria,916,907,0,0,7398252.357146559,11555408.0,149.0,207.0,2.7189195294117647,2.7189195294117647,100.0,"149 días sin compensar | 207 días sin transacciones | consumo cupo 272% | saldo expuesto $11,555,408 | mora operativa Mayor a 60 | aparece en castigados: Inactividad",Bloqueo/validación inmediata + gestión prioritaria,Enviar a recuperación/cartera prioritaria; no mezclar con alerta preventiva.
2026-05-02,25181,2026-04-30,CENTRO SAN PABLO - BOLIVAR,CERRADO CON SALDO,CERRADO CON SALDO,RECUPERACION,BOLÍVAR,SAN PABLO,REDEBAN,0.25679584079047996,0.9633369383647054,Crítico,Crítico,Recuperación prioritaria,917,908,0,0,7387831.271915567,28769279.32,2519.0,999.0,0.9589759773333334,0.9589759773333334,100.0,"2519 días sin compensar | 999 días sin transacciones | consumo cupo 96% | saldo expuesto $28,769,279 | mora operativa Mayor a 60",Bloqueo/validación inmediata + gestión prioritaria,Enviar a recuperación/cartera prioritaria; no mezclar con alerta preventiva.
2026-05-02,18398,2026-04-30,BARRIO CENTRO XXII - MONTERIA,CERRADO CON SALDO,CERRADO CON SALDO,RECUPERACION,CÓRDOBA,MONTERÍA,REDEBAN,0.5576379574206115,0.990672666330039,Crítico,Crítico,Recuperación prioritaria,918,909,0,0,7380050.753532494,13234484.23,2950.0,999.0,0.8822989486666667,0.8822989486666667,100.0,"2950 días sin compensar | 999 días sin transacciones | consumo cupo 88% | saldo expuesto $13,234,484 | mora operativa Mayor a 60",Bloqueo/validación inmediata + gestión prioritaria,Enviar a recuperación/cartera prioritaria; no mezclar con alerta preventiva.
2026-05-02,12634,2026-04-30,BARRIO CAMPESTRE - CARTAGENA,CERRADO CON SALDO,CERRADO CON SALDO,RECUPERACION,BOLÍVAR,CARTAGENA DE INDIAS,REDEBAN,0.4919124426553033,0.9876368163146954,Crítico,Crítico,Recuperación prioritaria,919,910,0,0,7378172.591326975,14998955.0,3518.0,999.0,0.9999303333333334,0.9999303333333334,100.0,"3518 días sin compensar | 999 días sin transacciones | consumo cupo 100% | saldo expuesto $14,998,955 | mora operativa Mayor a 60",Bloqueo/validación inmediata + gestión prioritaria,Enviar a recuperación/cartera prioritaria; no mezclar con alerta preventiva.
2026-05-02,18162,2026-04-30,BARRIO OLAYA HERRERA SEC 11 DE NOVIEMBRE CARTAGENA,CERRADO CON SALDO,CERRADO CON SALDO,RECUPERACION,BOLÍVAR,CARTAGENA DE INDIAS,REDEBAN,0.4919124426553033,0.9876368163146954,Crítico,Crítico,Recuperación prioritaria,920,911,0,0,7376214.268216267,14994973.96,3602.0,999.0,0.9996649306666667,0.9996649306666667,100.0,"3602 días sin compensar | 999 días sin transacciones | consumo cupo 100% | saldo expuesto $14,994,974 | mora operativa Mayor a 60",Bloqueo/validación inmediata + gestión prioritaria,Enviar a recuperación/cartera prioritaria; no mezclar con alerta preventiva.
2026-05-02,66225,2026-04-30,BARRIO SAN MARTIN VALLEDUPAR 6,CERRADO CON SALDO,CERRADO CON SALDO,RECUPERACION,CESAR,VALLEDUPAR,REDEBAN,0.49736792776544464,0.9879211348676983,Crítico,Crítico,Recuperación prioritaria,921,912,0,0,7369834.319580124,14817671.0,595.0,576.0,0.9878447333333333,0.9878447333333333,100.0,"595 días sin compensar | 576 días sin transacciones | consumo cupo 99% | saldo expuesto $14,817,671 | mora operativa Mayor a 60 | aparece en castigados: Inactividad",Bloqueo/validación inmediata + gestión prioritaria,Enviar a recuperación/cartera prioritaria; no mezclar con alerta preventiva.
2026-05-02,43549,2026-04-30,BARRIO CANTA CLARO MONTERIA,CERRADO CON SALDO,CERRADO CON SALDO,RECUPERACION,CÓRDOBA,MONTERÍA,REDEBAN,0.4929762537153647,0.9876927777126379,Crítico,Crítico,Recuperación prioritaria,922,913,0,0,7367217.9148444105,14944366.71,75.0,337.0,1.494436671,1.494436671,100.0,"75 días sin compensar | 337 días sin transacciones | consumo cupo 149% | saldo expuesto $14,944,367 | mora operativa Mayor a 60 | aparece en castigados: Inactividad",Bloqueo/validación inmediata + gestión prioritaria,Enviar a recuperación/cartera prioritaria; no mezclar con alerta preventiva.
2026-05-02,53221,2026-04-30,BARRIO RESTREPO IBAGUE 2,CERRADO CON SALDO,CERRADO CON SALDO,RECUPERACION,TOLIMA,IBAGUÉ,REDEBAN,0.4954139635487207,0.9878200592616972,Crítico,Crítico,Recuperación prioritaria,923,914,0,0,7367069.198198085,14870532.0,1135.0,1158.0,1.4870532,1.4870532,100.0,"1135 días sin compensar | 1158 días sin transacciones | consumo cupo 149% | saldo expuesto $14,870,532 | mora operativa Mayor a 60",Bloqueo/validación inmediata + gestión prioritaria,Enviar a recuperación/cartera prioritaria; no mezclar con alerta preventiva.
2026-05-02,19855,2026-04-30,MASTERGROUP PEDREGAL,CERRADO CON SALDO,CERRADO CON SALDO,RECUPERACION,ANTIOQUIA,MEDELLÍN,REDEBAN,0.38263632474252673,0.9801448809528874,Crítico,Crítico,Recuperación prioritaria,924,915,0,0,7364245.574717392,19246070.22,3810.0,999.0,0.641535674,0.641535674,100.0,"3810 días sin compensar | 999 días sin transacciones | saldo expuesto $19,246,070 | mora operativa Mayor a 60",Bloqueo/validación inmediata + gestión prioritaria,Enviar a recuperación/cartera prioritaria; no mezclar con alerta preventiva.
2026-05-02,36871,2026-04-30,BARRIO FUNZA CUNDINAMARCA,CERRADO CON SALDO,CERRADO CON SALDO,RECUPERACION,CUNDINAMARCA,FUNZA,REDEBAN,0.4219768986464906,0.9833067633612971,Crítico,Crítico,Recuperación prioritaria,925,916,0,0,7363871.596867259,17450888.0,1225.0,999.0,1.1633925333333333,1.1633925333333333,100.0,"1225 días sin compensar | 999 días sin transacciones | consumo cupo 116% | saldo expuesto $17,450,888 | mora operativa Mayor a 60",Bloqueo/validación inmediata + gestión prioritaria,Enviar a recuperación/cartera prioritaria; no mezclar con alerta preventiva.
2026-05-02,27801,2026-04-30,BARRIO ARACATACA,CERRADO CON SALDO,CERRADO CON SALDO,RECUPERACION,MAGDALENA,ARACATACA,REDEBAN,0.3691072815429655,0.9788966516727571,Crítico,Crítico,Recuperación prioritaria,926,917,0,0,7351426.308245615,19916774.0,898.0,921.0,0.9958387,0.9958387,100.0,"898 días sin compensar | 921 días sin transacciones | consumo cupo 100% | saldo expuesto $19,916,774 | mora operativa Mayor a 60",Bloqueo/validación inmediata + gestión prioritaria,Enviar a recuperación/cartera prioritaria; no mezclar con alerta preventiva.
2026-05-02,62537,2026-04-30,BARRIO FONTIBON BAHIA SOLANO BOGOTA 1,CERRADO CON SALDO,CERRADO CON SALDO,RECUPERACION,CUNDINAMARCA,BOGOTÁ,REDEBAN,0.477032142492671,0.9868265239609061,Crítico,Crítico,Recuperación prioritaria,927,918,0,0,7347611.603100413,15402760.0,1129.0,1113.0,1.540276,1.540276,100.0,"1129 días sin compensar | 1113 días sin transacciones | consumo cupo 154% | saldo expuesto $15,402,760 | mora operativa Mayor a 60",Bloqueo/validación inmediata + gestión prioritaria,Enviar a recuperación/cartera prioritaria; no mezclar con alerta preventiva.
2026-05-02,12731,2026-04-30,BARRIO CENTRO - PUERTO INIRIDA,CERRADO CON SALDO,CERRADO CON SALDO,RECUPERACION,GUAINÍA,INÍRIDA,REDEBAN,0.34979360857683955,0.9769427991730147,Crítico,Crítico,Recuperación prioritaria,928,919,0,0,7336560.362153681,20973969.17,2972.0,999.0,0.4660882037777778,0.4660882037777778,100.0,"2972 días sin compensar | 999 días sin transacciones | saldo expuesto $20,973,969 | mora operativa Mayor a 60",Bloqueo/validación inmediata + gestión prioritaria,Enviar a recuperación/cartera prioritaria; no mezclar con alerta preventiva.
2026-05-02,40082,2026-04-30,BARRIO PARQUE BOLIVAR POTOSI,CERRADO CON SALDO,CERRADO CON SALDO,RECUPERACION,NARIÑO,POTOSÍ,REDEBAN,0.3529003837899326,0.9772718811361123,Crítico,Crítico,Recuperación prioritaria,929,920,0,0,7335130.113077756,20785271.0,1081.0,1089.0,0.9237898222222222,0.9237898222222222,100.0,"1081 días sin compensar | 1089 días sin transacciones | consumo cupo 92% | saldo expuesto $20,785,271 | mora operativa Mayor a 60",Bloqueo/validación inmediata + gestión prioritaria,Enviar a recuperación/cartera prioritaria; no mezclar con alerta preventiva.
2026-05-02,19137,2026-04-30,BARRIO ROBLEDO VILLA SOFIA,CERRADO CON SALDO,CERRADO CON SALDO,RECUPERACION,ANTIOQUIA,MEDELLÍN,REDEBAN,0.48903472620202715,0.9874841517469223,Crítico,Crítico,Recuperación prioritaria,930,921,0,0,7335006.604550944,14998948.36,3357.0,999.0,0.9999298906666666,0.9999298906666666,100.0,"3357 días sin compensar | 999 días sin transacciones | consumo cupo 100% | saldo expuesto $14,998,948 | mora operativa Mayor a 60",Bloqueo/validación inmediata + gestión prioritaria,Enviar a recuperación/cartera prioritaria; no mezclar con alerta preventiva.
2026-05-02,30771,2026-04-30,BARRIO LA VICTORIA,CERRADO CON SALDO,CERRADO CON SALDO,RECUPERACION,CESAR,PUEBLO BELLO,REDEBAN,0.4923448805911714,0.9876595952400002,Crítico,Crítico,Recuperación prioritaria,931,922,0,0,7331658.727373884,14891306.92,1879.0,999.0,0.9927537946666667,0.9927537946666667,100.0,"1879 días sin compensar | 999 días sin transacciones | consumo cupo 99% | saldo expuesto $14,891,307 | mora operativa Mayor a 60",Bloqueo/validación inmediata + gestión prioritaria,Enviar a recuperación/cartera prioritaria; no mezclar con alerta preventiva.
2026-05-02,16528,2026-04-30,BARRIO CENTRO YOTOCO,CERRADO CON SALDO,CERRADO CON SALDO,RECUPERACION,VALLE DEL CAUCA,YOTOCO,REDEBAN,0.3607750865362033,0.978080022241636,Crítico,Crítico,Recuperación prioritaria,932,923,0,0,7331080.539384521,20320362.5,3474.0,999.0,0.7815524038461539,0.7815524038461539,100.0,"3474 días sin compensar | 999 días sin transacciones | consumo cupo 78% | saldo expuesto $20,320,362 | mora operativa Mayor a 60",Bloqueo/validación inmediata + gestión prioritaria,Enviar a recuperación/cartera prioritaria; no mezclar con alerta preventiva.
2026-05-02,36491,2026-04-30,BARRIO CENTRO LEJANIAS 1,CERRADO CON SALDO,CERRADO CON SALDO,RECUPERACION,META,LEJANÍAS,REDEBAN,0.37649449481371877,0.9795896482764269,Crítico,Crítico,Recuperación prioritaria,933,924,0,0,7330421.109971355,19470194.68,1248.0,999.0,1.2980129786666665,1.2980129786666665,100.0,"1248 días sin compensar | 999 días sin transacciones | consumo cupo 130% | saldo expuesto $19,470,195 | mora operativa Mayor a 60",Bloqueo/validación inmediata + gestión prioritaria,Enviar a recuperación/cartera prioritaria; no mezclar con alerta preventiva.
2026-05-02,61963,2026-04-30,BARRIO PARQUE PRINCIPAL DE CIENAGA DE ORO CIENAGA DE ORO,CERRADO CON SALDO,CERRADO CON SALDO,RECUPERACION,CÓRDOBA,CIÉNAGA DE ORO,REDEBAN,0.503529128491127,0.9882344375506718,Crítico,Crítico,Recuperación prioritaria,934,925,0,0,7325626.255246513,14548565.0,1207.0,1152.0,0.9699043333333334,0.9699043333333334,100.0,"1207 días sin compensar | 1152 días sin transacciones | consumo cupo 97% | saldo expuesto $14,548,565 | mora operativa Mayor a 60",Bloqueo/validación inmediata + gestión prioritaria,Enviar a recuperación/cartera prioritaria; no mezclar con alerta preventiva.
2026-05-02,49657,2026-04-30,BARRIO LAS DAMAS PUERTO RICO 1,CERRADO CON SALDO,CERRADO CON SALDO,RECUPERACION,CAQUETÁ,PUERTO RICO,REDEBAN,0.30543510143454766,0.9714983492338067,Crítico,Crítico,Recuperación prioritaria,935,926,0,0,7320768.083026306,23968326.0,23.0,700.0,1.91746608,1.91746608,100.0,"700 días sin transacciones | consumo cupo 192% | saldo expuesto $23,968,326 | mora operativa Mayor a 60 | aparece en castigados: Inactividad",Bloqueo/validación inmediata + gestión prioritaria,Enviar a recuperación/cartera prioritaria; no mezclar con alerta preventiva.
2026-05-02,15977,2026-04-30,BARRIO ARANJUEZ X MEDELLÍN,CERRADO CON SALDO,CERRADO CON SALDO,RECUPERACION,ANTIOQUIA,MEDELLÍN,REDEBAN,0.4405485321408618,0.9845965979698122,Crítico,Crítico,Recuperación prioritaria,936,927,0,0,7312821.122890764,16599354.19,1102.0,999.0,0.8299677095,0.8299677095,100.0,"1102 días sin compensar | 999 días sin transacciones | consumo cupo 83% | saldo expuesto $16,599,354 | mora operativa Mayor a 60",Bloqueo/validación inmediata + gestión prioritaria,Enviar a recuperación/cartera prioritaria; no mezclar con alerta preventiva.
2026-05-02,67353,2026-04-30,BARRIO CENTRO SAN JUAN DE URABA 5,CERRADO CON SALDO,CERRADO CON SALDO,RECUPERACION,ANTIOQUIA,SAN JUAN DE URABÁ,REDEBAN,0.4725320385899425,0.9865709209500675,Crítico,Crítico,Recuperación prioritaria,937,928,0,0,7300424.367950636,15449586.0,489.0,457.0,1.0299724,1.0299724,100.0,"489 días sin compensar | 457 días sin transacciones | consumo cupo 103% | saldo expuesto $15,449,586 | mora operativa Mayor a 60 | aparece en castigados: Inactividad",Bloqueo/validación inmediata + gestión prioritaria,Enviar a recuperación/cartera prioritaria; no mezclar con alerta preventiva.
2026-05-02,42119,2026-04-30,BARRIO LETICIA CERETE,CERRADO CON SALDO,CERRADO CON SALDO,RECUPERACION,CÓRDOBA,CERETÉ,REDEBAN,0.49761816963910627,0.9879340191427881,Crítico,Crítico,Recuperación prioritaria,938,929,0,0,7299032.808272611,14667938.7,1299.0,999.0,0.9778625799999999,0.9778625799999999,100.0,"1299 días sin compensar | 999 días sin transacciones | consumo cupo 98% | saldo expuesto $14,667,939 | mora operativa Mayor a 60",Bloqueo/validación inmediata + gestión prioritaria,Enviar a recuperación/cartera prioritaria; no mezclar con alerta preventiva.
2026-05-02,25913,2026-04-30,BARRIO GRANIZAL 2 MEDELLIN,CERRADO CON SALDO,CERRADO CON SALDO,RECUPERACION,ANTIOQUIA,MEDELLÍN,REDEBAN,0.496016297252859,0.9878513064460042,Crítico,Crítico,Recuperación prioritaria,939,930,0,0,7289882.53973881,14696860.93,1498.0,999.0,0.9797907286666666,0.9797907286666666,100.0,"1498 días sin compensar | 999 días sin transacciones | consumo cupo 98% | saldo expuesto $14,696,861 | mora operativa Mayor a 60",Bloqueo/validación inmediata + gestión prioritaria,Enviar a recuperación/cartera prioritaria; no mezclar con alerta preventiva.
2026-05-02,27822,2026-04-30,BARRIO LAS FLOREZ - LOS PALMITOS,CERRADO CON SALDO,CERRADO CON SALDO,RECUPERACION,SUCRE,LOS PALMITOS,REDEBAN,0.370523989657965,0.979031753677933,Crítico,Crítico,Recuperación prioritaria,940,931,0,0,7284918.839277468,19661125.98,2514.0,999.0,0.983056299,0.983056299,100.0,"2514 días sin compensar | 999 días sin transacciones | consumo cupo 98% | saldo expuesto $19,661,126 | mora operativa Mayor a 60",Bloqueo/validación inmediata + gestión prioritaria,Enviar a recuperación/cartera prioritaria; no mezclar con alerta preventiva.
2026-05-02,16318,2026-04-30,BARRIO CRR PASACABALLO CARTAGENA,CERRADO CON SALDO,CERRADO CON SALDO,RECUPERACION,BOLÍVAR,CARTAGENA DE INDIAS,REDEBAN,0.4919124426553033,0.9876368163146954,Crítico,Crítico,Recuperación prioritaria,941,932,0,0,7277288.457473168,14793869.45,2921.0,999.0,0.9862579633333333,0.9862579633333333,100.0,"2921 días sin compensar | 999 días sin transacciones | consumo cupo 99% | saldo expuesto $14,793,869 | mora operativa Mayor a 60",Bloqueo/validación inmediata + gestión prioritaria,Enviar a recuperación/cartera prioritaria; no mezclar con alerta preventiva.
2026-05-02,22816,2026-04-30,BARRIO J VARGAS - BOGOTÁ,CERRADO CON SALDO,CERRADO CON SALDO,RECUPERACION,CUNDINAMARCA,BOGOTÁ,REDEBAN,0.5210137618397679,0.9890810377404959,Crítico,Crítico,Recuperación prioritaria,942,933,0,0,7274055.588064395,13961350.2,38.0,999.0,0.93075668,0.93075668,100.0,"38 días sin compensar | 999 días sin transacciones | consumo cupo 93% | saldo expuesto $13,961,350 | mora operativa Mayor a 60",Bloqueo/validación inmediata + gestión prioritaria,Enviar a recuperación/cartera prioritaria; no mezclar con alerta preventiva.
2026-05-02,19125,2026-04-30,LOS CASADOS DE LA TOLA,CERRADO CON SALDO,CERRADO CON SALDO,RECUPERACION,NARIÑO,LA TOLA,REDEBAN,0.29815694426872585,0.9704478077939489,Crítico,Crítico,Recuperación prioritaria,943,934,0,0,7273687.733907701,24395500.0,393.0,999.0,0.97582,0.97582,100.0,"393 días sin compensar | 999 días sin transacciones | consumo cupo 98% | saldo expuesto $24,395,500 | mora operativa Mayor a 60",Bloqueo/validación inmediata + gestión prioritaria,Enviar a recuperación/cartera prioritaria; no mezclar con alerta preventiva.
2026-05-02,20597,2026-04-30,BARRIO LA VICTORIA BARRANQUILLA,CERRADO CON SALDO,CERRADO CON SALDO,RECUPERACION,ATLÁNTICO,BARRANQUILLA,REDEBAN,0.4855028224465117,0.9872941813464892,Crítico,Crítico,Recuperación prioritaria,944,935,0,0,7268746.992474128,14971585.45,1514.0,999.0,0.9981056966666666,0.9981056966666666,100.0,"1514 días sin compensar | 999 días sin transacciones | consumo cupo 100% | saldo expuesto $14,971,585 | mora operativa Mayor a 60",Bloqueo/validación inmediata + gestión prioritaria,Enviar a recuperación/cartera prioritaria; no mezclar con alerta preventiva.
2026-05-02,46406,2026-04-30,BARRIO SANTO DOMINGO VALLEDUPAR,CERRADO CON SALDO,CERRADO CON SALDO,RECUPERACION,CESAR,VALLEDUPAR,REDEBAN,0.48673102987672223,0.9873605714267383,Crítico,Crítico,Recuperación prioritaria,945,936,0,0,7263213.616011535,14922438.0,515.0,515.0,0.9948292,0.9948292,100.0,"515 días sin compensar | 515 días sin transacciones | consumo cupo 99% | saldo expuesto $14,922,438 | mora operativa Mayor a 60 | aparece en castigados: Inactividad",Bloqueo/validación inmediata + gestión prioritaria,Enviar a recuperación/cartera prioritaria; no mezclar con alerta preventiva.
2026-05-02,36005,2026-04-30,BARRIO VILLA VENTO DOSQUEBRADAS,CERRADO CON SALDO,CERRADO CON SALDO,RECUPERACION,RISARALDA,DOSQUEBRADAS,REDEBAN,0.31885706674159614,0.9733083278679469,Crítico,Crítico,Recuperación prioritaria,946,937,0,0,7262903.738988312,22777929.35,1431.0,999.0,1.0123524155555557,1.0123524155555557,100.0,"1431 días sin compensar | 999 días sin transacciones | consumo cupo 101% | saldo expuesto $22,777,929 | mora operativa Mayor a 60",Bloqueo/validación inmediata + gestión prioritaria,Enviar a recuperación/cartera prioritaria; no mezclar con alerta preventiva.
2026-05-02,23558,2026-04-30,CENTRO PUERTO GAITAN - META,CERRADO CON SALDO,CERRADO CON SALDO,RECUPERACION,META,PUERTO GAITÁN,REDEBAN,0.3500652821429322,0.9769718143190083,Crítico,Crítico,Recuperación prioritaria,947,938,0,0,7257569.623407223,20732046.26,1683.0,999.0,1.0366023130000002,1.0366023130000002,100.0,"1683 días sin compensar | 999 días sin transacciones | consumo cupo 104% | saldo expuesto $20,732,046 | mora operativa Mayor a 60",Bloqueo/validación inmediata + gestión prioritaria,Enviar a recuperación/cartera prioritaria; no mezclar con alerta preventiva.
2026-05-02,53837,2026-04-30,BARRIO KENEDY IBAGUE,CERRADO CON SALDO,CERRADO CON SALDO,RECUPERACION,TOLIMA,IBAGUÉ,REDEBAN,0.4954139635487207,0.9878200592616972,Crítico,Crítico,Recuperación prioritaria,948,939,0,0,7255190.358223841,14644703.0,1484.0,999.0,1.4644703,1.4644703,100.0,"1484 días sin compensar | 999 días sin transacciones | consumo cupo 146% | saldo expuesto $14,644,703 | mora operativa Mayor a 60",Bloqueo/validación inmediata + gestión prioritaria,Enviar a recuperación/cartera prioritaria; no mezclar con alerta preventiva.
2026-05-02,43673,2026-04-30,BARRIO CORTIJO SOLEDAD,CERRADO CON SALDO,CERRADO CON SALDO,RECUPERACION,ATLÁNTICO,SOLEDAD,REDEBAN,0.3208869893085128,0.9735686917964171,Crítico,Crítico,Recuperación prioritaria,949,940,0,0,7253237.026699305,22603711.8,1990.0,999.0,0.9957582290748899,0.9957582290748899,100.0,"1990 días sin compensar | 999 días sin transacciones | consumo cupo 100% | saldo expuesto $22,603,712 | mora operativa Mayor a 60",Bloqueo/validación inmediata + gestión prioritaria,Enviar a recuperación/cartera prioritaria; no mezclar con alerta preventiva.
2026-05-02,31437,2026-04-30,BARRIO OLAYA 6,CERRADO CON SALDO,CERRADO CON SALDO,RECUPERACION,CUNDINAMARCA,BOGOTÁ,REDEBAN,0.5237999162017531,0.9892104289028264,Crítico,Crítico,Recuperación prioritaria,950,941,0,0,7251408.517509473,13843852.0,617.0,999.0,0.9229234666666667,0.9229234666666667,100.0,"617 días sin compensar | 999 días sin transacciones | consumo cupo 92% | saldo expuesto $13,843,852 | mora operativa Mayor a 60",Bloqueo/validación inmediata + gestión prioritaria,Enviar a recuperación/cartera prioritaria; no mezclar con alerta preventiva.
2026-05-02,10216,2026-04-30,ROZO - VALLE DEL CAUCA,CERRADO CON SALDO,CERRADO CON SALDO,RECUPERACION,VALLE DEL CAUCA,PALMIRA,REDEBAN,0.3637101576411873,0.9783720641409134,Crítico,Crítico,Recuperación prioritaria,951,942,0,0,7245117.386089939,19920030.37,1493.0,999.0,0.9960015185000001,0.9960015185000001,100.0,"1493 días sin compensar | 999 días sin transacciones | consumo cupo 100% | saldo expuesto $19,920,030 | mora operativa Mayor a 60",Bloqueo/validación inmediata + gestión prioritaria,Enviar a recuperación/cartera prioritaria; no mezclar con alerta preventiva.
2026-05-02,51327,2026-04-30,BARRIO VEGAS DE SANTA ANA BOGOTA,CERRADO CON SALDO,CERRADO CON SALDO,RECUPERACION,CUNDINAMARCA,BOGOTÁ,REDEBAN,0.48269804841622,0.9871412401699293,Crítico,Crítico,Recuperación prioritaria,952,943,0,0,7240453.831811605,14999965.0,1316.0,999.0,1.4999965,1.4999965,100.0,"1316 días sin compensar | 999 días sin transacciones | consumo cupo 150% | saldo expuesto $14,999,965 | mora operativa Mayor a 60",Bloqueo/validación inmediata + gestión prioritaria,Enviar a recuperación/cartera prioritaria; no mezclar con alerta preventiva.
2026-05-02,24962,2026-04-30,BARRIO CENTRO - RAMIRIQUÍ,CERRADO CON SALDO,CERRADO CON SALDO,RECUPERACION,BOYACÁ,RAMIRIQUÍ,REDEBAN,0.3543014083447531,0.9774183515646064,Crítico,Crítico,Recuperación prioritaria,953,944,0,0,7235164.258709619,20420930.0,1557.0,999.0,1.0210465,1.0210465,100.0,"1557 días sin compensar | 999 días sin transacciones | consumo cupo 102% | saldo expuesto $20,420,930 | mora operativa Mayor a 60",Bloqueo/validación inmediata + gestión prioritaria,Enviar a recuperación/cartera prioritaria; no mezclar con alerta preventiva.
2026-05-02,49243,2026-04-30,BARRIO BONANZA BOGOTA 3,CERRADO CON SALDO,CERRADO CON SALDO,RECUPERACION,CUNDINAMARCA,BOGOTÁ,REDEBAN,0.48269804841622,0.9871412401699293,Crítico,Crítico,Recuperación prioritaria,954,945,0,0,7234411.417641531,14987447.0,716.0,999.0,1.4987447,1.4987447,100.0,"716 días sin compensar | 999 días sin transacciones | consumo cupo 150% | saldo expuesto $14,987,447 | mora operativa Mayor a 60",Bloqueo/validación inmediata + gestión prioritaria,Enviar a recuperación/cartera prioritaria; no mezclar con alerta preventiva.
2026-05-02,22978,2026-04-30,BARRIO CENTRO VI - ZARZAL,CERRADO CON SALDO,CERRADO CON SALDO,RECUPERACION,VALLE DEL CAUCA,ZARZAL,REDEBAN,0.3705780216950735,0.9790368853542389,Crítico,Crítico,Recuperación prioritaria,955,946,0,0,7233013.827048279,19518194.29,2538.0,999.0,0.9759097145,0.9759097145,100.0,"2538 días sin compensar | 999 días sin transacciones | consumo cupo 98% | saldo expuesto $19,518,194 | mora operativa Mayor a 60",Bloqueo/validación inmediata + gestión prioritaria,Enviar a recuperación/cartera prioritaria; no mezclar con alerta preventiva.
2026-05-02,16769,2026-04-30,BARRIO SANTA ROSITA II BOGOTA,CERRADO CON SALDO,CERRADO CON SALDO,RECUPERACION,CUNDINAMARCA,BOGOTÁ,REDEBAN,0.5563658460117895,0.9906211137667236,Crítico,Crítico,Recuperación prioritaria,956,947,0,0,7231700.794689718,12998103.4,2836.0,999.0,0.64990517,0.64990517,100.0,"2836 días sin compensar | 999 días sin transacciones | saldo expuesto $12,998,103 | mora operativa Mayor a 60",Bloqueo/validación inmediata + gestión prioritaria,Enviar a recuperación/cartera prioritaria; no mezclar con alerta preventiva.
2026-05-02,26746,2026-04-30,BARRIO REMANSOS DE ROSABLACA VILLAVICENCIO,CERRADO CON SALDO,CERRADO CON SALDO,RECUPERACION,META,VILLAVICENCIO,REDEBAN,0.47258704098346666,0.9865740758486596,Crítico,Crítico,Recuperación prioritaria,957,948,0,0,7230800.062259974,15300462.0,244.0,999.0,0.9999648388994183,0.9999648388994183,100.0,"244 días sin compensar | 999 días sin transacciones | consumo cupo 100% | saldo expuesto $15,300,462 | mora operativa Mayor a 60",Bloqueo/validación inmediata + gestión prioritaria,Enviar a recuperación/cartera prioritaria; no mezclar con alerta preventiva.
2026-05-02,26358,2026-04-30,BARRIO CENTRO GUATAVITA II,CERRADO CON SALDO,CERRADO CON SALDO,RECUPERACION,CUNDINAMARCA,GUATAVITA,REDEBAN,0.43070850854791903,0.9839275874841313,Crítico,Crítico,Recuperación prioritaria,958,949,0,0,7224479.731305097,16773478.09,2342.0,999.0,0.8386739045,0.8386739045,100.0,"2342 días sin compensar | 999 días sin transacciones | consumo cupo 84% | saldo expuesto $16,773,478 | mora operativa Mayor a 60",Bloqueo/validación inmediata + gestión prioritaria,Enviar a recuperación/cartera prioritaria; no mezclar con alerta preventiva.
2026-05-02,51685,2026-04-30,BARRIO MANRIQUE MEDELLIN 17,CERRADO CON SALDO,CERRADO CON SALDO,RECUPERACION,ANTIOQUIA,MEDELLÍN,REDEBAN,0.4817820280882442,0.9870908855466268,Crítico,Crítico,Recuperación prioritaria,959,950,0,0,7223757.344428331,14993829.0,1207.0,1152.0,0.9995886,0.9995886,100.0,"1207 días sin compensar | 1152 días sin transacciones | consumo cupo 100% | saldo expuesto $14,993,829 | mora operativa Mayor a 60",Bloqueo/validación inmediata + gestión prioritaria,Enviar a recuperación/cartera prioritaria; no mezclar con alerta preventiva.
2026-05-02,52038,2026-04-30,BARRIO MARIA PAZ KENNEDY BOGOTA,CERRADO CON SALDO,CERRADO CON SALDO,RECUPERACION,CUNDINAMARCA,BOGOTÁ,REDEBAN,0.48269804841622,0.9871412401699293,Crítico,Crítico,Recuperación prioritaria,960,951,0,0,7208369.375231428,14933496.0,1109.0,1127.0,1.4933496,1.4933496,100.0,"1109 días sin compensar | 1127 días sin transacciones | consumo cupo 149% | saldo expuesto $14,933,496 | mora operativa Mayor a 60",Bloqueo/validación inmediata + gestión prioritaria,Enviar a recuperación/cartera prioritaria; no mezclar con alerta preventiva.
2026-05-02,37520,2026-04-30,BARRIO FONTIBON BOGOTA 3,CERRADO CON SALDO,CERRADO CON SALDO,RECUPERACION,CUNDINAMARCA,BOGOTÁ,REDEBAN,0.5161715367432009,0.9888526434842144,Crítico,Crítico,Recuperación prioritaria,961,952,0,0,7206143.846273789,13960754.0,1288.0,999.0,0.9307169333333334,0.9307169333333334,100.0,"1288 días sin compensar | 999 días sin transacciones | consumo cupo 93% | saldo expuesto $13,960,754 | mora operativa Mayor a 60",Bloqueo/validación inmediata + gestión prioritaria,Enviar a recuperación/cartera prioritaria; no mezclar con alerta preventiva.
2026-05-02,71913,2026-04-30,LA PLATA - CENTRO POBLADO SAN ANDRES,CERRADO CON SALDO,CERRADO CON SALDO,RECUPERACION,HUILA,LA PLATA,REDEBAN,0.36014560586043554,0.9780167528640171,Crítico,Crítico,Recuperación prioritaria,962,953,0,0,7202933.725945062,20000060.0,452.0,533.0,1.3333373333333334,1.3333373333333334,100.0,"452 días sin compensar | 533 días sin transacciones | consumo cupo 133% | saldo expuesto $20,000,060 | mora operativa Mayor a 60 | aparece en castigados: Inactividad",Bloqueo/validación inmediata + gestión prioritaria,Enviar a recuperación/cartera prioritaria; no mezclar con alerta preventiva.
2026-05-02,40457,2026-04-30,BARRIO BOSA CENTRO BOGOTA 1,CERRADO CON SALDO,CERRADO CON SALDO,RECUPERACION,CUNDINAMARCA,BOGOTÁ,REDEBAN,0.5604804121034594,0.9907869553916754,Crítico,Crítico,Recuperación prioritaria,963,954,0,0,7200410.046572193,12846854.04,1205.0,999.0,0.5138741616,0.5138741616,100.0,"1205 días sin compensar | 999 días sin transacciones | saldo expuesto $12,846,854 | mora operativa Mayor a 60",Bloqueo/validación inmediata + gestión prioritaria,Enviar a recuperación/cartera prioritaria; no mezclar con alerta preventiva.
2026-05-02,14666,2026-04-30,PARQUE PPAL GENOVA COLON,CERRADO CON SALDO,CERRADO CON SALDO,RECUPERACION,NARIÑO,COLÓN,REDEBAN,0.24338067445422024,0.9605101838940234,Crítico,Crítico,Recuperación prioritaria,964,955,0,0,7198927.384326594,29578878.44,583.0,577.0,4.225554062857143,4.225554062857143,100.0,"583 días sin compensar | 577 días sin transacciones | consumo cupo 423% | saldo expuesto $29,578,878 | mora operativa Mayor a 60 | aparece en castigados: Confidencial",Bloqueo/validación inmediata + gestión prioritaria,Enviar a recuperación/cartera prioritaria; no mezclar con alerta preventiva.
2026-05-02,38340,2026-04-30,BARRIO VILLA DEL PRADO BOGOTA 1,CERRADO CON SALDO,CERRADO CON SALDO,RECUPERACION,CUNDINAMARCA,BOGOTÁ,REDEBAN,0.5161715367432009,0.9888526434842144,Crítico,Crítico,Recuperación prioritaria,965,956,0,0,7196502.2781389635,13942075.0,955.0,1179.0,0.9294716666666667,0.9294716666666667,100.0,"955 días sin compensar | 1179 días sin transacciones | consumo cupo 93% | saldo expuesto $13,942,075 | mora operativa Mayor a 60",Bloqueo/validación inmediata + gestión prioritaria,Enviar a recuperación/cartera prioritaria; no mezclar con alerta preventiva.
2026-05-02,42600,2026-04-30,BARRIO RODRIGO LARA BONILLA PITALITO,CERRADO CON SALDO,CERRADO CON SALDO,RECUPERACION,HUILA,PITALITO,REDEBAN,0.35830573165462326,0.9778305201748201,Crítico,Crítico,Recuperación prioritaria,966,957,0,0,7186179.3957593925,20055999.0,1102.0,999.0,1.00279995,1.00279995,100.0,"1102 días sin compensar | 999 días sin transacciones | consumo cupo 100% | saldo expuesto $20,055,999 | mora operativa Mayor a 60",Bloqueo/validación inmediata + gestión prioritaria,Enviar a recuperación/cartera prioritaria; no mezclar con alerta preventiva.
2026-05-02,36215,2026-04-30,BARRIO NAVARRA BELLO 2,CERRADO CON SALDO,CERRADO CON SALDO,RECUPERACION,ANTIOQUIA,BELLO,REDEBAN,0.48104361648517147,0.9870501477311646,Crítico,Crítico,Recuperación prioritaria,967,958,0,0,7183445.971935808,14933045.0,2306.0,999.0,0.9955363333333334,0.9955363333333334,100.0,"2306 días sin compensar | 999 días sin transacciones | consumo cupo 100% | saldo expuesto $14,933,045 | mora operativa Mayor a 60",Bloqueo/validación inmediata + gestión prioritaria,Enviar a recuperación/cartera prioritaria; no mezclar con alerta preventiva.
2026-05-02,35335,2026-04-30,BARRIO VELODROMO BOGOTA,CERRADO CON SALDO,CERRADO CON SALDO,RECUPERACION,CUNDINAMARCA,BOGOTÁ,REDEBAN,0.5061720283008092,0.9883663687389337,Crítico,Crítico,Recuperación prioritaria,968,959,0,0,7167690.614094335,14160582.2,1481.0,999.0,1.41605822,1.41605822,100.0,"1481 días sin compensar | 999 días sin transacciones | consumo cupo 142% | saldo expuesto $14,160,582 | mora operativa Mayor a 60",Bloqueo/validación inmediata + gestión prioritaria,Enviar a recuperación/cartera prioritaria; no mezclar con alerta preventiva.
2026-05-02,43253,2026-04-30,BARRIO ATALAYAS BOGOTA,CERRADO CON SALDO,CERRADO CON SALDO,RECUPERACION,CUNDINAMARCA,BOGOTÁ,REDEBAN,0.49105079342814323,0.9875913026273424,Crítico,Crítico,Recuperación prioritaria,969,960,0,0,7166212.215554532,14593627.2,1392.0,999.0,0.97290848,0.97290848,100.0,"1392 días sin compensar | 999 días sin transacciones | consumo cupo 97% | saldo expuesto $14,593,627 | mora operativa Mayor a 60",Bloqueo/validación inmediata + gestión prioritaria,Enviar a recuperación/cartera prioritaria; no mezclar con alerta preventiva.
2026-05-02,14924,2026-04-30,BARRIO CENTRO V TULUA,CERRADO CON SALDO,CERRADO CON SALDO,RECUPERACION,VALLE DEL CAUCA,TULUÁ,REDEBAN,0.36314765040620794,0.9783164691401477,Crítico,Crítico,Recuperación prioritaria,970,961,0,0,7158252.30392293,19711685.58,3097.0,999.0,0.9855842789999999,0.9855842789999999,100.0,"3097 días sin compensar | 999 días sin transacciones | consumo cupo 99% | saldo expuesto $19,711,686 | mora operativa Mayor a 60",Bloqueo/validación inmediata + gestión prioritaria,Enviar a recuperación/cartera prioritaria; no mezclar con alerta preventiva.
2026-05-02,11018,2026-04-30,TOLEDO II - NORTE DE SANTANDER,CERRADO CON SALDO,CERRADO CON SALDO,RECUPERACION,NORTE DE SANTANDER,TOLEDO,REDEBAN,0.26442935710825555,0.9648174556226058,Crítico,Crítico,Recuperación prioritaria,971,962,0,0,7157759.467614952,27068702.0,4200.0,999.0,0.9022900666666667,0.9022900666666667,100.0,"4200 días sin compensar | 999 días sin transacciones | consumo cupo 90% | saldo expuesto $27,068,702 | mora operativa Mayor a 60",Bloqueo/validación inmediata + gestión prioritaria,Enviar a recuperación/cartera prioritaria; no mezclar con alerta preventiva.
2026-05-02,11506,2026-04-30,BARRIO CIUDADELA DEL RIO - CALI,CERRADO CON SALDO,CERRADO CON SALDO,RECUPERACION,VALLE DEL CAUCA,CALI,REDEBAN,0.21922565860287585,0.9545531912869185,Crítico,Crítico,Recuperación prioritaria,972,963,0,0,7154655.015282997,32636029.29,1550.0,999.0,1.087867643,1.087867643,100.0,"1550 días sin compensar | 999 días sin transacciones | consumo cupo 109% | saldo expuesto $32,636,029 | mora operativa Mayor a 60",Bloqueo/validación inmediata + gestión prioritaria,Enviar a recuperación/cartera prioritaria; no mezclar con alerta preventiva.
2026-05-02,29840,2026-04-30,SECTOR SARAVENA III - ARAUCA,CERRADO CON SALDO,CERRADO CON SALDO,RECUPERACION,ARAUCA,SARAVENA,REDEBAN,0.2399887167302641,0.9597455520695601,Crítico,Crítico,Recuperación prioritaria,973,964,0,0,7147446.436842769,29782427.0,659.0,658.0,0.9927475666666666,0.9927475666666666,100.0,"659 días sin compensar | 658 días sin transacciones | consumo cupo 99% | saldo expuesto $29,782,427 | mora operativa Mayor a 60 | aparece en castigados: Confidencial",Bloqueo/validación inmediata + gestión prioritaria,Enviar a recuperación/cartera prioritaria; no mezclar con alerta preventiva.
2026-05-02,41124,2026-04-30,BARRIO CENTRO MAICAO 9,CERRADO CON SALDO,CERRADO CON SALDO,RECUPERACION,LA GUAJIRA,MAICAO,REDEBAN,0.3945134056931756,0.9811681264092287,Crítico,Crítico,Recuperación prioritaria,974,965,0,0,7132865.497077526,18080160.0,1141.0,999.0,0.9515873684210526,0.9515873684210526,100.0,"1141 días sin compensar | 999 días sin transacciones | consumo cupo 95% | saldo expuesto $18,080,160 | mora operativa Mayor a 60",Bloqueo/validación inmediata + gestión prioritaria,Enviar a recuperación/cartera prioritaria; no mezclar con alerta preventiva.
2026-05-02,24721,2026-04-30,BARRIO EL COMERCIO II - GUARANDA,CERRADO CON SALDO,CERRADO CON SALDO,RECUPERACION,SUCRE,GUARANDA,REDEBAN,0.35692789755935556,0.977689767160993,Crítico,Crítico,Recuperación prioritaria,975,966,0,0,7131348.614433838,19979801.7,1725.0,999.0,0.998990085,0.998990085,100.0,"1725 días sin compensar | 999 días sin transacciones | consumo cupo 100% | saldo expuesto $19,979,802 | mora operativa Mayor a 60",Bloqueo/validación inmediata + gestión prioritaria,Enviar a recuperación/cartera prioritaria; no mezclar con alerta preventiva.
2026-05-02,27457,2026-04-30,BARRIO VALLADOLID BOGOTA,CERRADO CON SALDO,CERRADO CON SALDO,RECUPERACION,CUNDINAMARCA,BOGOTÁ,REDEBAN,0.526920316733349,0.9893536234361517,Crítico,Crítico,Recuperación prioritaria,976,967,0,0,7126950.720890198,13525670.76,2279.0,999.0,0.901711384,0.901711384,100.0,"2279 días sin compensar | 999 días sin transacciones | consumo cupo 90% | saldo expuesto $13,525,671 | mora operativa Mayor a 60",Bloqueo/validación inmediata + gestión prioritaria,Enviar a recuperación/cartera prioritaria; no mezclar con alerta preventiva.
2026-05-02,71723,2026-04-30,TIQUISIO LOMA FRESCA,CERRADO CON SALDO,CERRADO CON SALDO,RECUPERACION,BOLÍVAR,TIQUISIO,REDEBAN,0.460582668174791,0.9858667984519326,Crítico,Crítico,Recuperación prioritaria,977,968,0,0,7116002.22330052,15450000.0,518.0,507.0,1.03,1.03,100.0,"518 días sin compensar | 507 días sin transacciones | consumo cupo 103% | saldo expuesto $15,450,000 | mora operativa Mayor a 60 | aparece en castigados: Inactividad",Bloqueo/validación inmediata + gestión prioritaria,Enviar a recuperación/cartera prioritaria; no mezclar con alerta preventiva.
2026-05-02,30604,2026-04-30,BARRIO VILLA GRANDE DE INDIAS,CERRADO CON SALDO,CERRADO CON SALDO,RECUPERACION,BOLÍVAR,CARTAGENA DE INDIAS,REDEBAN,0.47496959929576743,0.9867100029650503,Crítico,Crítico,Recuperación prioritaria,978,969,0,0,7112221.853121981,14974057.0,2431.0,999.0,0.9982704666666666,0.9982704666666666,100.0,"2431 días sin compensar | 999 días sin transacciones | consumo cupo 100% | saldo expuesto $14,974,057 | mora operativa Mayor a 60",Bloqueo/validación inmediata + gestión prioritaria,Enviar a recuperación/cartera prioritaria; no mezclar con alerta preventiva.
2026-05-02,28670,2026-04-30,CENTRO ANZOATEGUI - TOLIMA,CERRADO CON SALDO,CERRADO CON SALDO,RECUPERACION,TOLIMA,ANZOÁTEGUI,REDEBAN,0.28415124490601606,0.9682731362345964,Crítico,Crítico,Recuperación prioritaria,979,970,0,0,7103505.495942843,24999030.0,1401.0,999.0,0.9999612,0.9999612,100.0,"1401 días sin compensar | 999 días sin transacciones | consumo cupo 100% | saldo expuesto $24,999,030 | mora operativa Mayor a 60",Bloqueo/validación inmediata + gestión prioritaria,Enviar a recuperación/cartera prioritaria; no mezclar con alerta preventiva.
2026-05-02,61116,2026-04-30,BARRIO VIKINGOS SAN JUAN DE URABA,CERRADO CON SALDO,CERRADO CON SALDO,RECUPERACION,ANTIOQUIA,SAN JUAN DE URABÁ,REDEBAN,0.31939966912298207,0.9733782529582831,Crítico,Crítico,Recuperación prioritaria,980,971,0,0,7100302.235154591,22230149.0,241.0,1196.0,1.4820099333333334,1.4820099333333334,100.0,"241 días sin compensar | 1196 días sin transacciones | consumo cupo 148% | saldo expuesto $22,230,149 | mora operativa Mayor a 60",Bloqueo/validación inmediata + gestión prioritaria,Enviar a recuperación/cartera prioritaria; no mezclar con alerta preventiva.
2026-05-02,17225,2026-04-30,EL DIAMANTE II MEDELLIN,CERRADO CON SALDO,CERRADO CON SALDO,RECUPERACION,ANTIOQUIA,MEDELLÍN,REDEBAN,0.5237888209536478,0.9892099165203023,Crítico,Crítico,Recuperación prioritaria,981,972,0,0,7099913.103113561,13554915.3,3585.0,999.0,0.6777457650000001,0.6777457650000001,100.0,"3585 días sin compensar | 999 días sin transacciones | saldo expuesto $13,554,915 | mora operativa Mayor a 60",Bloqueo/validación inmediata + gestión prioritaria,Enviar a recuperación/cartera prioritaria; no mezclar con alerta preventiva.
2026-05-02,46799,2026-04-30,BARRIO CORREGIMIENTO ASERRADERO PURISIMA DE LA CONCEPCION,CERRADO CON SALDO,CERRADO CON SALDO,RECUPERACION,CÓRDOBA,PURÍSIMA DE LA CONCEPCIÓN,REDEBAN,0.4797506636515304,0.9869784991648377,Crítico,Crítico,Recuperación prioritaria,982,973,0,0,7096080.819942562,14791185.0,423.0,732.0,0.986079,0.986079,100.0,"423 días sin compensar | 732 días sin transacciones | consumo cupo 99% | saldo expuesto $14,791,185 | mora operativa Mayor a 60 | aparece en castigados: Otro",Bloqueo/validación inmediata + gestión prioritaria,Enviar a recuperación/cartera prioritaria; no mezclar con alerta preventiva.
2026-05-02,58321,2026-04-30,BARRIO LIBERTAD TUCHIN,CERRADO CON SALDO,CERRADO CON SALDO,RECUPERACION,CÓRDOBA,TUCHÍN,REDEBAN,0.46155629186998876,0.985925597253743,Crítico,Crítico,Recuperación prioritaria,983,974,0,0,7090693.150574593,15362575.0,1234.0,1179.0,1.0241716666666667,1.0241716666666667,100.0,"1234 días sin compensar | 1179 días sin transacciones | consumo cupo 102% | saldo expuesto $15,362,575 | mora operativa Mayor a 60",Bloqueo/validación inmediata + gestión prioritaria,Enviar a recuperación/cartera prioritaria; no mezclar con alerta preventiva.
2026-05-02,55436,2026-04-30,BARRIO CORREGIMIENTO SAN ROQUE,CERRADO CON SALDO,CERRADO CON SALDO,RECUPERACION,ANTIOQUIA,SAN ROQUE,REDEBAN,0.2817626713798974,0.967880495575045,Crítico,Crítico,Recuperación prioritaria,984,975,0,0,7087353.983701529,25153630.0,680.0,782.0,1.5244624242424243,1.5244624242424243,100.0,"680 días sin compensar | 782 días sin transacciones | consumo cupo 152% | saldo expuesto $25,153,630 | mora operativa Mayor a 60 | aparece en castigados: Inactividad",Bloqueo/validación inmediata + gestión prioritaria,Enviar a recuperación/cartera prioritaria; no mezclar con alerta preventiva.
2026-05-02,62370,2026-04-30,BARRIO NUEVA JERUSALEN BELLO,CERRADO CON SALDO,CERRADO CON SALDO,RECUPERACION,ANTIOQUIA,BELLO,REDEBAN,0.47247858477663657,0.9865678541396206,Crítico,Crítico,Recuperación prioritaria,985,976,0,0,7086036.318431559,14997582.0,1206.0,1095.0,1.4997582,1.4997582,100.0,"1206 días sin compensar | 1095 días sin transacciones | consumo cupo 150% | saldo expuesto $14,997,582 | mora operativa Mayor a 60",Bloqueo/validación inmediata + gestión prioritaria,Enviar a recuperación/cartera prioritaria; no mezclar con alerta preventiva.
2026-05-02,14761,2026-04-30,SANTO DOMINGO V MEDELLIN,CERRADO CON SALDO,CERRADO CON SALDO,RECUPERACION,ANTIOQUIA,MEDELLÍN,REDEBAN,0.497529444770741,0.9879294525015127,Crítico,Crítico,Recuperación prioritaria,986,977,0,0,7081764.935397432,14233860.95,4154.0,999.0,0.9489240633333332,0.9489240633333332,100.0,"4154 días sin compensar | 999 días sin transacciones | consumo cupo 95% | saldo expuesto $14,233,861 | mora operativa Mayor a 60",Bloqueo/validación inmediata + gestión prioritaria,Enviar a recuperación/cartera prioritaria; no mezclar con alerta preventiva.
2026-05-02,42173,2026-04-30,BARRIO ENTRO FLORENCIA,CERRADO CON SALDO,CERRADO CON SALDO,RECUPERACION,CAQUETÁ,FLORENCIA,REDEBAN,0.46233127264717067,0.9859722146456477,Crítico,Crítico,Recuperación prioritaria,987,978,0,0,7078267.525706307,15309947.53,1928.0,999.0,0.6123979011999999,0.6123979011999999,100.0,"1928 días sin compensar | 999 días sin transacciones | saldo expuesto $15,309,948 | mora operativa Mayor a 60",Bloqueo/validación inmediata + gestión prioritaria,Enviar a recuperación/cartera prioritaria; no mezclar con alerta preventiva.
2026-05-02,28632,2026-04-30,BARRIO CENTRO 10 CAJICÁ,CERRADO CON SALDO,CERRADO CON SALDO,RECUPERACION,CUNDINAMARCA,CAJICÁ,REDEBAN,0.5278803025671143,0.989397316347809,Crítico,Crítico,Recuperación prioritaria,988,979,0,0,7070020.773898074,13393227.1,801.0,999.0,0.8928818066666666,0.8928818066666666,100.0,"801 días sin compensar | 999 días sin transacciones | consumo cupo 89% | saldo expuesto $13,393,227 | mora operativa Mayor a 60",Bloqueo/validación inmediata + gestión prioritaria,Enviar a recuperación/cartera prioritaria; no mezclar con alerta preventiva.
2026-05-02,31265,2026-04-30,BARRIO BELLO PARQUE 5,CERRADO CON SALDO,CERRADO CON SALDO,RECUPERACION,ANTIOQUIA,BELLO,REDEBAN,0.47574505749536916,0.9867539358298623,Crítico,Crítico,Recuperación prioritaria,989,980,0,0,7069650.52806073,14860166.0,2253.0,999.0,0.9906777333333333,0.9906777333333333,100.0,"2253 días sin compensar | 999 días sin transacciones | consumo cupo 99% | saldo expuesto $14,860,166 | mora operativa Mayor a 60",Bloqueo/validación inmediata + gestión prioritaria,Enviar a recuperación/cartera prioritaria; no mezclar con alerta preventiva.
2026-05-02,43200,2026-04-30,BARRIO EL CENTRO CUCUTA 29,CERRADO CON SALDO,CERRADO CON SALDO,RECUPERACION,NORTE DE SANTANDER,CÚCUTA,REDEBAN,0.4662765215532668,0.9862070214894595,Crítico,Crítico,Recuperación prioritaria,990,981,0,0,7060359.089359567,15142000.0,1896.0,999.0,1.5142,1.5142,100.0,"1896 días sin compensar | 999 días sin transacciones | consumo cupo 151% | saldo expuesto $15,142,000 | mora operativa Mayor a 60",Bloqueo/validación inmediata + gestión prioritaria,Enviar a recuperación/cartera prioritaria; no mezclar con alerta preventiva.
2026-05-02,10967,2026-04-30,ITSMINA,CERRADO CON SALDO,CERRADO CON SALDO,RECUPERACION,CHOCÓ,ISTMINA,REDEBAN,0.27744492498828655,0.9671534589435541,Crítico,Crítico,Recuperación prioritaria,991,982,0,0,7047777.363932688,25402437.49,2916.0,999.0,0.5644986108888889,0.5644986108888889,100.0,"2916 días sin compensar | 999 días sin transacciones | saldo expuesto $25,402,437 | mora operativa Mayor a 60",Bloqueo/validación inmediata + gestión prioritaria,Enviar a recuperación/cartera prioritaria; no mezclar con alerta preventiva.
2026-05-02,18399,2026-04-30,BARRIO PRIMERO DE MAYO IV VALLEDUPAR,CERRADO CON SALDO,CERRADO CON SALDO,RECUPERACION,CESAR,VALLEDUPAR,REDEBAN,0.4393356860822186,0.9845158223206218,Crítico,Crítico,Recuperación prioritaria,992,983,0,0,7045533.574856785,16036788.72,1387.0,999.0,0.8018394360000001,0.8018394360000001,100.0,"1387 días sin compensar | 999 días sin transacciones | consumo cupo 80% | saldo expuesto $16,036,789 | mora operativa Mayor a 60",Bloqueo/validación inmediata + gestión prioritaria,Enviar a recuperación/cartera prioritaria; no mezclar con alerta preventiva.
2026-05-02,46231,2026-04-30,BARRIO POSTOBON SANTA MARTA,CERRADO CON SALDO,CERRADO CON SALDO,RECUPERACION,MAGDALENA,SANTA MARTA,REDEBAN,0.4497285977032149,0.9851932831639137,Crítico,Crítico,Recuperación prioritaria,993,984,0,0,7037273.081147803,15647822.08,840.0,872.0,1.0431881386666666,1.0431881386666666,100.0,"840 días sin compensar | 872 días sin transacciones | consumo cupo 104% | saldo expuesto $15,647,822 | mora operativa Mayor a 60",Bloqueo/validación inmediata + gestión prioritaria,Enviar a recuperación/cartera prioritaria; no mezclar con alerta preventiva.
2026-05-02,72459,2026-04-30,BARRIO VARIEDADES LEYDY DI,CERRADO CON SALDO,CERRADO CON SALDO,RECUPERACION,BOLÍVAR,SAN JACINTO,REDEBAN,0.4554799643539253,0.9855543403761465,Crítico,Crítico,Recuperación prioritaria,994,985,0,0,7037165.4492681455,15450000.0,795.0,755.0,1.03,1.03,100.0,"795 días sin compensar | 755 días sin transacciones | consumo cupo 103% | saldo expuesto $15,450,000 | mora operativa Mayor a 60 | aparece en castigados: Inactividad",Bloqueo/validación inmediata + gestión prioritaria,Enviar a recuperación/cartera prioritaria; no mezclar con alerta preventiva.
2026-05-02,66953,2026-04-30,BARRIO MATATIGRES BOGOTA 2,CERRADO CON SALDO,CERRADO CON SALDO,RECUPERACION,CUNDINAMARCA,BOGOTÁ,REDEBAN,0.4133702423132775,0.9826681771463042,Crítico,Crítico,Recuperación prioritaria,995,986,0,0,7034804.643258308,17018169.0,1.0,108.0,1.251335955882353,1.251335955882353,100.0,"108 días sin transacciones | consumo cupo 125% | saldo expuesto $17,018,169 | mora operativa Mayor a 60",Bloqueo/validación inmediata + gestión prioritaria,Enviar a recuperación/cartera prioritaria; no mezclar con alerta preventiva.
2026-05-02,11040,2026-04-30,ALBANIA - GUAJIRA,CERRADO CON SALDO,CERRADO CON SALDO,RECUPERACION,LA GUAJIRA,ALBANIA,REDEBAN,0.36713682022774624,0.9787069618576788,Crítico,Crítico,Recuperación prioritaria,996,987,0,0,7024544.767281716,19133315.92,1873.0,999.0,0.9566657960000001,0.9566657960000001,100.0,"1873 días sin compensar | 999 días sin transacciones | consumo cupo 96% | saldo expuesto $19,133,316 | mora operativa Mayor a 60",Bloqueo/validación inmediata + gestión prioritaria,Enviar a recuperación/cartera prioritaria; no mezclar con alerta preventiva.
2026-05-02,31011,2026-04-30,BARRIO BELLO CENTRO 4,CERRADO CON SALDO,CERRADO CON SALDO,RECUPERACION,ANTIOQUIA,BELLO,REDEBAN,0.5020033646370912,0.9881576058391088,Crítico,Crítico,Recuperación prioritaria,997,988,0,0,7020669.246809777,13985303.17,2407.0,999.0,0.6992651585,0.6992651585,100.0,"2407 días sin compensar | 999 días sin transacciones | saldo expuesto $13,985,303 | mora operativa Mayor a 60",Bloqueo/validación inmediata + gestión prioritaria,Enviar a recuperación/cartera prioritaria; no mezclar con alerta preventiva.
2026-05-02,26749,2026-04-30,BARRIO GUATAPE ALTOS VILLAVICENCIO,CERRADO CON SALDO,CERRADO CON SALDO,RECUPERACION,META,VILLAVICENCIO,REDEBAN,0.470065271744251,0.9864286337231786,Crítico,Crítico,Recuperación prioritaria,998,989,0,0,7016411.886275508,14926463.0,245.0,414.0,0.9950975333333333,0.9950975333333333,100.0,"245 días sin compensar | 414 días sin transacciones | consumo cupo 100% | saldo expuesto $14,926,463 | mora operativa Mayor a 60 | aparece en castigados: Confidencial",Bloqueo/validación inmediata + gestión prioritaria,Enviar a recuperación/cartera prioritaria; no mezclar con alerta preventiva.
2026-05-02,59976,2026-04-30,BARRIO LA GRANJA MONTERIA 15,CERRADO CON SALDO,CERRADO CON SALDO,RECUPERACION,CÓRDOBA,MONTERÍA,REDEBAN,0.564511133207529,0.9909469164211513,Crítico,Crítico,Recuperación prioritaria,999,990,0,0,7013946.960055037,12424816.0,1045.0,1094.0,1.2424816,1.2424816,100.0,"1045 días sin compensar | 1094 días sin transacciones | consumo cupo 124% | saldo expuesto $12,424,816 | mora operativa Mayor a 60",Bloqueo/validación inmediata + gestión prioritaria,Enviar a recuperación/cartera prioritaria; no mezclar con alerta preventiva.
2026-05-02,17279,2026-04-30,BARRIO GALAN III BOGOTA,CERRADO CON SALDO,CERRADO CON SALDO,RECUPERACION,CUNDINAMARCA,BOGOTÁ,REDEBAN,0.4682064852692132,0.9863203783634479,Crítico,Crítico,Recuperación prioritaria,1000,991,0,0,7012925.493145725,14978275.0,949.0,1117.0,1.4978275,1.4978275,100.0,"949 días sin compensar | 1117 días sin transacciones | consumo cupo 150% | saldo expuesto $14,978,275 | mora operativa Mayor a 60",Bloqueo/validación inmediata + gestión prioritaria,Enviar a recuperación/cartera prioritaria; no mezclar con alerta preventiva.
2026-05-02,61840,2026-04-30,BARRIO QUIRINAL NEIVA 3,CERRADO CON SALDO,CERRADO CON SALDO,RECUPERACION,HUILA,NEIVA,REDEBAN,0.4538887138988371,0.9854554008692736,Crítico,Crítico,Recuperación prioritaria,1001,992,0,0,7012182.569334944,15449123.0,1249.0,1190.0,1.5449123,1.5449123,100.0,"1249 días sin compensar | 1190 días sin transacciones | consumo cupo 154% | saldo expuesto $15,449,123 | mora operativa Mayor a 60",Bloqueo/validación inmediata + gestión prioritaria,Enviar a recuperación/cartera prioritaria; no mezclar con alerta preventiva.
2026-05-02,50471,2026-04-30,BARRIO CANADA LA PAZ,CERRADO CON SALDO,CERRADO CON SALDO,RECUPERACION,CESAR,LA PAZ,REDEBAN,0.4534115879177626,0.9854255932291677,Crítico,Crítico,Recuperación prioritaria,1002,993,0,0,7005001.824233754,15449543.0,241.0,999.0,1.0299695333333334,1.0299695333333334,100.0,"241 días sin compensar | 999 días sin transacciones | consumo cupo 103% | saldo expuesto $15,449,543 | mora operativa Mayor a 60",Bloqueo/validación inmediata + gestión prioritaria,Enviar a recuperación/cartera prioritaria; no mezclar con alerta preventiva.
2026-05-02,32673,2026-04-30,BARRIO SAN JOSE BOGOTA,CERRADO CON SALDO,CERRADO CON SALDO,RECUPERACION,CUNDINAMARCA,BOGOTÁ,REDEBAN,0.5237999162017531,0.9892104289028264,Crítico,Crítico,Recuperación prioritaria,1003,994,0,0,7003565.777759703,13370689.0,2543.0,999.0,0.8913792666666667,0.8913792666666667,100.0,"2543 días sin compensar | 999 días sin transacciones | consumo cupo 89% | saldo expuesto $13,370,689 | mora operativa Mayor a 60",Bloqueo/validación inmediata + gestión prioritaria,Enviar a recuperación/cartera prioritaria; no mezclar con alerta preventiva.
2026-05-02,27128,2026-04-30,BARRIO SAN ANTONIO RIONEGRO,CERRADO CON SALDO,CERRADO CON SALDO,RECUPERACION,ANTIOQUIA,RIONEGRO,REDEBAN,0.35025236035272506,0.9769917677902775,Crítico,Crítico,Recuperación prioritaria,1004,995,0,0,7000131.148985156,19985964.24,2885.0,999.0,0.9992982119999999,0.9992982119999999,100.0,"2885 días sin compensar | 999 días sin transacciones | consumo cupo 100% | saldo expuesto $19,985,964 | mora operativa Mayor a 60",Bloqueo/validación inmediata + gestión prioritaria,Enviar a recuperación/cartera prioritaria; no mezclar con alerta preventiva.
2026-05-02,58403,2026-04-30,BARRIO CENTRO TOCANCIPA 7,CERRADO CON SALDO,CERRADO CON SALDO,RECUPERACION,CUNDINAMARCA,TOCANCIPÁ,REDEBAN,0.4626224974798143,0.9859896904748563,Crítico,Crítico,Recuperación prioritaria,1005,996,0,0,6996674.894534863,15123940.0,387.0,939.0,1.0082626666666668,1.0082626666666668,100.0,"387 días sin compensar | 939 días sin transacciones | consumo cupo 101% | saldo expuesto $15,123,940 | mora operativa Mayor a 60",Bloqueo/validación inmediata + gestión prioritaria,Enviar a recuperación/cartera prioritaria; no mezclar con alerta preventiva.
2026-05-02,21448,2026-04-30,BARRIO LAS MALVINAS - BARRANQUILLA,CERRADO CON SALDO,CERRADO CON SALDO,RECUPERACION,ATLÁNTICO,BARRANQUILLA,REDEBAN,0.4694201098945675,0.9863911613238148,Crítico,Crítico,Recuperación prioritaria,1006,997,0,0,6994271.386448395,14899812.0,2685.0,999.0,0.9933208,0.9933208,100.0,"2685 días sin compensar | 999 días sin transacciones | consumo cupo 99% | saldo expuesto $14,899,812 | mora operativa Mayor a 60",Bloqueo/validación inmediata + gestión prioritaria,Enviar a recuperación/cartera prioritaria; no mezclar con alerta preventiva.
2026-05-02,25619,2026-04-30,VE:   BARRIO GAVIOTAS II -VILLAVICENCIO,CERRADO CON SALDO,CERRADO CON SALDO,RECUPERACION,META,VILLAVICENCIO,REDEBAN,0.47005137570874356,0.9864278277462158,Crítico,Crítico,Recuperación prioritaria,1007,998,0,0,6993969.627390509,14879160.0,172.0,989.0,0.991944,0.991944,100.0,"172 días sin compensar | 989 días sin transacciones | consumo cupo 99% | saldo expuesto $14,879,160 | mora operativa Mayor a 60",Bloqueo/validación inmediata + gestión prioritaria,Enviar a recuperación/cartera prioritaria; no mezclar con alerta preventiva.
2026-05-02,21705,2026-04-30,CENTRO CORDOBA BOLIVAR,CERRADO CON SALDO,CERRADO CON SALDO,RECUPERACION,BOLÍVAR,CÓRDOBA,REDEBAN,0.30256586839097155,0.971090306085749,Crítico,Crítico,Recuperación prioritaria,1008,999,0,0,6991866.9698505,23108578.0,744.0,999.0,0.8749934873154108,0.8749934873154108,100.0,"744 días sin compensar | 999 días sin transacciones | consumo cupo 87% | saldo expuesto $23,108,578 | mora operativa Mayor a 60",Bloqueo/validación inmediata + gestión prioritaria,Enviar a recuperación/cartera prioritaria; no mezclar con alerta preventiva.
2026-05-02,22494,2026-04-30,BARRIO MULTIFAMILIARES LOS CENTAUROS III - VILLAVICENCIO,CERRADO CON SALDO,CERRADO CON SALDO,RECUPERACION,META,VILLAVICENCIO,REDEBAN,0.4656903418276625,0.9861723974072127,Crítico,Crítico,Recuperación prioritaria,1009,1000,0,0,6985269.440392042,14999816.0,2585.0,999.0,0.9999877333333334,0.9999877333333334,100.0,"2585 días sin compensar | 999 días sin transacciones | consumo cupo 100% | saldo expuesto $14,999,816 | mora operativa Mayor a 60",Bloqueo/validación inmediata + gestión prioritaria,Enviar a recuperación/cartera prioritaria; no mezclar con alerta preventiva.
